lat,lon,country,state,cod_municipio,county,elevation_m,ano,yield (kg/ha)
-23.3018206318,-50.33872358404182,Brazil,Parana,4100103,Abatiá,609.72,2016,2.76
-23.3018206318,-50.33872358404182,Brazil,Parana,4100103,Abatiá,609.72,2017,3.48
-23.3018206318,-50.33872358404182,Brazil,Parana,4100103,Abatiá,609.72,2018,2.64
-23.3018206318,-50.33872358404182,Brazil,Parana,4100103,Abatiá,609.72,2019,3.48
-23.3018206318,-50.33872358404182,Brazil,Parana,4100103,Abatiá,609.72,2020,3.48
-23.3018206318,-50.33872358404182,Brazil,Parana,4100103,Abatiá,609.72,2021,2.713
-23.3018206318,-50.33872358404182,Brazil,Parana,4100103,Abatiá,609.72,2022,3.54
-23.3018206318,-50.33872358404182,Brazil,Parana,4100103,Abatiá,609.72,2023,3.6
-23.3018206318,-50.33872358404182,Brazil,Parana,4100103,Abatiá,609.72,2024,3.6
-24.7926509257,-48.80073944963009,Brazil,Parana,4100202,Adrianópolis,678.89,2023,3.5
-24.7926509257,-48.80073944963009,Brazil,Parana,4100202,Adrianópolis,678.89,2024,3.389
-26.0402650228,-49.30553369221313,Brazil,Parana,4100301,Agudos do Sul,849.62,2016,3.2
-26.0402650228,-49.30553369221313,Brazil,Parana,4100301,Agudos do Sul,849.62,2017,3.2
-26.0402650228,-49.30553369221313,Brazil,Parana,4100301,Agudos do Sul,849.62,2018,3.7
-26.0402650228,-49.30553369221313,Brazil,Parana,4100301,Agudos do Sul,849.62,2019,3.7
-26.0402650228,-49.30553369221313,Brazil,Parana,4100301,Agudos do Sul,849.62,2020,3.85
-26.0402650228,-49.30553369221313,Brazil,Parana,4100301,Agudos do Sul,849.62,2021,3.45
-26.0402650228,-49.30553369221313,Brazil,Parana,4100301,Agudos do Sul,849.62,2022,3.85
-26.0402650228,-49.30553369221313,Brazil,Parana,4100301,Agudos do Sul,849.62,2023,3.36
-26.0402650228,-49.30553369221313,Brazil,Parana,4100301,Agudos do Sul,849.62,2024,3.22
-25.30208112245,-49.32752829995356,Brazil,Parana,4100400,Almirante Tamandaré,905.85,2016,3.0
-25.30208112245,-49.32752829995356,Brazil,Parana,4100400,Almirante Tamandaré,905.85,2018,3.42
-25.30208112245,-49.32752829995356,Brazil,Parana,4100400,Almirante Tamandaré,905.85,2019,3.467
-25.30208112245,-49.32752829995356,Brazil,Parana,4100400,Almirante Tamandaré,905.85,2020,3.542
-25.30208112245,-49.32752829995356,Brazil,Parana,4100400,Almirante Tamandaré,905.85,2021,3.347
-25.30208112245,-49.32752829995356,Brazil,Parana,4100400,Almirante Tamandaré,905.85,2022,3.532
-25.30208112245,-49.32752829995356,Brazil,Parana,4100400,Almirante Tamandaré,905.85,2023,3.7
-25.30208112245,-49.32752829995356,Brazil,Parana,4100400,Almirante Tamandaré,905.85,2024,3.23
-24.82416966225,-52.67131991530654,Brazil,Parana,4100459,Altamira do Paraná,636.07,2016,2.871
-24.82416966225,-52.67131991530654,Brazil,Parana,4100459,Altamira do Paraná,636.07,2017,3.818
-24.82416966225,-52.67131991530654,Brazil,Parana,4100459,Altamira do Paraná,636.07,2018,3.72
-24.82416966225,-52.67131991530654,Brazil,Parana,4100459,Altamira do Paraná,636.07,2019,3.32
-24.82416966225,-52.67131991530654,Brazil,Parana,4100459,Altamira do Paraná,636.07,2020,3.47
-24.82416966225,-52.67131991530654,Brazil,Parana,4100459,Altamira do Paraná,636.07,2021,3.4
-24.82416966225,-52.67131991530654,Brazil,Parana,4100459,Altamira do Paraná,636.07,2022,2.3
-24.82416966225,-52.67131991530654,Brazil,Parana,4100459,Altamira do Paraná,636.07,2023,3.5
-24.82416966225,-52.67131991530654,Brazil,Parana,4100459,Altamira do Paraná,636.07,2024,3.5
-23.9121037869,-53.91654909198218,Brazil,Parana,4100509,Altônia,315.06,2016,2.78
-23.9121037869,-53.91654909198218,Brazil,Parana,4100509,Altônia,315.06,2017,2.9
-23.9121037869,-53.91654909198218,Brazil,Parana,4100509,Altônia,315.06,2018,3.4
-23.9121037869,-53.91654909198218,Brazil,Parana,4100509,Altônia,315.06,2019,1.9
-23.9121037869,-53.91654909198218,Brazil,Parana,4100509,Altônia,315.06,2020,3.5
-23.9121037869,-53.91654909198218,Brazil,Parana,4100509,Altônia,315.06,2021,3.0
-23.9121037869,-53.91654909198218,Brazil,Parana,4100509,Altônia,315.06,2022,0.5
-23.9121037869,-53.91654909198218,Brazil,Parana,4100509,Altônia,315.06,2023,3.3
-23.9121037869,-53.91654909198218,Brazil,Parana,4100509,Altônia,315.06,2024,2.5
-23.07368426745,-52.30988392514965,Brazil,Parana,4100608,Alto Paraná,425.62,2016,2.221
-23.07368426745,-52.30988392514965,Brazil,Parana,4100608,Alto Paraná,425.62,2017,2.98
-23.07368426745,-52.30988392514965,Brazil,Parana,4100608,Alto Paraná,425.62,2018,2.8
-23.07368426745,-52.30988392514965,Brazil,Parana,4100608,Alto Paraná,425.62,2019,1.7
-23.07368426745,-52.30988392514965,Brazil,Parana,4100608,Alto Paraná,425.62,2020,2.751
-23.07368426745,-52.30988392514965,Brazil,Parana,4100608,Alto Paraná,425.62,2021,2.8
-23.07368426745,-52.30988392514965,Brazil,Parana,4100608,Alto Paraná,425.62,2022,1.363
-23.07368426745,-52.30988392514965,Brazil,Parana,4100608,Alto Paraná,425.62,2023,3.471
-23.07368426745,-52.30988392514965,Brazil,Parana,4100608,Alto Paraná,425.62,2024,1.983
-24.08985099,-53.39322993027049,Brazil,Parana,4100707,Alto Piquiri,408.68,2016,2.589
-24.08985099,-53.39322993027049,Brazil,Parana,4100707,Alto Piquiri,408.68,2017,3.7
-24.08985099,-53.39322993027049,Brazil,Parana,4100707,Alto Piquiri,408.68,2018,3.7
-24.08985099,-53.39322993027049,Brazil,Parana,4100707,Alto Piquiri,408.68,2019,2.4
-24.08985099,-53.39322993027049,Brazil,Parana,4100707,Alto Piquiri,408.68,2020,3.2
-24.08985099,-53.39322993027049,Brazil,Parana,4100707,Alto Piquiri,408.68,2021,3.25
-24.08985099,-53.39322993027049,Brazil,Parana,4100707,Alto Piquiri,408.68,2022,1.7
-24.08985099,-53.39322993027049,Brazil,Parana,4100707,Alto Piquiri,408.68,2023,4.0
-24.08985099,-53.39322993027049,Brazil,Parana,4100707,Alto Piquiri,408.68,2024,2.8
-22.81783799815,-51.23820865857137,Brazil,Parana,4100806,Alvorada do Sul,454.93,2016,2.45
-22.81783799815,-51.23820865857137,Brazil,Parana,4100806,Alvorada do Sul,454.93,2017,3.423
-22.81783799815,-51.23820865857137,Brazil,Parana,4100806,Alvorada do Sul,454.93,2018,3.403
-22.81783799815,-51.23820865857137,Brazil,Parana,4100806,Alvorada do Sul,454.93,2019,1.9
-22.81783799815,-51.23820865857137,Brazil,Parana,4100806,Alvorada do Sul,454.93,2020,3.15
-22.81783799815,-51.23820865857137,Brazil,Parana,4100806,Alvorada do Sul,454.93,2021,2.6
-22.81783799815,-51.23820865857137,Brazil,Parana,4100806,Alvorada do Sul,454.93,2022,3.5
-22.81783799815,-51.23820865857137,Brazil,Parana,4100806,Alvorada do Sul,454.93,2023,3.902
-22.81783799815,-51.23820865857137,Brazil,Parana,4100806,Alvorada do Sul,454.93,2024,1.45
-23.1385541118,-52.83453648639856,Brazil,Parana,4100905,Amaporã,328.34,2016,2.76
-23.1385541118,-52.83453648639856,Brazil,Parana,4100905,Amaporã,328.34,2017,3.0
-23.1385541118,-52.83453648639856,Brazil,Parana,4100905,Amaporã,328.34,2018,3.0
-23.1385541118,-52.83453648639856,Brazil,Parana,4100905,Amaporã,328.34,2019,2.866
-23.1385541118,-52.83453648639856,Brazil,Parana,4100905,Amaporã,328.34,2020,2.141
-23.1385541118,-52.83453648639856,Brazil,Parana,4100905,Amaporã,328.34,2021,2.8
-23.1385541118,-52.83453648639856,Brazil,Parana,4100905,Amaporã,328.34,2022,0.84
-23.1385541118,-52.83453648639856,Brazil,Parana,4100905,Amaporã,328.34,2023,3.2
-23.1385541118,-52.83453648639856,Brazil,Parana,4100905,Amaporã,328.34,2024,2.308
-25.90855172825,-53.49321574031909,Brazil,Parana,4101002,Ampére,492.74,2016,3.48
-25.90855172825,-53.49321574031909,Brazil,Parana,4101002,Ampére,492.74,2017,3.8
-25.90855172825,-53.49321574031909,Brazil,Parana,4101002,Ampére,492.74,2018,3.72
-25.90855172825,-53.49321574031909,Brazil,Parana,4101002,Ampére,492.74,2019,3.3
-25.90855172825,-53.49321574031909,Brazil,Parana,4101002,Ampére,492.74,2020,4.2
-25.90855172825,-53.49321574031909,Brazil,Parana,4101002,Ampére,492.74,2021,4.0
-25.90855172825,-53.49321574031909,Brazil,Parana,4101002,Ampére,492.74,2022,0.8
-25.90855172825,-53.49321574031909,Brazil,Parana,4101002,Ampére,492.74,2023,3.9
-25.90855172825,-53.49321574031909,Brazil,Parana,4101002,Ampére,492.74,2024,4.0
-24.6390796333,-53.14182364075852,Brazil,Parana,4101051,Anahy,445.62,2016,4.091
-24.6390796333,-53.14182364075852,Brazil,Parana,4101051,Anahy,445.62,2017,3.644
-24.6390796333,-53.14182364075852,Brazil,Parana,4101051,Anahy,445.62,2018,3.644
-24.6390796333,-53.14182364075852,Brazil,Parana,4101051,Anahy,445.62,2019,3.471
-24.6390796333,-53.14182364075852,Brazil,Parana,4101051,Anahy,445.62,2020,3.619
-24.6390796333,-53.14182364075852,Brazil,Parana,4101051,Anahy,445.62,2021,3.217
-24.6390796333,-53.14182364075852,Brazil,Parana,4101051,Anahy,445.62,2022,1.893
-24.6390796333,-53.14182364075852,Brazil,Parana,4101051,Anahy,445.62,2023,3.33
-24.6390796333,-53.14182364075852,Brazil,Parana,4101051,Anahy,445.62,2024,3.299
-23.02220865225,-50.27507231096658,Brazil,Parana,4101101,Andirá,482.82,2016,3.077
-23.02220865225,-50.27507231096658,Brazil,Parana,4101101,Andirá,482.82,2017,3.462
-23.02220865225,-50.27507231096658,Brazil,Parana,4101101,Andirá,482.82,2018,4.615
-23.02220865225,-50.27507231096658,Brazil,Parana,4101101,Andirá,482.82,2019,2.889
-23.02220865225,-50.27507231096658,Brazil,Parana,4101101,Andirá,482.82,2020,3.18
-23.02220865225,-50.27507231096658,Brazil,Parana,4101101,Andirá,482.82,2021,3.033
-23.02220865225,-50.27507231096658,Brazil,Parana,4101101,Andirá,482.82,2022,3.54
-23.02220865225,-50.27507231096658,Brazil,Parana,4101101,Andirá,482.82,2023,3.72
-23.02220865225,-50.27507231096658,Brazil,Parana,4101101,Andirá,482.82,2024,3.72
-23.1974755395,-51.91994824142331,Brazil,Parana,4101150,Ângulo,442.02,2016,3.05
-23.1974755395,-51.91994824142331,Brazil,Parana,4101150,Ângulo,442.02,2017,3.47
-23.1974755395,-51.91994824142331,Brazil,Parana,4101150,Ângulo,442.02,2018,3.4
-23.1974755395,-51.91994824142331,Brazil,Parana,4101150,Ângulo,442.02,2019,2.6
-23.1974755395,-51.91994824142331,Brazil,Parana,4101150,Ângulo,442.02,2020,3.3
-23.1974755395,-51.91994824142331,Brazil,Parana,4101150,Ângulo,442.02,2021,2.975
-23.1974755395,-51.91994824142331,Brazil,Parana,4101150,Ângulo,442.02,2022,1.36
-23.1974755395,-51.91994824142331,Brazil,Parana,4101150,Ângulo,442.02,2023,4.2
-23.1974755395,-51.91994824142331,Brazil,Parana,4101150,Ângulo,442.02,2024,2.5
-25.9445149088,-50.10309234303714,Brazil,Parana,4101309,Antônio Olinto,841.6,2016,3.264
-25.9445149088,-50.10309234303714,Brazil,Parana,4101309,Antônio Olinto,841.6,2017,3.5
-25.9445149088,-50.10309234303714,Brazil,Parana,4101309,Antônio Olinto,841.6,2018,3.5
-25.9445149088,-50.10309234303714,Brazil,Parana,4101309,Antônio Olinto,841.6,2019,3.5
-25.9445149088,-50.10309234303714,Brazil,Parana,4101309,Antônio Olinto,841.6,2020,3.524
-25.9445149088,-50.10309234303714,Brazil,Parana,4101309,Antônio Olinto,841.6,2021,3.5
-25.9445149088,-50.10309234303714,Brazil,Parana,4101309,Antônio Olinto,841.6,2022,2.79
-25.9445149088,-50.10309234303714,Brazil,Parana,4101309,Antônio Olinto,841.6,2023,2.79
-25.9445149088,-50.10309234303714,Brazil,Parana,4101309,Antônio Olinto,841.6,2024,2.8
-23.5779549371,-51.39391165671515,Brazil,Parana,4101408,Apucarana,631.22,2016,2.65
-23.5779549371,-51.39391165671515,Brazil,Parana,4101408,Apucarana,631.22,2017,3.6
-23.5779549371,-51.39391165671515,Brazil,Parana,4101408,Apucarana,631.22,2018,3.5
-23.5779549371,-51.39391165671515,Brazil,Parana,4101408,Apucarana,631.22,2019,3.173
-23.5779549371,-51.39391165671515,Brazil,Parana,4101408,Apucarana,631.22,2020,3.9
-23.5779549371,-51.39391165671515,Brazil,Parana,4101408,Apucarana,631.22,2021,3.85
-23.5779549371,-51.39391165671515,Brazil,Parana,4101408,Apucarana,631.22,2022,3.15
-23.5779549371,-51.39391165671515,Brazil,Parana,4101408,Apucarana,631.22,2023,3.5
-23.5779549371,-51.39391165671515,Brazil,Parana,4101408,Apucarana,631.22,2024,3.5
-23.44663196405,-51.43737803510319,Brazil,Parana,4101507,Arapongas,631.22,2016,2.3
-23.44663196405,-51.43737803510319,Brazil,Parana,4101507,Arapongas,631.22,2017,3.7
-23.44663196405,-51.43737803510319,Brazil,Parana,4101507,Arapongas,631.22,2018,3.4
-23.44663196405,-51.43737803510319,Brazil,Parana,4101507,Arapongas,631.22,2019,3.0
-23.44663196405,-51.43737803510319,Brazil,Parana,4101507,Arapongas,631.22,2020,3.6
-23.44663196405,-51.43737803510319,Brazil,Parana,4101507,Arapongas,631.22,2021,3.75
-23.44663196405,-51.43737803510319,Brazil,Parana,4101507,Arapongas,631.22,2022,3.35
-23.44663196405,-51.43737803510319,Brazil,Parana,4101507,Arapongas,631.22,2023,3.75
-23.44663196405,-51.43737803510319,Brazil,Parana,4101507,Arapongas,631.22,2024,3.1
-24.0718785919,-49.93456329420147,Brazil,Parana,4101606,Arapoti,741.43,2016,3.371
-24.0718785919,-49.93456329420147,Brazil,Parana,4101606,Arapoti,741.43,2017,4.0
-24.0718785919,-49.93456329420147,Brazil,Parana,4101606,Arapoti,741.43,2018,3.75
-24.0718785919,-49.93456329420147,Brazil,Parana,4101606,Arapoti,741.43,2019,3.4
-24.0718785919,-49.93456329420147,Brazil,Parana,4101606,Arapoti,741.43,2020,3.985
-24.0718785919,-49.93456329420147,Brazil,Parana,4101606,Arapoti,741.43,2021,3.833
-24.0718785919,-49.93456329420147,Brazil,Parana,4101606,Arapoti,741.43,2022,3.94
-24.0718785919,-49.93456329420147,Brazil,Parana,4101606,Arapoti,741.43,2023,4.133
-24.0718785919,-49.93456329420147,Brazil,Parana,4101606,Arapoti,741.43,2024,3.691
-24.3276744619,-51.84371764632883,Brazil,Parana,4101655,Arapuã,715.32,2016,2.35
-24.3276744619,-51.84371764632883,Brazil,Parana,4101655,Arapuã,715.32,2017,3.5
-24.3276744619,-51.84371764632883,Brazil,Parana,4101655,Arapuã,715.32,2018,3.6
-24.3276744619,-51.84371764632883,Brazil,Parana,4101655,Arapuã,715.32,2019,3.06
-24.3276744619,-51.84371764632883,Brazil,Parana,4101655,Arapuã,715.32,2020,4.215
-24.3276744619,-51.84371764632883,Brazil,Parana,4101655,Arapuã,715.32,2021,3.387
-24.3276744619,-51.84371764632883,Brazil,Parana,4101655,Arapuã,715.32,2022,1.735
-24.3276744619,-51.84371764632883,Brazil,Parana,4101655,Arapuã,715.32,2023,3.349
-24.3276744619,-51.84371764632883,Brazil,Parana,4101655,Arapuã,715.32,2024,2.975
-23.92558801785,-52.5135993308897,Brazil,Parana,4101705,Araruna,531.27,2016,2.834
-23.92558801785,-52.5135993308897,Brazil,Parana,4101705,Araruna,531.27,2017,3.6
-23.92558801785,-52.5135993308897,Brazil,Parana,4101705,Araruna,531.27,2018,3.4
-23.92558801785,-52.5135993308897,Brazil,Parana,4101705,Araruna,531.27,2019,2.73
-23.92558801785,-52.5135993308897,Brazil,Parana,4101705,Araruna,531.27,2020,3.4
-23.92558801785,-52.5135993308897,Brazil,Parana,4101705,Araruna,531.27,2021,3.2
-23.92558801785,-52.5135993308897,Brazil,Parana,4101705,Araruna,531.27,2022,0.95
-23.92558801785,-52.5135993308897,Brazil,Parana,4101705,Araruna,531.27,2023,3.8
-23.92558801785,-52.5135993308897,Brazil,Parana,4101705,Araruna,531.27,2024,2.66
-25.627353264,-49.45025447589494,Brazil,Parana,4101804,Araucária,905.85,2016,3.595
-25.627353264,-49.45025447589494,Brazil,Parana,4101804,Araucária,905.85,2017,3.7
-25.627353264,-49.45025447589494,Brazil,Parana,4101804,Araucária,905.85,2018,3.9
-25.627353264,-49.45025447589494,Brazil,Parana,4101804,Araucária,905.85,2019,3.845
-25.627353264,-49.45025447589494,Brazil,Parana,4101804,Araucária,905.85,2020,3.91
-25.627353264,-49.45025447589494,Brazil,Parana,4101804,Araucária,905.85,2021,3.71
-25.627353264,-49.45025447589494,Brazil,Parana,4101804,Araucária,905.85,2022,3.58
-25.627353264,-49.45025447589494,Brazil,Parana,4101804,Araucária,905.85,2023,3.9
-25.627353264,-49.45025447589494,Brazil,Parana,4101804,Araucária,905.85,2024,3.32
-24.3776975891,-51.54427771729035,Brazil,Parana,4101853,Ariranha do Ivaí,681.15,2016,2.23
-24.3776975891,-51.54427771729035,Brazil,Parana,4101853,Ariranha do Ivaí,681.15,2017,3.5
-24.3776975891,-51.54427771729035,Brazil,Parana,4101853,Ariranha do Ivaí,681.15,2018,3.6
-24.3776975891,-51.54427771729035,Brazil,Parana,4101853,Ariranha do Ivaí,681.15,2019,3.06
-24.3776975891,-51.54427771729035,Brazil,Parana,4101853,Ariranha do Ivaí,681.15,2020,4.462
-24.3776975891,-51.54427771729035,Brazil,Parana,4101853,Ariranha do Ivaí,681.15,2021,3.26
-24.3776975891,-51.54427771729035,Brazil,Parana,4101853,Ariranha do Ivaí,681.15,2022,1.64
-24.3776975891,-51.54427771729035,Brazil,Parana,4101853,Ariranha do Ivaí,681.15,2023,3.18
-24.3776975891,-51.54427771729035,Brazil,Parana,4101853,Ariranha do Ivaí,681.15,2024,2.975
-23.4185572974,-50.87852366430367,Brazil,Parana,4101903,Assaí,609.72,2016,2.58
-23.4185572974,-50.87852366430367,Brazil,Parana,4101903,Assaí,609.72,2017,3.263
-23.4185572974,-50.87852366430367,Brazil,Parana,4101903,Assaí,609.72,2018,3.12
-23.4185572974,-50.87852366430367,Brazil,Parana,4101903,Assaí,609.72,2019,2.975
-23.4185572974,-50.87852366430367,Brazil,Parana,4101903,Assaí,609.72,2020,3.48
-23.4185572974,-50.87852366430367,Brazil,Parana,4101903,Assaí,609.72,2021,3.35
-23.4185572974,-50.87852366430367,Brazil,Parana,4101903,Assaí,609.72,2022,3.157
-23.4185572974,-50.87852366430367,Brazil,Parana,4101903,Assaí,609.72,2023,3.157
-23.4185572974,-50.87852366430367,Brazil,Parana,4101903,Assaí,609.72,2024,1.86
-24.44583839175,-53.57790187443717,Brazil,Parana,4102000,Assis Chateaubriand,430.2,2016,3.42
-24.44583839175,-53.57790187443717,Brazil,Parana,4102000,Assis Chateaubriand,430.2,2017,3.967
-24.44583839175,-53.57790187443717,Brazil,Parana,4102000,Assis Chateaubriand,430.2,2018,3.48
-24.44583839175,-53.57790187443717,Brazil,Parana,4102000,Assis Chateaubriand,430.2,2019,2.2
-24.44583839175,-53.57790187443717,Brazil,Parana,4102000,Assis Chateaubriand,430.2,2020,3.7
-24.44583839175,-53.57790187443717,Brazil,Parana,4102000,Assis Chateaubriand,430.2,2021,3.25
-24.44583839175,-53.57790187443717,Brazil,Parana,4102000,Assis Chateaubriand,430.2,2022,0.65
-24.44583839175,-53.57790187443717,Brazil,Parana,4102000,Assis Chateaubriand,430.2,2023,3.5
-24.44583839175,-53.57790187443717,Brazil,Parana,4102000,Assis Chateaubriand,430.2,2024,3.225
-23.23866340155,-51.69412541470699,Brazil,Parana,4102109,Astorga,442.02,2016,2.35
-23.23866340155,-51.69412541470699,Brazil,Parana,4102109,Astorga,442.02,2017,3.72
-23.23866340155,-51.69412541470699,Brazil,Parana,4102109,Astorga,442.02,2018,3.7
-23.23866340155,-51.69412541470699,Brazil,Parana,4102109,Astorga,442.02,2019,2.75
-23.23866340155,-51.69412541470699,Brazil,Parana,4102109,Astorga,442.02,2020,3.65
-23.23866340155,-51.69412541470699,Brazil,Parana,4102109,Astorga,442.02,2021,3.39
-23.23866340155,-51.69412541470699,Brazil,Parana,4102109,Astorga,442.02,2022,3.5
-23.23866340155,-51.69412541470699,Brazil,Parana,4102109,Astorga,442.02,2023,4.004
-23.23866340155,-51.69412541470699,Brazil,Parana,4102109,Astorga,442.02,2024,2.522
-23.1268797993,-52.07614905683032,Brazil,Parana,4102208,Atalaia,442.02,2016,2.85
-23.1268797993,-52.07614905683032,Brazil,Parana,4102208,Atalaia,442.02,2017,3.65
-23.1268797993,-52.07614905683032,Brazil,Parana,4102208,Atalaia,442.02,2018,3.6
-23.1268797993,-52.07614905683032,Brazil,Parana,4102208,Atalaia,442.02,2019,2.43
-23.1268797993,-52.07614905683032,Brazil,Parana,4102208,Atalaia,442.02,2020,3.4
-23.1268797993,-52.07614905683032,Brazil,Parana,4102208,Atalaia,442.02,2021,2.5
-23.1268797993,-52.07614905683032,Brazil,Parana,4102208,Atalaia,442.02,2022,1.1
-23.1268797993,-52.07614905683032,Brazil,Parana,4102208,Atalaia,442.02,2023,4.09
-23.1268797993,-52.07614905683032,Brazil,Parana,4102208,Atalaia,442.02,2024,2.727
-25.49272857775,-49.69135318985162,Brazil,Parana,4102307,Balsa Nova,866.52,2016,3.6
-25.49272857775,-49.69135318985162,Brazil,Parana,4102307,Balsa Nova,866.52,2017,3.6
-25.49272857775,-49.69135318985162,Brazil,Parana,4102307,Balsa Nova,866.52,2018,3.92
-25.49272857775,-49.69135318985162,Brazil,Parana,4102307,Balsa Nova,866.52,2019,3.92
-25.49272857775,-49.69135318985162,Brazil,Parana,4102307,Balsa Nova,866.52,2020,3.986
-25.49272857775,-49.69135318985162,Brazil,Parana,4102307,Balsa Nova,866.52,2021,3.782
-25.49272857775,-49.69135318985162,Brazil,Parana,4102307,Balsa Nova,866.52,2022,3.68
-25.49272857775,-49.69135318985162,Brazil,Parana,4102307,Balsa Nova,866.52,2023,4.1
-25.49272857775,-49.69135318985162,Brazil,Parana,4102307,Balsa Nova,866.52,2024,3.5
-23.15557627465,-50.34110285920418,Brazil,Parana,4102406,Bandeirantes,453.47,2016,3.2
-23.15557627465,-50.34110285920418,Brazil,Parana,4102406,Bandeirantes,453.47,2017,3.2
-23.15557627465,-50.34110285920418,Brazil,Parana,4102406,Bandeirantes,453.47,2018,3.12
-23.15557627465,-50.34110285920418,Brazil,Parana,4102406,Bandeirantes,453.47,2019,2.7
-23.15557627465,-50.34110285920418,Brazil,Parana,4102406,Bandeirantes,453.47,2020,3.3
-23.15557627465,-50.34110285920418,Brazil,Parana,4102406,Bandeirantes,453.47,2021,3.3
-23.15557627465,-50.34110285920418,Brazil,Parana,4102406,Bandeirantes,453.47,2022,2.88
-23.15557627465,-50.34110285920418,Brazil,Parana,4102406,Bandeirantes,453.47,2023,3.714
-23.15557627465,-50.34110285920418,Brazil,Parana,4102406,Bandeirantes,453.47,2024,1.799
-24.0725720543,-52.01095027237064,Brazil,Parana,4102505,Barbosa Ferraz,435.58,2016,2.68
-24.0725720543,-52.01095027237064,Brazil,Parana,4102505,Barbosa Ferraz,435.58,2017,3.552
-24.0725720543,-52.01095027237064,Brazil,Parana,4102505,Barbosa Ferraz,435.58,2018,3.2
-24.0725720543,-52.01095027237064,Brazil,Parana,4102505,Barbosa Ferraz,435.58,2019,2.6
-24.0725720543,-52.01095027237064,Brazil,Parana,4102505,Barbosa Ferraz,435.58,2020,3.55
-24.0725720543,-52.01095027237064,Brazil,Parana,4102505,Barbosa Ferraz,435.58,2021,3.6
-24.0725720543,-52.01095027237064,Brazil,Parana,4102505,Barbosa Ferraz,435.58,2022,0.66
-24.0725720543,-52.01095027237064,Brazil,Parana,4102505,Barbosa Ferraz,435.58,2023,3.9
-24.0725720543,-52.01095027237064,Brazil,Parana,4102505,Barbosa Ferraz,435.58,2024,2.88
-26.25088796035,-53.54650531463223,Brazil,Parana,4102604,Barracão,533.01,2016,3.45
-26.25088796035,-53.54650531463223,Brazil,Parana,4102604,Barracão,533.01,2017,3.6
-26.25088796035,-53.54650531463223,Brazil,Parana,4102604,Barracão,533.01,2018,3.8
-26.25088796035,-53.54650531463223,Brazil,Parana,4102604,Barracão,533.01,2019,3.5
-26.25088796035,-53.54650531463223,Brazil,Parana,4102604,Barracão,533.01,2020,4.5
-26.25088796035,-53.54650531463223,Brazil,Parana,4102604,Barracão,533.01,2021,4.0
-26.25088796035,-53.54650531463223,Brazil,Parana,4102604,Barracão,533.01,2022,1.62
-26.25088796035,-53.54650531463223,Brazil,Parana,4102604,Barracão,533.01,2023,4.0
-26.25088796035,-53.54650531463223,Brazil,Parana,4102604,Barracão,533.01,2024,3.9
-23.1072098969,-50.14699777092659,Brazil,Parana,4102703,Barra do Jacaré,482.82,2016,3.4
-23.1072098969,-50.14699777092659,Brazil,Parana,4102703,Barra do Jacaré,482.82,2017,3.469
-23.1072098969,-50.14699777092659,Brazil,Parana,4102703,Barra do Jacaré,482.82,2018,3.392
-23.1072098969,-50.14699777092659,Brazil,Parana,4102703,Barra do Jacaré,482.82,2019,2.294
-23.1072098969,-50.14699777092659,Brazil,Parana,4102703,Barra do Jacaré,482.82,2020,3.2
-23.1072098969,-50.14699777092659,Brazil,Parana,4102703,Barra do Jacaré,482.82,2021,3.87
-23.1072098969,-50.14699777092659,Brazil,Parana,4102703,Barra do Jacaré,482.82,2022,3.7
-23.1072098969,-50.14699777092659,Brazil,Parana,4102703,Barra do Jacaré,482.82,2023,3.65
-23.1072098969,-50.14699777092659,Brazil,Parana,4102703,Barra do Jacaré,482.82,2024,3.65
-25.8850874611,-53.6317688579107,Brazil,Parana,4102752,Bela Vista da Caroba,492.74,2016,3.487
-25.8850874611,-53.6317688579107,Brazil,Parana,4102752,Bela Vista da Caroba,492.74,2017,3.5
-25.8850874611,-53.6317688579107,Brazil,Parana,4102752,Bela Vista da Caroba,492.74,2018,3.7
-25.8850874611,-53.6317688579107,Brazil,Parana,4102752,Bela Vista da Caroba,492.74,2019,2.99
-25.8850874611,-53.6317688579107,Brazil,Parana,4102752,Bela Vista da Caroba,492.74,2020,4.0
-25.8850874611,-53.6317688579107,Brazil,Parana,4102752,Bela Vista da Caroba,492.74,2021,3.9
-25.8850874611,-53.6317688579107,Brazil,Parana,4102752,Bela Vista da Caroba,492.74,2022,0.72
-25.8850874611,-53.6317688579107,Brazil,Parana,4102752,Bela Vista da Caroba,492.74,2023,3.9
-25.8850874611,-53.6317688579107,Brazil,Parana,4102752,Bela Vista da Caroba,492.74,2024,3.2
-23.0060412714,-51.24548090606362,Brazil,Parana,4102802,Bela Vista do Paraíso,454.93,2016,2.6
-23.0060412714,-51.24548090606362,Brazil,Parana,4102802,Bela Vista do Paraíso,454.93,2017,3.65
-23.0060412714,-51.24548090606362,Brazil,Parana,4102802,Bela Vista do Paraíso,454.93,2018,3.5
-23.0060412714,-51.24548090606362,Brazil,Parana,4102802,Bela Vista do Paraíso,454.93,2019,2.5
-23.0060412714,-51.24548090606362,Brazil,Parana,4102802,Bela Vista do Paraíso,454.93,2020,3.25
-23.0060412714,-51.24548090606362,Brazil,Parana,4102802,Bela Vista do Paraíso,454.93,2021,3.1
-23.0060412714,-51.24548090606362,Brazil,Parana,4102802,Bela Vista do Paraíso,454.93,2022,2.967
-23.0060412714,-51.24548090606362,Brazil,Parana,4102802,Bela Vista do Paraíso,454.93,2023,2.967
-23.0060412714,-51.24548090606362,Brazil,Parana,4102802,Bela Vista do Paraíso,454.93,2024,3.6
-26.1462959025,-51.49602902723144,Brazil,Parana,4102901,Bituruna,992.97,2016,2.6
-26.1462959025,-51.49602902723144,Brazil,Parana,4102901,Bituruna,992.97,2017,2.95
-26.1462959025,-51.49602902723144,Brazil,Parana,4102901,Bituruna,992.97,2018,2.889
-26.1462959025,-51.49602902723144,Brazil,Parana,4102901,Bituruna,992.97,2019,2.815
-26.1462959025,-51.49602902723144,Brazil,Parana,4102901,Bituruna,992.97,2020,3.2
-26.1462959025,-51.49602902723144,Brazil,Parana,4102901,Bituruna,992.97,2021,2.781
-26.1462959025,-51.49602902723144,Brazil,Parana,4102901,Bituruna,992.97,2022,2.429
-26.1462959025,-51.49602902723144,Brazil,Parana,4102901,Bituruna,992.97,2023,2.895
-26.1462959025,-51.49602902723144,Brazil,Parana,4102901,Bituruna,992.97,2024,2.8
-24.26421555045,-52.73206054346257,Brazil,Parana,4103008,Boa Esperança,607.89,2016,3.466
-24.26421555045,-52.73206054346257,Brazil,Parana,4103008,Boa Esperança,607.89,2017,3.917
-24.26421555045,-52.73206054346257,Brazil,Parana,4103008,Boa Esperança,607.89,2018,3.8
-24.26421555045,-52.73206054346257,Brazil,Parana,4103008,Boa Esperança,607.89,2019,3.35
-24.26421555045,-52.73206054346257,Brazil,Parana,4103008,Boa Esperança,607.89,2020,3.9
-24.26421555045,-52.73206054346257,Brazil,Parana,4103008,Boa Esperança,607.89,2021,3.6
-24.26421555045,-52.73206054346257,Brazil,Parana,4103008,Boa Esperança,607.89,2022,2.1
-24.26421555045,-52.73206054346257,Brazil,Parana,4103008,Boa Esperança,607.89,2023,4.34
-24.26421555045,-52.73206054346257,Brazil,Parana,4103008,Boa Esperança,607.89,2024,2.977
-25.6335563997,-53.23576225076511,Brazil,Parana,4103024,Boa Esperança do Iguaçu,504.0,2016,3.023
-25.6335563997,-53.23576225076511,Brazil,Parana,4103024,Boa Esperança do Iguaçu,504.0,2017,3.72
-25.6335563997,-53.23576225076511,Brazil,Parana,4103024,Boa Esperança do Iguaçu,504.0,2018,3.6
-25.6335563997,-53.23576225076511,Brazil,Parana,4103024,Boa Esperança do Iguaçu,504.0,2019,2.5
-25.6335563997,-53.23576225076511,Brazil,Parana,4103024,Boa Esperança do Iguaçu,504.0,2020,3.823
-25.6335563997,-53.23576225076511,Brazil,Parana,4103024,Boa Esperança do Iguaçu,504.0,2021,3.938
-25.6335563997,-53.23576225076511,Brazil,Parana,4103024,Boa Esperança do Iguaçu,504.0,2022,1.023
-25.6335563997,-53.23576225076511,Brazil,Parana,4103024,Boa Esperança do Iguaçu,504.0,2023,4.389
-25.6335563997,-53.23576225076511,Brazil,Parana,4103024,Boa Esperança do Iguaçu,504.0,2024,3.445
-24.82995084745,-51.53236126581642,Brazil,Parana,4103040,Boa Ventura de São Roque,846.04,2016,3.2
-24.82995084745,-51.53236126581642,Brazil,Parana,4103040,Boa Ventura de São Roque,846.04,2017,3.596
-24.82995084745,-51.53236126581642,Brazil,Parana,4103040,Boa Ventura de São Roque,846.04,2018,3.3
-24.82995084745,-51.53236126581642,Brazil,Parana,4103040,Boa Ventura de São Roque,846.04,2019,3.296
-24.82995084745,-51.53236126581642,Brazil,Parana,4103040,Boa Ventura de São Roque,846.04,2020,3.55
-24.82995084745,-51.53236126581642,Brazil,Parana,4103040,Boa Ventura de São Roque,846.04,2021,3.61
-24.82995084745,-51.53236126581642,Brazil,Parana,4103040,Boa Ventura de São Roque,846.04,2022,3.25
-24.82995084745,-51.53236126581642,Brazil,Parana,4103040,Boa Ventura de São Roque,846.04,2023,4.0
-24.82995084745,-51.53236126581642,Brazil,Parana,4103040,Boa Ventura de São Roque,846.04,2024,4.29
-25.4428833549,-53.43564626196478,Brazil,Parana,4103057,Boa Vista da Aparecida,504.0,2016,3.687
-25.4428833549,-53.43564626196478,Brazil,Parana,4103057,Boa Vista da Aparecida,504.0,2017,3.7
-25.4428833549,-53.43564626196478,Brazil,Parana,4103057,Boa Vista da Aparecida,504.0,2018,3.667
-25.4428833549,-53.43564626196478,Brazil,Parana,4103057,Boa Vista da Aparecida,504.0,2019,3.5
-25.4428833549,-53.43564626196478,Brazil,Parana,4103057,Boa Vista da Aparecida,504.0,2020,4.452
-25.4428833549,-53.43564626196478,Brazil,Parana,4103057,Boa Vista da Aparecida,504.0,2021,3.571
-25.4428833549,-53.43564626196478,Brazil,Parana,4103057,Boa Vista da Aparecida,504.0,2022,2.381
-25.4428833549,-53.43564626196478,Brazil,Parana,4103057,Boa Vista da Aparecida,504.0,2023,3.643
-25.4428833549,-53.43564626196478,Brazil,Parana,4103057,Boa Vista da Aparecida,504.0,2024,3.623
-25.09842164,-48.96400582976398,Brazil,Parana,4103107,Bocaiúva do Sul,678.89,2017,3.6
-25.09842164,-48.96400582976398,Brazil,Parana,4103107,Bocaiúva do Sul,678.89,2018,3.433
-25.09842164,-48.96400582976398,Brazil,Parana,4103107,Bocaiúva do Sul,678.89,2019,3.433
-25.09842164,-48.96400582976398,Brazil,Parana,4103107,Bocaiúva do Sul,678.89,2020,3.419
-25.09842164,-48.96400582976398,Brazil,Parana,4103107,Bocaiúva do Sul,678.89,2021,3.467
-25.09842164,-48.96400582976398,Brazil,Parana,4103107,Bocaiúva do Sul,678.89,2022,3.408
-25.09842164,-48.96400582976398,Brazil,Parana,4103107,Bocaiúva do Sul,678.89,2023,3.5
-25.09842164,-48.96400582976398,Brazil,Parana,4103107,Bocaiúva do Sul,678.89,2024,3.505
-26.15483093655,-53.54619179493906,Brazil,Parana,4103156,Bom Jesus do Sul,492.74,2016,3.4
-26.15483093655,-53.54619179493906,Brazil,Parana,4103156,Bom Jesus do Sul,492.74,2017,3.6
-26.15483093655,-53.54619179493906,Brazil,Parana,4103156,Bom Jesus do Sul,492.74,2018,3.8
-26.15483093655,-53.54619179493906,Brazil,Parana,4103156,Bom Jesus do Sul,492.74,2019,2.91
-26.15483093655,-53.54619179493906,Brazil,Parana,4103156,Bom Jesus do Sul,492.74,2020,4.1
-26.15483093655,-53.54619179493906,Brazil,Parana,4103156,Bom Jesus do Sul,492.74,2021,4.0
-26.15483093655,-53.54619179493906,Brazil,Parana,4103156,Bom Jesus do Sul,492.74,2022,1.7
-26.15483093655,-53.54619179493906,Brazil,Parana,4103156,Bom Jesus do Sul,492.74,2023,4.193
-26.15483093655,-53.54619179493906,Brazil,Parana,4103156,Bom Jesus do Sul,492.74,2024,3.9
-23.71563197435,-51.81906660220692,Brazil,Parana,4103206,Bom Sucesso,489.73,2016,2.7
-23.71563197435,-51.81906660220692,Brazil,Parana,4103206,Bom Sucesso,489.73,2017,3.645
-23.71563197435,-51.81906660220692,Brazil,Parana,4103206,Bom Sucesso,489.73,2018,3.5
-23.71563197435,-51.81906660220692,Brazil,Parana,4103206,Bom Sucesso,489.73,2019,3.2
-23.71563197435,-51.81906660220692,Brazil,Parana,4103206,Bom Sucesso,489.73,2020,3.6
-23.71563197435,-51.81906660220692,Brazil,Parana,4103206,Bom Sucesso,489.73,2021,3.5
-23.71563197435,-51.81906660220692,Brazil,Parana,4103206,Bom Sucesso,489.73,2022,2.1
-23.71563197435,-51.81906660220692,Brazil,Parana,4103206,Bom Sucesso,489.73,2023,3.7
-23.71563197435,-51.81906660220692,Brazil,Parana,4103206,Bom Sucesso,489.73,2024,3.0
-26.08550961745,-52.85951356111408,Brazil,Parana,4103222,Bom Sucesso do Sul,627.56,2016,3.272
-26.08550961745,-52.85951356111408,Brazil,Parana,4103222,Bom Sucesso do Sul,627.56,2017,3.993
-26.08550961745,-52.85951356111408,Brazil,Parana,4103222,Bom Sucesso do Sul,627.56,2018,4.1
-26.08550961745,-52.85951356111408,Brazil,Parana,4103222,Bom Sucesso do Sul,627.56,2019,3.192
-26.08550961745,-52.85951356111408,Brazil,Parana,4103222,Bom Sucesso do Sul,627.56,2020,4.302
-26.08550961745,-52.85951356111408,Brazil,Parana,4103222,Bom Sucesso do Sul,627.56,2021,3.776
-26.08550961745,-52.85951356111408,Brazil,Parana,4103222,Bom Sucesso do Sul,627.56,2022,2.521
-26.08550961745,-52.85951356111408,Brazil,Parana,4103222,Bom Sucesso do Sul,627.56,2023,4.029
-26.08550961745,-52.85951356111408,Brazil,Parana,4103222,Bom Sucesso do Sul,627.56,2024,3.928
-23.95270669055,-51.60742477812934,Brazil,Parana,4103305,Borrazópolis,435.58,2016,2.48
-23.95270669055,-51.60742477812934,Brazil,Parana,4103305,Borrazópolis,435.58,2017,2.48
-23.95270669055,-51.60742477812934,Brazil,Parana,4103305,Borrazópolis,435.58,2018,3.791
-23.95270669055,-51.60742477812934,Brazil,Parana,4103305,Borrazópolis,435.58,2019,3.222
-23.95270669055,-51.60742477812934,Brazil,Parana,4103305,Borrazópolis,435.58,2020,4.463
-23.95270669055,-51.60742477812934,Brazil,Parana,4103305,Borrazópolis,435.58,2021,2.92
-23.95270669055,-51.60742477812934,Brazil,Parana,4103305,Borrazópolis,435.58,2022,1.8
-23.95270669055,-51.60742477812934,Brazil,Parana,4103305,Borrazópolis,435.58,2023,3.067
-23.95270669055,-51.60742477812934,Brazil,Parana,4103305,Borrazópolis,435.58,2024,2.727
-24.78872841765,-53.10304113186162,Brazil,Parana,4103354,Braganey,612.33,2016,3.826
-24.78872841765,-53.10304113186162,Brazil,Parana,4103354,Braganey,612.33,2017,3.85
-24.78872841765,-53.10304113186162,Brazil,Parana,4103354,Braganey,612.33,2018,3.347
-24.78872841765,-53.10304113186162,Brazil,Parana,4103354,Braganey,612.33,2019,3.6
-24.78872841765,-53.10304113186162,Brazil,Parana,4103354,Braganey,612.33,2020,3.719
-24.78872841765,-53.10304113186162,Brazil,Parana,4103354,Braganey,612.33,2021,3.39
-24.78872841765,-53.10304113186162,Brazil,Parana,4103354,Braganey,612.33,2022,2.825
-24.78872841765,-53.10304113186162,Brazil,Parana,4103354,Braganey,612.33,2023,3.263
-24.78872841765,-53.10304113186162,Brazil,Parana,4103354,Braganey,612.33,2024,3.284
-24.15428576475,-53.53324145818407,Brazil,Parana,4103370,Brasilândia do Sul,315.06,2016,3.487
-24.15428576475,-53.53324145818407,Brazil,Parana,4103370,Brasilândia do Sul,315.06,2017,3.3
-24.15428576475,-53.53324145818407,Brazil,Parana,4103370,Brasilândia do Sul,315.06,2018,3.6
-24.15428576475,-53.53324145818407,Brazil,Parana,4103370,Brasilândia do Sul,315.06,2019,2.498
-24.15428576475,-53.53324145818407,Brazil,Parana,4103370,Brasilândia do Sul,315.06,2020,3.0
-24.15428576475,-53.53324145818407,Brazil,Parana,4103370,Brasilândia do Sul,315.06,2021,3.0
-24.15428576475,-53.53324145818407,Brazil,Parana,4103370,Brasilândia do Sul,315.06,2022,1.2
-24.15428576475,-53.53324145818407,Brazil,Parana,4103370,Brasilândia do Sul,315.06,2023,3.4
-24.15428576475,-53.53324145818407,Brazil,Parana,4103370,Brasilândia do Sul,315.06,2024,2.7
-22.79176829935,-51.72862800766946,Brazil,Parana,4103404,Cafeara,442.02,2016,2.08
-22.79176829935,-51.72862800766946,Brazil,Parana,4103404,Cafeara,442.02,2017,3.0
-22.79176829935,-51.72862800766946,Brazil,Parana,4103404,Cafeara,442.02,2018,3.23
-22.79176829935,-51.72862800766946,Brazil,Parana,4103404,Cafeara,442.02,2019,1.53
-22.79176829935,-51.72862800766946,Brazil,Parana,4103404,Cafeara,442.02,2020,3.1
-22.79176829935,-51.72862800766946,Brazil,Parana,4103404,Cafeara,442.02,2021,2.6
-22.79176829935,-51.72862800766946,Brazil,Parana,4103404,Cafeara,442.02,2022,1.5
-22.79176829935,-51.72862800766946,Brazil,Parana,4103404,Cafeara,442.02,2023,3.62
-22.79176829935,-51.72862800766946,Brazil,Parana,4103404,Cafeara,442.02,2024,2.2
-24.6894945325,-53.37046408400677,Brazil,Parana,4103453,Cafelândia,445.62,2016,3.434
-24.6894945325,-53.37046408400677,Brazil,Parana,4103453,Cafelândia,445.62,2017,4.515
-24.6894945325,-53.37046408400677,Brazil,Parana,4103453,Cafelândia,445.62,2018,3.7
-24.6894945325,-53.37046408400677,Brazil,Parana,4103453,Cafelândia,445.62,2019,3.421
-24.6894945325,-53.37046408400677,Brazil,Parana,4103453,Cafelândia,445.62,2020,4.215
-24.6894945325,-53.37046408400677,Brazil,Parana,4103453,Cafelândia,445.62,2021,3.46
-24.6894945325,-53.37046408400677,Brazil,Parana,4103453,Cafelândia,445.62,2022,1.45
-24.6894945325,-53.37046408400677,Brazil,Parana,4103453,Cafelândia,445.62,2023,3.843
-24.6894945325,-53.37046408400677,Brazil,Parana,4103453,Cafelândia,445.62,2024,4.375
-23.9505616934,-53.55879025392635,Brazil,Parana,4103479,Cafezal do Sul,315.06,2016,2.8
-23.9505616934,-53.55879025392635,Brazil,Parana,4103479,Cafezal do Sul,315.06,2017,3.0
-23.9505616934,-53.55879025392635,Brazil,Parana,4103479,Cafezal do Sul,315.06,2018,3.3
-23.9505616934,-53.55879025392635,Brazil,Parana,4103479,Cafezal do Sul,315.06,2019,2.3
-23.9505616934,-53.55879025392635,Brazil,Parana,4103479,Cafezal do Sul,315.06,2020,2.8
-23.9505616934,-53.55879025392635,Brazil,Parana,4103479,Cafezal do Sul,315.06,2021,3.0
-23.9505616934,-53.55879025392635,Brazil,Parana,4103479,Cafezal do Sul,315.06,2022,1.083
-23.9505616934,-53.55879025392635,Brazil,Parana,4103479,Cafezal do Sul,315.06,2023,3.2
-23.9505616934,-53.55879025392635,Brazil,Parana,4103479,Cafezal do Sul,315.06,2024,2.23
-23.6672645438,-51.33463066681156,Brazil,Parana,4103503,Califórnia,631.22,2016,2.29
-23.6672645438,-51.33463066681156,Brazil,Parana,4103503,Califórnia,631.22,2017,3.95
-23.6672645438,-51.33463066681156,Brazil,Parana,4103503,Califórnia,631.22,2018,3.6
-23.6672645438,-51.33463066681156,Brazil,Parana,4103503,Califórnia,631.22,2019,3.24
-23.6672645438,-51.33463066681156,Brazil,Parana,4103503,Califórnia,631.22,2020,3.8
-23.6672645438,-51.33463066681156,Brazil,Parana,4103503,Califórnia,631.22,2021,3.8
-23.6672645438,-51.33463066681156,Brazil,Parana,4103503,Califórnia,631.22,2022,3.5
-23.6672645438,-51.33463066681156,Brazil,Parana,4103503,Califórnia,631.22,2023,3.7
-23.6672645438,-51.33463066681156,Brazil,Parana,4103503,Califórnia,631.22,2024,3.6
-22.9925195365,-50.08358589658736,Brazil,Parana,4103602,Cambará,482.82,2016,3.067
-22.9925195365,-50.08358589658736,Brazil,Parana,4103602,Cambará,482.82,2017,2.25
-22.9925195365,-50.08358589658736,Brazil,Parana,4103602,Cambará,482.82,2018,3.667
-22.9925195365,-50.08358589658736,Brazil,Parana,4103602,Cambará,482.82,2019,3.02
-22.9925195365,-50.08358589658736,Brazil,Parana,4103602,Cambará,482.82,2020,3.5
-22.9925195365,-50.08358589658736,Brazil,Parana,4103602,Cambará,482.82,2021,3.98
-22.9925195365,-50.08358589658736,Brazil,Parana,4103602,Cambará,482.82,2022,3.6
-22.9925195365,-50.08358589658736,Brazil,Parana,4103602,Cambará,482.82,2023,3.6
-22.9925195365,-50.08358589658736,Brazil,Parana,4103602,Cambará,482.82,2024,3.6
-23.20563453035,-51.24907540664096,Brazil,Parana,4103701,Cambé,454.93,2016,2.1
-23.20563453035,-51.24907540664096,Brazil,Parana,4103701,Cambé,454.93,2017,4.05
-23.20563453035,-51.24907540664096,Brazil,Parana,4103701,Cambé,454.93,2018,3.6
-23.20563453035,-51.24907540664096,Brazil,Parana,4103701,Cambé,454.93,2019,3.23
-23.20563453035,-51.24907540664096,Brazil,Parana,4103701,Cambé,454.93,2020,3.5
-23.20563453035,-51.24907540664096,Brazil,Parana,4103701,Cambé,454.93,2021,3.55
-23.20563453035,-51.24907540664096,Brazil,Parana,4103701,Cambé,454.93,2022,3.2
-23.20563453035,-51.24907540664096,Brazil,Parana,4103701,Cambé,454.93,2023,4.15
-23.20563453035,-51.24907540664096,Brazil,Parana,4103701,Cambé,454.93,2024,3.102
-23.6142185068,-51.5749774264826,Brazil,Parana,4103800,Cambira,489.73,2016,2.727
-23.6142185068,-51.5749774264826,Brazil,Parana,4103800,Cambira,489.73,2017,3.7
-23.6142185068,-51.5749774264826,Brazil,Parana,4103800,Cambira,489.73,2018,3.18
-23.6142185068,-51.5749774264826,Brazil,Parana,4103800,Cambira,489.73,2019,3.18
-23.6142185068,-51.5749774264826,Brazil,Parana,4103800,Cambira,489.73,2020,3.96
-23.6142185068,-51.5749774264826,Brazil,Parana,4103800,Cambira,489.73,2021,3.5
-23.6142185068,-51.5749774264826,Brazil,Parana,4103800,Cambira,489.73,2022,3.1
-23.6142185068,-51.5749774264826,Brazil,Parana,4103800,Cambira,489.73,2023,3.7
-23.6142185068,-51.5749774264826,Brazil,Parana,4103800,Cambira,489.73,2024,3.0
-24.6178532175,-52.79025600025165,Brazil,Parana,4103909,Campina da Lagoa,607.89,2016,3.271
-24.6178532175,-52.79025600025165,Brazil,Parana,4103909,Campina da Lagoa,607.89,2017,4.1
-24.6178532175,-52.79025600025165,Brazil,Parana,4103909,Campina da Lagoa,607.89,2018,3.471
-24.6178532175,-52.79025600025165,Brazil,Parana,4103909,Campina da Lagoa,607.89,2019,2.85
-24.6178532175,-52.79025600025165,Brazil,Parana,4103909,Campina da Lagoa,607.89,2020,3.5
-24.6178532175,-52.79025600025165,Brazil,Parana,4103909,Campina da Lagoa,607.89,2021,3.5
-24.6178532175,-52.79025600025165,Brazil,Parana,4103909,Campina da Lagoa,607.89,2022,2.5
-24.6178532175,-52.79025600025165,Brazil,Parana,4103909,Campina da Lagoa,607.89,2023,4.043
-24.6178532175,-52.79025600025165,Brazil,Parana,4103909,Campina da Lagoa,607.89,2024,3.1
-25.11937694045,-51.77221772507744,Brazil,Parana,4103958,Campina do Simão,923.44,2016,3.25
-25.11937694045,-51.77221772507744,Brazil,Parana,4103958,Campina do Simão,923.44,2017,3.78
-25.11937694045,-51.77221772507744,Brazil,Parana,4103958,Campina do Simão,923.44,2018,3.43
-25.11937694045,-51.77221772507744,Brazil,Parana,4103958,Campina do Simão,923.44,2019,3.47
-25.11937694045,-51.77221772507744,Brazil,Parana,4103958,Campina do Simão,923.44,2020,3.888
-25.11937694045,-51.77221772507744,Brazil,Parana,4103958,Campina do Simão,923.44,2021,3.78
-25.11937694045,-51.77221772507744,Brazil,Parana,4103958,Campina do Simão,923.44,2022,3.393
-25.11937694045,-51.77221772507744,Brazil,Parana,4103958,Campina do Simão,923.44,2023,4.1
-25.11937694045,-51.77221772507744,Brazil,Parana,4103958,Campina do Simão,923.44,2024,3.9
-25.18405105575,-48.87145193524672,Brazil,Parana,4104006,Campina Grande do Sul,678.89,2023,3.6
-25.18405105575,-48.87145193524672,Brazil,Parana,4104006,Campina Grande do Sul,678.89,2024,3.6
-24.90217121255,-53.02957954980415,Brazil,Parana,4104055,Campo Bonito,612.33,2016,3.543
-24.90217121255,-53.02957954980415,Brazil,Parana,4104055,Campo Bonito,612.33,2017,3.5
-24.90217121255,-53.02957954980415,Brazil,Parana,4104055,Campo Bonito,612.33,2018,3.8
-24.90217121255,-53.02957954980415,Brazil,Parana,4104055,Campo Bonito,612.33,2019,3.0
-24.90217121255,-53.02957954980415,Brazil,Parana,4104055,Campo Bonito,612.33,2020,4.597
-24.90217121255,-53.02957954980415,Brazil,Parana,4104055,Campo Bonito,612.33,2021,3.498
-24.90217121255,-53.02957954980415,Brazil,Parana,4104055,Campo Bonito,612.33,2022,2.544
-24.90217121255,-53.02957954980415,Brazil,Parana,4104055,Campo Bonito,612.33,2023,3.583
-24.90217121255,-53.02957954980415,Brazil,Parana,4104055,Campo Bonito,612.33,2024,3.567
-25.9779388891,-49.66685542716219,Brazil,Parana,4104105,Campo do Tenente,849.62,2016,3.4
-25.9779388891,-49.66685542716219,Brazil,Parana,4104105,Campo do Tenente,849.62,2017,3.4
-25.9779388891,-49.66685542716219,Brazil,Parana,4104105,Campo do Tenente,849.62,2018,3.96
-25.9779388891,-49.66685542716219,Brazil,Parana,4104105,Campo do Tenente,849.62,2019,3.96
-25.9779388891,-49.66685542716219,Brazil,Parana,4104105,Campo do Tenente,849.62,2020,3.97
-25.9779388891,-49.66685542716219,Brazil,Parana,4104105,Campo do Tenente,849.62,2021,4.037
-25.9779388891,-49.66685542716219,Brazil,Parana,4104105,Campo do Tenente,849.62,2022,3.97
-25.9779388891,-49.66685542716219,Brazil,Parana,4104105,Campo do Tenente,849.62,2023,3.85
-25.9779388891,-49.66685542716219,Brazil,Parana,4104105,Campo do Tenente,849.62,2024,3.397
-25.26656914965,-49.68840176923005,Brazil,Parana,4104204,Campo Largo,866.52,2016,3.42
-25.26656914965,-49.68840176923005,Brazil,Parana,4104204,Campo Largo,866.52,2017,3.6
-25.26656914965,-49.68840176923005,Brazil,Parana,4104204,Campo Largo,866.52,2018,3.2
-25.26656914965,-49.68840176923005,Brazil,Parana,4104204,Campo Largo,866.52,2019,3.52
-25.26656914965,-49.68840176923005,Brazil,Parana,4104204,Campo Largo,866.52,2020,3.627
-25.26656914965,-49.68840176923005,Brazil,Parana,4104204,Campo Largo,866.52,2021,3.396
-25.26656914965,-49.68840176923005,Brazil,Parana,4104204,Campo Largo,866.52,2022,3.43
-25.26656914965,-49.68840176923005,Brazil,Parana,4104204,Campo Largo,866.52,2023,3.9
-25.26656914965,-49.68840176923005,Brazil,Parana,4104204,Campo Largo,866.52,2024,3.38
-25.29786712545,-49.45079459614414,Brazil,Parana,4104253,Campo Magro,905.85,2016,3.39
-25.29786712545,-49.45079459614414,Brazil,Parana,4104253,Campo Magro,905.85,2017,3.6
-25.29786712545,-49.45079459614414,Brazil,Parana,4104253,Campo Magro,905.85,2018,3.41
-25.29786712545,-49.45079459614414,Brazil,Parana,4104253,Campo Magro,905.85,2019,3.47
-25.29786712545,-49.45079459614414,Brazil,Parana,4104253,Campo Magro,905.85,2020,3.529
-25.29786712545,-49.45079459614414,Brazil,Parana,4104253,Campo Magro,905.85,2021,3.348
-25.29786712545,-49.45079459614414,Brazil,Parana,4104253,Campo Magro,905.85,2022,3.455
-25.29786712545,-49.45079459614414,Brazil,Parana,4104253,Campo Magro,905.85,2023,3.9
-25.29786712545,-49.45079459614414,Brazil,Parana,4104253,Campo Magro,905.85,2024,3.36
-24.11668174745,-52.36774572580124,Brazil,Parana,4104303,Campo Mourão,531.27,2016,3.048
-24.11668174745,-52.36774572580124,Brazil,Parana,4104303,Campo Mourão,531.27,2017,3.84
-24.11668174745,-52.36774572580124,Brazil,Parana,4104303,Campo Mourão,531.27,2018,3.6
-24.11668174745,-52.36774572580124,Brazil,Parana,4104303,Campo Mourão,531.27,2019,3.0
-24.11668174745,-52.36774572580124,Brazil,Parana,4104303,Campo Mourão,531.27,2020,4.1
-24.11668174745,-52.36774572580124,Brazil,Parana,4104303,Campo Mourão,531.27,2021,3.9
-24.11668174745,-52.36774572580124,Brazil,Parana,4104303,Campo Mourão,531.27,2022,2.32
-24.11668174745,-52.36774572580124,Brazil,Parana,4104303,Campo Mourão,531.27,2023,4.43
-24.11668174745,-52.36774572580124,Brazil,Parana,4104303,Campo Mourão,531.27,2024,3.0
-24.6799664227,-51.25559461484966,Brazil,Parana,4104402,Cândido de Abreu,681.15,2016,2.857
-24.6799664227,-51.25559461484966,Brazil,Parana,4104402,Cândido de Abreu,681.15,2017,2.012
-24.6799664227,-51.25559461484966,Brazil,Parana,4104402,Cândido de Abreu,681.15,2018,3.0
-24.6799664227,-51.25559461484966,Brazil,Parana,4104402,Cândido de Abreu,681.15,2019,3.0
-24.6799664227,-51.25559461484966,Brazil,Parana,4104402,Cândido de Abreu,681.15,2020,3.3
-24.6799664227,-51.25559461484966,Brazil,Parana,4104402,Cândido de Abreu,681.15,2021,3.3
-24.6799664227,-51.25559461484966,Brazil,Parana,4104402,Cândido de Abreu,681.15,2022,2.68
-24.6799664227,-51.25559461484966,Brazil,Parana,4104402,Cândido de Abreu,681.15,2023,3.45
-24.6799664227,-51.25559461484966,Brazil,Parana,4104402,Cândido de Abreu,681.15,2024,2.89
-25.52493167195,-52.01041875872239,Brazil,Parana,4104428,Candói,926.26,2016,3.599
-25.52493167195,-52.01041875872239,Brazil,Parana,4104428,Candói,926.26,2017,4.07
-25.52493167195,-52.01041875872239,Brazil,Parana,4104428,Candói,926.26,2018,3.76
-25.52493167195,-52.01041875872239,Brazil,Parana,4104428,Candói,926.26,2019,3.47
-25.52493167195,-52.01041875872239,Brazil,Parana,4104428,Candói,926.26,2020,4.096
-25.52493167195,-52.01041875872239,Brazil,Parana,4104428,Candói,926.26,2021,3.95
-25.52493167195,-52.01041875872239,Brazil,Parana,4104428,Candói,926.26,2022,3.542
-25.52493167195,-52.01041875872239,Brazil,Parana,4104428,Candói,926.26,2023,4.272
-25.52493167195,-52.01041875872239,Brazil,Parana,4104428,Candói,926.26,2024,3.689
-25.30363024075,-52.1073266193909,Brazil,Parana,4104451,Cantagalo,926.26,2016,3.298
-25.30363024075,-52.1073266193909,Brazil,Parana,4104451,Cantagalo,926.26,2017,3.69
-25.30363024075,-52.1073266193909,Brazil,Parana,4104451,Cantagalo,926.26,2018,3.6
-25.30363024075,-52.1073266193909,Brazil,Parana,4104451,Cantagalo,926.26,2019,3.34
-25.30363024075,-52.1073266193909,Brazil,Parana,4104451,Cantagalo,926.26,2020,3.696
-25.30363024075,-52.1073266193909,Brazil,Parana,4104451,Cantagalo,926.26,2021,3.0
-25.30363024075,-52.1073266193909,Brazil,Parana,4104451,Cantagalo,926.26,2022,3.3
-25.30363024075,-52.1073266193909,Brazil,Parana,4104451,Cantagalo,926.26,2023,3.9
-25.30363024075,-52.1073266193909,Brazil,Parana,4104451,Cantagalo,926.26,2024,3.796
-25.6059740924,-53.70449469528185,Brazil,Parana,4104501,Capanema,397.26,2016,2.829
-25.6059740924,-53.70449469528185,Brazil,Parana,4104501,Capanema,397.26,2017,3.6
-25.6059740924,-53.70449469528185,Brazil,Parana,4104501,Capanema,397.26,2018,3.9
-25.6059740924,-53.70449469528185,Brazil,Parana,4104501,Capanema,397.26,2019,2.59
-25.6059740924,-53.70449469528185,Brazil,Parana,4104501,Capanema,397.26,2020,4.2
-25.6059740924,-53.70449469528185,Brazil,Parana,4104501,Capanema,397.26,2021,3.887
-25.6059740924,-53.70449469528185,Brazil,Parana,4104501,Capanema,397.26,2022,0.5
-25.6059740924,-53.70449469528185,Brazil,Parana,4104501,Capanema,397.26,2023,3.585
-25.6059740924,-53.70449469528185,Brazil,Parana,4104501,Capanema,397.26,2024,3.995
-25.45767602025,-53.59674016083696,Brazil,Parana,4104600,Capitão Leônidas Marques,397.26,2016,3.401
-25.45767602025,-53.59674016083696,Brazil,Parana,4104600,Capitão Leônidas Marques,397.26,2017,3.599
-25.45767602025,-53.59674016083696,Brazil,Parana,4104600,Capitão Leônidas Marques,397.26,2018,3.8
-25.45767602025,-53.59674016083696,Brazil,Parana,4104600,Capitão Leônidas Marques,397.26,2019,3.7
-25.45767602025,-53.59674016083696,Brazil,Parana,4104600,Capitão Leônidas Marques,397.26,2020,4.2
-25.45767602025,-53.59674016083696,Brazil,Parana,4104600,Capitão Leônidas Marques,397.26,2021,3.108
-25.45767602025,-53.59674016083696,Brazil,Parana,4104600,Capitão Leônidas Marques,397.26,2022,2.432
-25.45767602025,-53.59674016083696,Brazil,Parana,4104600,Capitão Leônidas Marques,397.26,2023,3.219
-25.45767602025,-53.59674016083696,Brazil,Parana,4104600,Capitão Leônidas Marques,397.26,2024,3.242
-24.88944635735,-50.17314682626392,Brazil,Parana,4104659,Carambeí,925.98,2016,3.445
-24.88944635735,-50.17314682626392,Brazil,Parana,4104659,Carambeí,925.98,2017,4.2
-24.88944635735,-50.17314682626392,Brazil,Parana,4104659,Carambeí,925.98,2018,3.8
-24.88944635735,-50.17314682626392,Brazil,Parana,4104659,Carambeí,925.98,2019,3.7
-24.88944635735,-50.17314682626392,Brazil,Parana,4104659,Carambeí,925.98,2020,4.161
-24.88944635735,-50.17314682626392,Brazil,Parana,4104659,Carambeí,925.98,2021,3.7
-24.88944635735,-50.17314682626392,Brazil,Parana,4104659,Carambeí,925.98,2022,3.907
-24.88944635735,-50.17314682626392,Brazil,Parana,4104659,Carambeí,925.98,2023,4.256
-24.88944635735,-50.17314682626392,Brazil,Parana,4104659,Carambeí,925.98,2024,3.924
-23.45531072635,-49.69305357558,Brazil,Parana,4104709,Carlópolis,555.51,2016,3.0
-23.45531072635,-49.69305357558,Brazil,Parana,4104709,Carlópolis,555.51,2017,2.879
-23.45531072635,-49.69305357558,Brazil,Parana,4104709,Carlópolis,555.51,2018,5.152
-23.45531072635,-49.69305357558,Brazil,Parana,4104709,Carlópolis,555.51,2019,3.3
-23.45531072635,-49.69305357558,Brazil,Parana,4104709,Carlópolis,555.51,2020,3.3
-23.45531072635,-49.69305357558,Brazil,Parana,4104709,Carlópolis,555.51,2021,3.95
-23.45531072635,-49.69305357558,Brazil,Parana,4104709,Carlópolis,555.51,2022,3.7
-23.45531072635,-49.69305357558,Brazil,Parana,4104709,Carlópolis,555.51,2023,3.68
-23.45531072635,-49.69305357558,Brazil,Parana,4104709,Carlópolis,555.51,2024,3.68
-25.0554097826,-53.30195590602422,Brazil,Parana,4104808,Cascavel,612.33,2016,3.573
-25.0554097826,-53.30195590602422,Brazil,Parana,4104808,Cascavel,612.33,2017,3.9
-25.0554097826,-53.30195590602422,Brazil,Parana,4104808,Cascavel,612.33,2018,3.43
-25.0554097826,-53.30195590602422,Brazil,Parana,4104808,Cascavel,612.33,2019,3.198
-25.0554097826,-53.30195590602422,Brazil,Parana,4104808,Cascavel,612.33,2020,4.119
-25.0554097826,-53.30195590602422,Brazil,Parana,4104808,Cascavel,612.33,2021,3.464
-25.0554097826,-53.30195590602422,Brazil,Parana,4104808,Cascavel,612.33,2022,3.002
-25.0554097826,-53.30195590602422,Brazil,Parana,4104808,Cascavel,612.33,2023,3.398
-25.0554097826,-53.30195590602422,Brazil,Parana,4104808,Cascavel,612.33,2024,3.387
-24.8035799186,-49.8554882623139,Brazil,Parana,4104907,Castro,925.98,2016,3.381
-24.8035799186,-49.8554882623139,Brazil,Parana,4104907,Castro,925.98,2017,4.0
-24.8035799186,-49.8554882623139,Brazil,Parana,4104907,Castro,925.98,2018,3.75
-24.8035799186,-49.8554882623139,Brazil,Parana,4104907,Castro,925.98,2019,3.7
-24.8035799186,-49.8554882623139,Brazil,Parana,4104907,Castro,925.98,2020,4.05
-24.8035799186,-49.8554882623139,Brazil,Parana,4104907,Castro,925.98,2021,3.7
-24.8035799186,-49.8554882623139,Brazil,Parana,4104907,Castro,925.98,2022,3.923
-24.8035799186,-49.8554882623139,Brazil,Parana,4104907,Castro,925.98,2023,4.154
-24.8035799186,-49.8554882623139,Brazil,Parana,4104907,Castro,925.98,2024,3.827
-25.2338986684,-53.129884154732,Brazil,Parana,4105003,Catanduvas,612.33,2016,4.068
-25.2338986684,-53.129884154732,Brazil,Parana,4105003,Catanduvas,612.33,2017,3.75
-25.2338986684,-53.129884154732,Brazil,Parana,4105003,Catanduvas,612.33,2018,3.76
-25.2338986684,-53.129884154732,Brazil,Parana,4105003,Catanduvas,612.33,2019,3.8
-25.2338986684,-53.129884154732,Brazil,Parana,4105003,Catanduvas,612.33,2020,4.393
-25.2338986684,-53.129884154732,Brazil,Parana,4105003,Catanduvas,612.33,2021,3.419
-25.2338986684,-53.129884154732,Brazil,Parana,4105003,Catanduvas,612.33,2022,3.629
-25.2338986684,-53.129884154732,Brazil,Parana,4105003,Catanduvas,612.33,2023,3.589
-25.2338986684,-53.129884154732,Brazil,Parana,4105003,Catanduvas,612.33,2024,3.546
-22.79337856285,-51.55728766708641,Brazil,Parana,4105102,Centenário do Sul,454.93,2016,2.4
-22.79337856285,-51.55728766708641,Brazil,Parana,4105102,Centenário do Sul,454.93,2017,3.24
-22.79337856285,-51.55728766708641,Brazil,Parana,4105102,Centenário do Sul,454.93,2018,3.2
-22.79337856285,-51.55728766708641,Brazil,Parana,4105102,Centenário do Sul,454.93,2019,1.5
-22.79337856285,-51.55728766708641,Brazil,Parana,4105102,Centenário do Sul,454.93,2020,2.95
-22.79337856285,-51.55728766708641,Brazil,Parana,4105102,Centenário do Sul,454.93,2021,2.6
-22.79337856285,-51.55728766708641,Brazil,Parana,4105102,Centenário do Sul,454.93,2022,1.5
-22.79337856285,-51.55728766708641,Brazil,Parana,4105102,Centenário do Sul,454.93,2023,3.62
-22.79337856285,-51.55728766708641,Brazil,Parana,4105102,Centenário do Sul,454.93,2024,2.0
-24.8847265627,-49.24445646644793,Brazil,Parana,4105201,Cerro Azul,815.04,2016,3.27
-24.8847265627,-49.24445646644793,Brazil,Parana,4105201,Cerro Azul,815.04,2017,3.8
-24.8847265627,-49.24445646644793,Brazil,Parana,4105201,Cerro Azul,815.04,2018,3.4
-24.8847265627,-49.24445646644793,Brazil,Parana,4105201,Cerro Azul,815.04,2019,3.421
-24.8847265627,-49.24445646644793,Brazil,Parana,4105201,Cerro Azul,815.04,2020,3.486
-24.8847265627,-49.24445646644793,Brazil,Parana,4105201,Cerro Azul,815.04,2021,3.3
-24.8847265627,-49.24445646644793,Brazil,Parana,4105201,Cerro Azul,815.04,2022,3.46
-24.8847265627,-49.24445646644793,Brazil,Parana,4105201,Cerro Azul,815.04,2023,3.58
-24.8847265627,-49.24445646644793,Brazil,Parana,4105201,Cerro Azul,815.04,2024,3.12
-25.28811170295,-53.75926516775226,Brazil,Parana,4105300,Céu Azul,397.26,2016,3.717
-25.28811170295,-53.75926516775226,Brazil,Parana,4105300,Céu Azul,397.26,2017,3.965
-25.28811170295,-53.75926516775226,Brazil,Parana,4105300,Céu Azul,397.26,2018,3.471
-25.28811170295,-53.75926516775226,Brazil,Parana,4105300,Céu Azul,397.26,2019,2.8
-25.28811170295,-53.75926516775226,Brazil,Parana,4105300,Céu Azul,397.26,2020,4.1
-25.28811170295,-53.75926516775226,Brazil,Parana,4105300,Céu Azul,397.26,2021,3.526
-25.28811170295,-53.75926516775226,Brazil,Parana,4105300,Céu Azul,397.26,2022,1.734
-25.28811170295,-53.75926516775226,Brazil,Parana,4105300,Céu Azul,397.26,2023,3.358
-25.28811170295,-53.75926516775226,Brazil,Parana,4105300,Céu Azul,397.26,2024,3.321
-25.79351429965,-52.4134417791232,Brazil,Parana,4105409,Chopinzinho,733.07,2016,3.189
-25.79351429965,-52.4134417791232,Brazil,Parana,4105409,Chopinzinho,733.07,2017,3.728
-25.79351429965,-52.4134417791232,Brazil,Parana,4105409,Chopinzinho,733.07,2018,3.72
-25.79351429965,-52.4134417791232,Brazil,Parana,4105409,Chopinzinho,733.07,2019,3.72
-25.79351429965,-52.4134417791232,Brazil,Parana,4105409,Chopinzinho,733.07,2020,4.0
-25.79351429965,-52.4134417791232,Brazil,Parana,4105409,Chopinzinho,733.07,2021,3.1
-25.79351429965,-52.4134417791232,Brazil,Parana,4105409,Chopinzinho,733.07,2022,1.504
-25.79351429965,-52.4134417791232,Brazil,Parana,4105409,Chopinzinho,733.07,2023,3.992
-25.79351429965,-52.4134417791232,Brazil,Parana,4105409,Chopinzinho,733.07,2024,2.997
-23.73821213635,-52.63973675715611,Brazil,Parana,4105508,Cianorte,391.47,2016,2.247
-23.73821213635,-52.63973675715611,Brazil,Parana,4105508,Cianorte,391.47,2017,2.727
-23.73821213635,-52.63973675715611,Brazil,Parana,4105508,Cianorte,391.47,2018,2.73
-23.73821213635,-52.63973675715611,Brazil,Parana,4105508,Cianorte,391.47,2019,2.3
-23.73821213635,-52.63973675715611,Brazil,Parana,4105508,Cianorte,391.47,2020,3.3
-23.73821213635,-52.63973675715611,Brazil,Parana,4105508,Cianorte,391.47,2021,2.2
-23.73821213635,-52.63973675715611,Brazil,Parana,4105508,Cianorte,391.47,2022,1.0
-23.73821213635,-52.63973675715611,Brazil,Parana,4105508,Cianorte,391.47,2023,2.41
-23.73821213635,-52.63973675715611,Brazil,Parana,4105508,Cianorte,391.47,2024,2.9
-23.37272775075,-52.94737627301565,Brazil,Parana,4105607,Cidade Gaúcha,372.47,2016,3.2
-23.37272775075,-52.94737627301565,Brazil,Parana,4105607,Cidade Gaúcha,372.47,2017,3.0
-23.37272775075,-52.94737627301565,Brazil,Parana,4105607,Cidade Gaúcha,372.47,2018,3.5
-23.37272775075,-52.94737627301565,Brazil,Parana,4105607,Cidade Gaúcha,372.47,2019,2.1
-23.37272775075,-52.94737627301565,Brazil,Parana,4105607,Cidade Gaúcha,372.47,2020,3.0
-23.37272775075,-52.94737627301565,Brazil,Parana,4105607,Cidade Gaúcha,372.47,2021,2.2
-23.37272775075,-52.94737627301565,Brazil,Parana,4105607,Cidade Gaúcha,372.47,2022,1.0
-23.37272775075,-52.94737627301565,Brazil,Parana,4105607,Cidade Gaúcha,372.47,2023,2.533
-23.37272775075,-52.94737627301565,Brazil,Parana,4105607,Cidade Gaúcha,372.47,2024,2.578
-26.30902984405,-52.35653974848603,Brazil,Parana,4105706,Clevelândia,765.29,2016,2.585
-26.30902984405,-52.35653974848603,Brazil,Parana,4105706,Clevelândia,765.29,2017,3.814
-26.30902984405,-52.35653974848603,Brazil,Parana,4105706,Clevelândia,765.29,2018,3.5
-26.30902984405,-52.35653974848603,Brazil,Parana,4105706,Clevelândia,765.29,2019,3.48
-26.30902984405,-52.35653974848603,Brazil,Parana,4105706,Clevelândia,765.29,2020,3.9
-26.30902984405,-52.35653974848603,Brazil,Parana,4105706,Clevelândia,765.29,2021,3.627
-26.30902984405,-52.35653974848603,Brazil,Parana,4105706,Clevelândia,765.29,2022,2.396
-26.30902984405,-52.35653974848603,Brazil,Parana,4105706,Clevelândia,765.29,2023,3.9
-26.30902984405,-52.35653974848603,Brazil,Parana,4105706,Clevelândia,765.29,2024,3.2
-25.31102039165,-49.19127875412453,Brazil,Parana,4105805,Colombo,905.85,2024,3.05
-22.81531716815,-52.00394338466412,Brazil,Parana,4105904,Colorado,442.02,2016,2.78
-22.81531716815,-52.00394338466412,Brazil,Parana,4105904,Colorado,442.02,2017,3.23
-22.81531716815,-52.00394338466412,Brazil,Parana,4105904,Colorado,442.02,2018,3.545
-22.81531716815,-52.00394338466412,Brazil,Parana,4105904,Colorado,442.02,2019,1.6
-22.81531716815,-52.00394338466412,Brazil,Parana,4105904,Colorado,442.02,2020,3.7
-22.81531716815,-52.00394338466412,Brazil,Parana,4105904,Colorado,442.02,2021,3.1
-22.81531716815,-52.00394338466412,Brazil,Parana,4105904,Colorado,442.02,2022,1.85
-22.81531716815,-52.00394338466412,Brazil,Parana,4105904,Colorado,442.02,2023,3.72
-22.81531716815,-52.00394338466412,Brazil,Parana,4105904,Colorado,442.02,2024,2.0
-23.62328035635,-50.51790475733692,Brazil,Parana,4106001,Congonhinhas,609.72,2016,2.82
-23.62328035635,-50.51790475733692,Brazil,Parana,4106001,Congonhinhas,609.72,2017,3.6
-23.62328035635,-50.51790475733692,Brazil,Parana,4106001,Congonhinhas,609.72,2018,2.82
-23.62328035635,-50.51790475733692,Brazil,Parana,4106001,Congonhinhas,609.72,2019,2.889
-23.62328035635,-50.51790475733692,Brazil,Parana,4106001,Congonhinhas,609.72,2020,3.48
-23.62328035635,-50.51790475733692,Brazil,Parana,4106001,Congonhinhas,609.72,2021,2.874
-23.62328035635,-50.51790475733692,Brazil,Parana,4106001,Congonhinhas,609.72,2022,2.892
-23.62328035635,-50.51790475733692,Brazil,Parana,4106001,Congonhinhas,609.72,2023,2.885
-23.62328035635,-50.51790475733692,Brazil,Parana,4106001,Congonhinhas,609.72,2024,3.434
-23.5871465985,-50.14136976946712,Brazil,Parana,4106100,Conselheiro Mairinck,555.51,2016,3.0
-23.5871465985,-50.14136976946712,Brazil,Parana,4106100,Conselheiro Mairinck,555.51,2017,3.2
-23.5871465985,-50.14136976946712,Brazil,Parana,4106100,Conselheiro Mairinck,555.51,2018,3.2
-23.5871465985,-50.14136976946712,Brazil,Parana,4106100,Conselheiro Mairinck,555.51,2019,3.96
-23.5871465985,-50.14136976946712,Brazil,Parana,4106100,Conselheiro Mairinck,555.51,2020,3.5
-23.5871465985,-50.14136976946712,Brazil,Parana,4106100,Conselheiro Mairinck,555.51,2021,3.5
-23.5871465985,-50.14136976946712,Brazil,Parana,4106100,Conselheiro Mairinck,555.51,2022,3.97
-23.5871465985,-50.14136976946712,Brazil,Parana,4106100,Conselheiro Mairinck,555.51,2023,3.72
-23.5871465985,-50.14136976946712,Brazil,Parana,4106100,Conselheiro Mairinck,555.51,2024,3.72
-25.7009825744,-49.5348129371197,Brazil,Parana,4106209,Contenda,905.85,2016,3.67
-25.7009825744,-49.5348129371197,Brazil,Parana,4106209,Contenda,905.85,2017,3.6
-25.7009825744,-49.5348129371197,Brazil,Parana,4106209,Contenda,905.85,2018,3.0
-25.7009825744,-49.5348129371197,Brazil,Parana,4106209,Contenda,905.85,2019,3.42
-25.7009825744,-49.5348129371197,Brazil,Parana,4106209,Contenda,905.85,2020,3.834
-25.7009825744,-49.5348129371197,Brazil,Parana,4106209,Contenda,905.85,2021,3.637
-25.7009825744,-49.5348129371197,Brazil,Parana,4106209,Contenda,905.85,2022,3.66
-25.7009825744,-49.5348129371197,Brazil,Parana,4106209,Contenda,905.85,2023,3.93
-25.7009825744,-49.5348129371197,Brazil,Parana,4106209,Contenda,905.85,2024,3.4
-24.7361022714,-53.23820647248148,Brazil,Parana,4106308,Corbélia,445.62,2016,4.084
-24.7361022714,-53.23820647248148,Brazil,Parana,4106308,Corbélia,445.62,2017,3.979
-24.7361022714,-53.23820647248148,Brazil,Parana,4106308,Corbélia,445.62,2018,3.5
-24.7361022714,-53.23820647248148,Brazil,Parana,4106308,Corbélia,445.62,2019,4.0
-24.7361022714,-53.23820647248148,Brazil,Parana,4106308,Corbélia,445.62,2020,4.25
-24.7361022714,-53.23820647248148,Brazil,Parana,4106308,Corbélia,445.62,2021,3.563
-24.7361022714,-53.23820647248148,Brazil,Parana,4106308,Corbélia,445.62,2022,3.621
-24.7361022714,-53.23820647248148,Brazil,Parana,4106308,Corbélia,445.62,2023,3.561
-24.7361022714,-53.23820647248148,Brazil,Parana,4106308,Corbélia,445.62,2024,3.582
-23.1956821453,-50.65213550031709,Brazil,Parana,4106407,Cornélio Procópio,453.47,2016,2.64
-23.1956821453,-50.65213550031709,Brazil,Parana,4106407,Cornélio Procópio,453.47,2017,3.6
-23.1956821453,-50.65213550031709,Brazil,Parana,4106407,Cornélio Procópio,453.47,2018,3.48
-23.1956821453,-50.65213550031709,Brazil,Parana,4106407,Cornélio Procópio,453.47,2019,2.82
-23.1956821453,-50.65213550031709,Brazil,Parana,4106407,Cornélio Procópio,453.47,2020,3.24
-23.1956821453,-50.65213550031709,Brazil,Parana,4106407,Cornélio Procópio,453.47,2021,3.24
-23.1956821453,-50.65213550031709,Brazil,Parana,4106407,Cornélio Procópio,453.47,2022,2.4
-23.1956821453,-50.65213550031709,Brazil,Parana,4106407,Cornélio Procópio,453.47,2023,3.714
-23.1956821453,-50.65213550031709,Brazil,Parana,4106407,Cornélio Procópio,453.47,2024,1.86
-26.1721082819,-51.91035930922013,Brazil,Parana,4106456,Coronel Domingos Soares,938.64,2016,3.25
-26.1721082819,-51.91035930922013,Brazil,Parana,4106456,Coronel Domingos Soares,938.64,2017,3.3
-26.1721082819,-51.91035930922013,Brazil,Parana,4106456,Coronel Domingos Soares,938.64,2018,3.47
-26.1721082819,-51.91035930922013,Brazil,Parana,4106456,Coronel Domingos Soares,938.64,2019,3.411
-26.1721082819,-51.91035930922013,Brazil,Parana,4106456,Coronel Domingos Soares,938.64,2020,3.72
-26.1721082819,-51.91035930922013,Brazil,Parana,4106456,Coronel Domingos Soares,938.64,2021,3.719
-26.1721082819,-51.91035930922013,Brazil,Parana,4106456,Coronel Domingos Soares,938.64,2022,3.6
-26.1721082819,-51.91035930922013,Brazil,Parana,4106456,Coronel Domingos Soares,938.64,2023,3.677
-26.1721082819,-51.91035930922013,Brazil,Parana,4106456,Coronel Domingos Soares,938.64,2024,3.5
-25.9935460141,-52.56022356125608,Brazil,Parana,4106506,Coronel Vivida,733.07,2016,3.142
-25.9935460141,-52.56022356125608,Brazil,Parana,4106506,Coronel Vivida,733.07,2017,4.0
-25.9935460141,-52.56022356125608,Brazil,Parana,4106506,Coronel Vivida,733.07,2018,3.7
-25.9935460141,-52.56022356125608,Brazil,Parana,4106506,Coronel Vivida,733.07,2019,3.2
-25.9935460141,-52.56022356125608,Brazil,Parana,4106506,Coronel Vivida,733.07,2020,3.596
-25.9935460141,-52.56022356125608,Brazil,Parana,4106506,Coronel Vivida,733.07,2021,3.689
-25.9935460141,-52.56022356125608,Brazil,Parana,4106506,Coronel Vivida,733.07,2022,1.754
-25.9935460141,-52.56022356125608,Brazil,Parana,4106506,Coronel Vivida,733.07,2023,3.917
-25.9935460141,-52.56022356125608,Brazil,Parana,4106506,Coronel Vivida,733.07,2024,3.785
-24.12577947875,-52.12578555843648,Brazil,Parana,4106555,Corumbataí do Sul,435.58,2016,2.4
-24.12577947875,-52.12578555843648,Brazil,Parana,4106555,Corumbataí do Sul,435.58,2017,3.48
-24.12577947875,-52.12578555843648,Brazil,Parana,4106555,Corumbataí do Sul,435.58,2018,2.975
-24.12577947875,-52.12578555843648,Brazil,Parana,4106555,Corumbataí do Sul,435.58,2019,2.5
-24.12577947875,-52.12578555843648,Brazil,Parana,4106555,Corumbataí do Sul,435.58,2020,3.5
-24.12577947875,-52.12578555843648,Brazil,Parana,4106555,Corumbataí do Sul,435.58,2021,3.0
-24.12577947875,-52.12578555843648,Brazil,Parana,4106555,Corumbataí do Sul,435.58,2022,1.363
-24.12577947875,-52.12578555843648,Brazil,Parana,4106555,Corumbataí do Sul,435.58,2023,4.0
-24.12577947875,-52.12578555843648,Brazil,Parana,4106555,Corumbataí do Sul,435.58,2024,3.1
-25.59561381835,-53.11838436308034,Brazil,Parana,4106571,Cruzeiro do Iguaçu,504.0,2016,3.129
-25.59561381835,-53.11838436308034,Brazil,Parana,4106571,Cruzeiro do Iguaçu,504.0,2017,3.96
-25.59561381835,-53.11838436308034,Brazil,Parana,4106571,Cruzeiro do Iguaçu,504.0,2018,3.7
-25.59561381835,-53.11838436308034,Brazil,Parana,4106571,Cruzeiro do Iguaçu,504.0,2019,2.6
-25.59561381835,-53.11838436308034,Brazil,Parana,4106571,Cruzeiro do Iguaçu,504.0,2020,3.987
-25.59561381835,-53.11838436308034,Brazil,Parana,4106571,Cruzeiro do Iguaçu,504.0,2021,4.059
-25.59561381835,-53.11838436308034,Brazil,Parana,4106571,Cruzeiro do Iguaçu,504.0,2022,1.353
-25.59561381835,-53.11838436308034,Brazil,Parana,4106571,Cruzeiro do Iguaçu,504.0,2023,4.23
-25.59561381835,-53.11838436308034,Brazil,Parana,4106571,Cruzeiro do Iguaçu,504.0,2024,4.426
-23.7349923099,-53.06843546484977,Brazil,Parana,4106605,Cruzeiro do Oeste,372.47,2016,3.2
-23.7349923099,-53.06843546484977,Brazil,Parana,4106605,Cruzeiro do Oeste,372.47,2017,3.2
-23.7349923099,-53.06843546484977,Brazil,Parana,4106605,Cruzeiro do Oeste,372.47,2018,3.32
-23.7349923099,-53.06843546484977,Brazil,Parana,4106605,Cruzeiro do Oeste,372.47,2019,2.399
-23.7349923099,-53.06843546484977,Brazil,Parana,4106605,Cruzeiro do Oeste,372.47,2020,3.0
-23.7349923099,-53.06843546484977,Brazil,Parana,4106605,Cruzeiro do Oeste,372.47,2021,2.6
-23.7349923099,-53.06843546484977,Brazil,Parana,4106605,Cruzeiro do Oeste,372.47,2022,0.81
-23.7349923099,-53.06843546484977,Brazil,Parana,4106605,Cruzeiro do Oeste,372.47,2023,4.0
-23.7349923099,-53.06843546484977,Brazil,Parana,4106605,Cruzeiro do Oeste,372.47,2024,2.4
-22.9817827606,-52.15285363002367,Brazil,Parana,4106704,Cruzeiro do Sul,442.02,2016,2.75
-22.9817827606,-52.15285363002367,Brazil,Parana,4106704,Cruzeiro do Sul,442.02,2017,3.2
-22.9817827606,-52.15285363002367,Brazil,Parana,4106704,Cruzeiro do Sul,442.02,2018,3.1
-22.9817827606,-52.15285363002367,Brazil,Parana,4106704,Cruzeiro do Sul,442.02,2019,1.735
-22.9817827606,-52.15285363002367,Brazil,Parana,4106704,Cruzeiro do Sul,442.02,2020,3.3
-22.9817827606,-52.15285363002367,Brazil,Parana,4106704,Cruzeiro do Sul,442.02,2021,3.0
-22.9817827606,-52.15285363002367,Brazil,Parana,4106704,Cruzeiro do Sul,442.02,2022,1.983
-22.9817827606,-52.15285363002367,Brazil,Parana,4106704,Cruzeiro do Sul,442.02,2023,3.6
-22.9817827606,-52.15285363002367,Brazil,Parana,4106704,Cruzeiro do Sul,442.02,2024,2.355
-25.89612805615,-51.18375259927539,Brazil,Parana,4106803,Cruz Machado,992.97,2016,2.9
-25.89612805615,-51.18375259927539,Brazil,Parana,4106803,Cruz Machado,992.97,2017,2.95
-25.89612805615,-51.18375259927539,Brazil,Parana,4106803,Cruz Machado,992.97,2018,2.75
-25.89612805615,-51.18375259927539,Brazil,Parana,4106803,Cruz Machado,992.97,2019,2.9
-25.89612805615,-51.18375259927539,Brazil,Parana,4106803,Cruz Machado,992.97,2020,2.9
-25.89612805615,-51.18375259927539,Brazil,Parana,4106803,Cruz Machado,992.97,2021,2.9
-25.89612805615,-51.18375259927539,Brazil,Parana,4106803,Cruz Machado,992.97,2022,2.286
-25.89612805615,-51.18375259927539,Brazil,Parana,4106803,Cruz Machado,992.97,2023,2.857
-25.89612805615,-51.18375259927539,Brazil,Parana,4106803,Cruz Machado,992.97,2024,2.886
-24.00225063465,-51.46249515618722,Brazil,Parana,4106852,Cruzmaltina,674.86,2016,2.6
-24.00225063465,-51.46249515618722,Brazil,Parana,4106852,Cruzmaltina,674.86,2017,2.6
-24.00225063465,-51.46249515618722,Brazil,Parana,4106852,Cruzmaltina,674.86,2018,2.6
-24.00225063465,-51.46249515618722,Brazil,Parana,4106852,Cruzmaltina,674.86,2019,2.733
-24.00225063465,-51.46249515618722,Brazil,Parana,4106852,Cruzmaltina,674.86,2020,4.463
-24.00225063465,-51.46249515618722,Brazil,Parana,4106852,Cruzmaltina,674.86,2021,2.615
-24.00225063465,-51.46249515618722,Brazil,Parana,4106852,Cruzmaltina,674.86,2022,2.231
-24.00225063465,-51.46249515618722,Brazil,Parana,4106852,Cruzmaltina,674.86,2023,2.62
-24.00225063465,-51.46249515618722,Brazil,Parana,4106852,Cruzmaltina,674.86,2024,2.727
-25.49316639515,-49.28487903627619,Brazil,Parana,4106902,Curitiba,905.85,2022,3.5
-25.49316639515,-49.28487903627619,Brazil,Parana,4106902,Curitiba,905.85,2023,3.6
-25.49316639515,-49.28487903627619,Brazil,Parana,4106902,Curitiba,905.85,2024,3.138
-23.9904081468,-50.44100928708717,Brazil,Parana,4107009,Curiúva,756.19,2016,2.3
-23.9904081468,-50.44100928708717,Brazil,Parana,4107009,Curiúva,756.19,2017,3.2
-23.9904081468,-50.44100928708717,Brazil,Parana,4107009,Curiúva,756.19,2018,3.7
-23.9904081468,-50.44100928708717,Brazil,Parana,4107009,Curiúva,756.19,2019,3.7
-23.9904081468,-50.44100928708717,Brazil,Parana,4107009,Curiúva,756.19,2020,3.4
-23.9904081468,-50.44100928708717,Brazil,Parana,4107009,Curiúva,756.19,2021,3.966
-23.9904081468,-50.44100928708717,Brazil,Parana,4107009,Curiúva,756.19,2022,3.72
-23.9904081468,-50.44100928708717,Brazil,Parana,4107009,Curiúva,756.19,2023,3.72
-23.9904081468,-50.44100928708717,Brazil,Parana,4107009,Curiúva,756.19,2024,2.55
-22.6377169295,-52.88973228731176,Brazil,Parana,4107108,Diamante do Norte,304.26,2016,3.2
-22.6377169295,-52.88973228731176,Brazil,Parana,4107108,Diamante do Norte,304.26,2017,3.2
-22.6377169295,-52.88973228731176,Brazil,Parana,4107108,Diamante do Norte,304.26,2018,3.2
-22.6377169295,-52.88973228731176,Brazil,Parana,4107108,Diamante do Norte,304.26,2019,1.9
-22.6377169295,-52.88973228731176,Brazil,Parana,4107108,Diamante do Norte,304.26,2020,2.6
-22.6377169295,-52.88973228731176,Brazil,Parana,4107108,Diamante do Norte,304.26,2021,3.0
-22.6377169295,-52.88973228731176,Brazil,Parana,4107108,Diamante do Norte,304.26,2022,0.6
-22.6377169295,-52.88973228731176,Brazil,Parana,4107108,Diamante do Norte,304.26,2023,3.2
-22.6377169295,-52.88973228731176,Brazil,Parana,4107108,Diamante do Norte,304.26,2024,1.8
-24.9990261664,-52.69879332345216,Brazil,Parana,4107124,Diamante do Sul,636.07,2016,2.9
-24.9990261664,-52.69879332345216,Brazil,Parana,4107124,Diamante do Sul,636.07,2017,3.5
-24.9990261664,-52.69879332345216,Brazil,Parana,4107124,Diamante do Sul,636.07,2018,3.4
-24.9990261664,-52.69879332345216,Brazil,Parana,4107124,Diamante do Sul,636.07,2019,2.98
-24.9990261664,-52.69879332345216,Brazil,Parana,4107124,Diamante do Sul,636.07,2020,3.72
-24.9990261664,-52.69879332345216,Brazil,Parana,4107124,Diamante do Sul,636.07,2021,3.1
-24.9990261664,-52.69879332345216,Brazil,Parana,4107124,Diamante do Sul,636.07,2022,3.1
-24.9990261664,-52.69879332345216,Brazil,Parana,4107124,Diamante do Sul,636.07,2023,4.09
-24.9990261664,-52.69879332345216,Brazil,Parana,4107124,Diamante do Sul,636.07,2024,3.75
-24.9677707756,-54.08886872589106,Brazil,Parana,4107157,Diamante D'Oeste,257.01,2016,3.34
-24.9677707756,-54.08886872589106,Brazil,Parana,4107157,Diamante D'Oeste,257.01,2017,3.06
-24.9677707756,-54.08886872589106,Brazil,Parana,4107157,Diamante D'Oeste,257.01,2018,3.3
-24.9677707756,-54.08886872589106,Brazil,Parana,4107157,Diamante D'Oeste,257.01,2019,3.471
-24.9677707756,-54.08886872589106,Brazil,Parana,4107157,Diamante D'Oeste,257.01,2020,3.719
-24.9677707756,-54.08886872589106,Brazil,Parana,4107157,Diamante D'Oeste,257.01,2021,3.101
-24.9677707756,-54.08886872589106,Brazil,Parana,4107157,Diamante D'Oeste,257.01,2022,1.02
-24.9677707756,-54.08886872589106,Brazil,Parana,4107157,Diamante D'Oeste,257.01,2023,3.1
-24.9677707756,-54.08886872589106,Brazil,Parana,4107157,Diamante D'Oeste,257.01,2024,2.975
-25.7412800486,-53.06753487059734,Brazil,Parana,4107207,Dois Vizinhos,504.0,2016,3.222
-25.7412800486,-53.06753487059734,Brazil,Parana,4107207,Dois Vizinhos,504.0,2017,3.7
-25.7412800486,-53.06753487059734,Brazil,Parana,4107207,Dois Vizinhos,504.0,2018,3.6
-25.7412800486,-53.06753487059734,Brazil,Parana,4107207,Dois Vizinhos,504.0,2019,2.96
-25.7412800486,-53.06753487059734,Brazil,Parana,4107207,Dois Vizinhos,504.0,2020,3.937
-25.7412800486,-53.06753487059734,Brazil,Parana,4107207,Dois Vizinhos,504.0,2021,4.112
-25.7412800486,-53.06753487059734,Brazil,Parana,4107207,Dois Vizinhos,504.0,2022,1.327
-25.7412800486,-53.06753487059734,Brazil,Parana,4107207,Dois Vizinhos,504.0,2023,4.291
-25.7412800486,-53.06753487059734,Brazil,Parana,4107207,Dois Vizinhos,504.0,2024,3.895
-23.35086815165,-53.29426536810074,Brazil,Parana,4107256,Douradina,372.47,2016,3.199
-23.35086815165,-53.29426536810074,Brazil,Parana,4107256,Douradina,372.47,2017,2.7
-23.35086815165,-53.29426536810074,Brazil,Parana,4107256,Douradina,372.47,2018,3.56
-23.35086815165,-53.29426536810074,Brazil,Parana,4107256,Douradina,372.47,2019,2.2
-23.35086815165,-53.29426536810074,Brazil,Parana,4107256,Douradina,372.47,2020,3.2
-23.35086815165,-53.29426536810074,Brazil,Parana,4107256,Douradina,372.47,2021,3.2
-23.35086815165,-53.29426536810074,Brazil,Parana,4107256,Douradina,372.47,2022,0.5
-23.35086815165,-53.29426536810074,Brazil,Parana,4107256,Douradina,372.47,2023,4.09
-23.35086815165,-53.29426536810074,Brazil,Parana,4107256,Douradina,372.47,2024,2.4
-23.5685826091,-52.22678856114366,Brazil,Parana,4107306,Doutor Camargo,391.47,2016,3.224
-23.5685826091,-52.22678856114366,Brazil,Parana,4107306,Doutor Camargo,391.47,2017,3.2
-23.5685826091,-52.22678856114366,Brazil,Parana,4107306,Doutor Camargo,391.47,2018,3.4
-23.5685826091,-52.22678856114366,Brazil,Parana,4107306,Doutor Camargo,391.47,2019,3.5
-23.5685826091,-52.22678856114366,Brazil,Parana,4107306,Doutor Camargo,391.47,2020,3.6
-23.5685826091,-52.22678856114366,Brazil,Parana,4107306,Doutor Camargo,391.47,2021,3.0
-23.5685826091,-52.22678856114366,Brazil,Parana,4107306,Doutor Camargo,391.47,2022,1.0
-23.5685826091,-52.22678856114366,Brazil,Parana,4107306,Doutor Camargo,391.47,2023,4.2
-23.5685826091,-52.22678856114366,Brazil,Parana,4107306,Doutor Camargo,391.47,2024,3.2
-25.88150506855,-53.12139326232225,Brazil,Parana,4107405,Enéas Marques,627.56,2016,3.12
-25.88150506855,-53.12139326232225,Brazil,Parana,4107405,Enéas Marques,627.56,2017,3.5
-25.88150506855,-53.12139326232225,Brazil,Parana,4107405,Enéas Marques,627.56,2018,3.7
-25.88150506855,-53.12139326232225,Brazil,Parana,4107405,Enéas Marques,627.56,2019,3.32
-25.88150506855,-53.12139326232225,Brazil,Parana,4107405,Enéas Marques,627.56,2020,3.893
-25.88150506855,-53.12139326232225,Brazil,Parana,4107405,Enéas Marques,627.56,2021,3.9
-25.88150506855,-53.12139326232225,Brazil,Parana,4107405,Enéas Marques,627.56,2022,0.9
-25.88150506855,-53.12139326232225,Brazil,Parana,4107405,Enéas Marques,627.56,2023,3.886
-25.88150506855,-53.12139326232225,Brazil,Parana,4107405,Enéas Marques,627.56,2024,3.36
-23.7614325864,-52.28196155821256,Brazil,Parana,4107504,Engenheiro Beltrão,531.27,2016,2.805
-23.7614325864,-52.28196155821256,Brazil,Parana,4107504,Engenheiro Beltrão,531.27,2017,3.495
-23.7614325864,-52.28196155821256,Brazil,Parana,4107504,Engenheiro Beltrão,531.27,2018,3.47
-23.7614325864,-52.28196155821256,Brazil,Parana,4107504,Engenheiro Beltrão,531.27,2019,2.479
-23.7614325864,-52.28196155821256,Brazil,Parana,4107504,Engenheiro Beltrão,531.27,2020,3.65
-23.7614325864,-52.28196155821256,Brazil,Parana,4107504,Engenheiro Beltrão,531.27,2021,3.4
-23.7614325864,-52.28196155821256,Brazil,Parana,4107504,Engenheiro Beltrão,531.27,2022,0.62
-23.7614325864,-52.28196155821256,Brazil,Parana,4107504,Engenheiro Beltrão,531.27,2023,4.56
-23.7614325864,-52.28196155821256,Brazil,Parana,4107504,Engenheiro Beltrão,531.27,2024,3.0
-23.72567828615,-53.79662202476027,Brazil,Parana,4107520,Esperança Nova,314.4,2016,3.0
-23.72567828615,-53.79662202476027,Brazil,Parana,4107520,Esperança Nova,314.4,2017,3.0
-23.72567828615,-53.79662202476027,Brazil,Parana,4107520,Esperança Nova,314.4,2019,1.607
-23.72567828615,-53.79662202476027,Brazil,Parana,4107520,Esperança Nova,314.4,2020,1.875
-23.72567828615,-53.79662202476027,Brazil,Parana,4107520,Esperança Nova,314.4,2021,2.5
-23.72567828615,-53.79662202476027,Brazil,Parana,4107520,Esperança Nova,314.4,2022,0.45
-23.72567828615,-53.79662202476027,Brazil,Parana,4107520,Esperança Nova,314.4,2023,3.3
-23.72567828615,-53.79662202476027,Brazil,Parana,4107520,Esperança Nova,314.4,2024,2.9
-24.7079505853,-54.23615628876762,Brazil,Parana,4107538,Entre Rios do Oeste,275.67,2016,3.287
-24.7079505853,-54.23615628876762,Brazil,Parana,4107538,Entre Rios do Oeste,275.67,2017,3.8
-24.7079505853,-54.23615628876762,Brazil,Parana,4107538,Entre Rios do Oeste,275.67,2018,3.72
-24.7079505853,-54.23615628876762,Brazil,Parana,4107538,Entre Rios do Oeste,275.67,2019,1.9
-24.7079505853,-54.23615628876762,Brazil,Parana,4107538,Entre Rios do Oeste,275.67,2020,3.9
-24.7079505853,-54.23615628876762,Brazil,Parana,4107538,Entre Rios do Oeste,275.67,2021,3.9
-24.7079505853,-54.23615628876762,Brazil,Parana,4107538,Entre Rios do Oeste,275.67,2022,0.82
-24.7079505853,-54.23615628876762,Brazil,Parana,4107538,Entre Rios do Oeste,275.67,2023,2.772
-24.7079505853,-54.23615628876762,Brazil,Parana,4107538,Entre Rios do Oeste,275.67,2024,3.12
-25.3813149027,-52.77317922230728,Brazil,Parana,4107546,Espigão Alto do Iguaçu,706.5,2016,2.42
-25.3813149027,-52.77317922230728,Brazil,Parana,4107546,Espigão Alto do Iguaçu,706.5,2017,4.0
-25.3813149027,-52.77317922230728,Brazil,Parana,4107546,Espigão Alto do Iguaçu,706.5,2018,3.7
-25.3813149027,-52.77317922230728,Brazil,Parana,4107546,Espigão Alto do Iguaçu,706.5,2019,3.22
-25.3813149027,-52.77317922230728,Brazil,Parana,4107546,Espigão Alto do Iguaçu,706.5,2020,4.181
-25.3813149027,-52.77317922230728,Brazil,Parana,4107546,Espigão Alto do Iguaçu,706.5,2021,3.72
-25.3813149027,-52.77317922230728,Brazil,Parana,4107546,Espigão Alto do Iguaçu,706.5,2022,3.96
-25.3813149027,-52.77317922230728,Brazil,Parana,4107546,Espigão Alto do Iguaçu,706.5,2023,4.34
-25.3813149027,-52.77317922230728,Brazil,Parana,4107546,Espigão Alto do Iguaçu,706.5,2024,4.095
-24.12173562065,-52.61884263112528,Brazil,Parana,4107553,Farol,531.27,2016,3.083
-24.12173562065,-52.61884263112528,Brazil,Parana,4107553,Farol,531.27,2017,3.48
-24.12173562065,-52.61884263112528,Brazil,Parana,4107553,Farol,531.27,2018,3.5
-24.12173562065,-52.61884263112528,Brazil,Parana,4107553,Farol,531.27,2019,2.48
-24.12173562065,-52.61884263112528,Brazil,Parana,4107553,Farol,531.27,2020,3.7
-24.12173562065,-52.61884263112528,Brazil,Parana,4107553,Farol,531.27,2021,4.0
-24.12173562065,-52.61884263112528,Brazil,Parana,4107553,Farol,531.27,2022,1.24
-24.12173562065,-52.61884263112528,Brazil,Parana,4107553,Farol,531.27,2023,4.0
-24.12173562065,-52.61884263112528,Brazil,Parana,4107553,Farol,531.27,2024,2.48
-24.00253802315,-51.24388121585463,Brazil,Parana,4107603,Faxinal,674.86,2016,2.65
-24.00253802315,-51.24388121585463,Brazil,Parana,4107603,Faxinal,674.86,2017,2.65
-24.00253802315,-51.24388121585463,Brazil,Parana,4107603,Faxinal,674.86,2018,2.65
-24.00253802315,-51.24388121585463,Brazil,Parana,4107603,Faxinal,674.86,2019,2.252
-24.00253802315,-51.24388121585463,Brazil,Parana,4107603,Faxinal,674.86,2020,4.24
-24.00253802315,-51.24388121585463,Brazil,Parana,4107603,Faxinal,674.86,2021,2.65
-24.00253802315,-51.24388121585463,Brazil,Parana,4107603,Faxinal,674.86,2022,2.876
-24.00253802315,-51.24388121585463,Brazil,Parana,4107603,Faxinal,674.86,2023,3.6
-24.00253802315,-51.24388121585463,Brazil,Parana,4107603,Faxinal,674.86,2024,3.1
-25.6806683002,-49.30111984610187,Brazil,Parana,4107652,Fazenda Rio Grande,905.85,2016,3.495
-25.6806683002,-49.30111984610187,Brazil,Parana,4107652,Fazenda Rio Grande,905.85,2017,3.6
-25.6806683002,-49.30111984610187,Brazil,Parana,4107652,Fazenda Rio Grande,905.85,2018,3.42
-25.6806683002,-49.30111984610187,Brazil,Parana,4107652,Fazenda Rio Grande,905.85,2019,3.52
-25.6806683002,-49.30111984610187,Brazil,Parana,4107652,Fazenda Rio Grande,905.85,2020,3.58
-25.6806683002,-49.30111984610187,Brazil,Parana,4107652,Fazenda Rio Grande,905.85,2021,3.396
-25.6806683002,-49.30111984610187,Brazil,Parana,4107652,Fazenda Rio Grande,905.85,2022,3.45
-25.6806683002,-49.30111984610187,Brazil,Parana,4107652,Fazenda Rio Grande,905.85,2023,3.7
-25.6806683002,-49.30111984610187,Brazil,Parana,4107652,Fazenda Rio Grande,905.85,2024,3.2
-23.8933495723,-52.02643756681321,Brazil,Parana,4107702,Fênix,435.58,2016,3.221
-23.8933495723,-52.02643756681321,Brazil,Parana,4107702,Fênix,435.58,2017,3.48
-23.8933495723,-52.02643756681321,Brazil,Parana,4107702,Fênix,435.58,2018,3.4
-23.8933495723,-52.02643756681321,Brazil,Parana,4107702,Fênix,435.58,2019,2.8
-23.8933495723,-52.02643756681321,Brazil,Parana,4107702,Fênix,435.58,2020,3.6
-23.8933495723,-52.02643756681321,Brazil,Parana,4107702,Fênix,435.58,2021,3.4
-23.8933495723,-52.02643756681321,Brazil,Parana,4107702,Fênix,435.58,2022,1.0
-23.8933495723,-52.02643756681321,Brazil,Parana,4107702,Fênix,435.58,2023,4.26
-23.8933495723,-52.02643756681321,Brazil,Parana,4107702,Fênix,435.58,2024,3.8
-25.48885153855,-50.51050692220055,Brazil,Parana,4107736,Fernandes Pinheiro,848.71,2016,2.99
-25.48885153855,-50.51050692220055,Brazil,Parana,4107736,Fernandes Pinheiro,848.71,2017,3.65
-25.48885153855,-50.51050692220055,Brazil,Parana,4107736,Fernandes Pinheiro,848.71,2018,3.35
-25.48885153855,-50.51050692220055,Brazil,Parana,4107736,Fernandes Pinheiro,848.71,2019,3.4
-25.48885153855,-50.51050692220055,Brazil,Parana,4107736,Fernandes Pinheiro,848.71,2020,3.325
-25.48885153855,-50.51050692220055,Brazil,Parana,4107736,Fernandes Pinheiro,848.71,2021,3.5
-25.48885153855,-50.51050692220055,Brazil,Parana,4107736,Fernandes Pinheiro,848.71,2022,3.5
-25.48885153855,-50.51050692220055,Brazil,Parana,4107736,Fernandes Pinheiro,848.71,2023,4.0
-25.48885153855,-50.51050692220055,Brazil,Parana,4107736,Fernandes Pinheiro,848.71,2024,3.946
-23.85651304655,-50.42007024935361,Brazil,Parana,4107751,Figueira,756.19,2016,3.001
-23.85651304655,-50.42007024935361,Brazil,Parana,4107751,Figueira,756.19,2017,3.0
-23.85651304655,-50.42007024935361,Brazil,Parana,4107751,Figueira,756.19,2018,3.0
-23.85651304655,-50.42007024935361,Brazil,Parana,4107751,Figueira,756.19,2019,3.667
-23.85651304655,-50.42007024935361,Brazil,Parana,4107751,Figueira,756.19,2020,3.2
-23.85651304655,-50.42007024935361,Brazil,Parana,4107751,Figueira,756.19,2021,3.966
-23.85651304655,-50.42007024935361,Brazil,Parana,4107751,Figueira,756.19,2022,3.966
-23.85651304655,-50.42007024935361,Brazil,Parana,4107751,Figueira,756.19,2023,3.75
-23.85651304655,-50.42007024935361,Brazil,Parana,4107751,Figueira,756.19,2024,3.75
-23.33744501795,-52.35504608070754,Brazil,Parana,4107801,Floraí,391.47,2016,3.47
-23.33744501795,-52.35504608070754,Brazil,Parana,4107801,Floraí,391.47,2017,3.0
-23.33744501795,-52.35504608070754,Brazil,Parana,4107801,Floraí,391.47,2018,3.35
-23.33744501795,-52.35504608070754,Brazil,Parana,4107801,Floraí,391.47,2019,2.4
-23.33744501795,-52.35504608070754,Brazil,Parana,4107801,Floraí,391.47,2020,3.3
-23.33744501795,-52.35504608070754,Brazil,Parana,4107801,Floraí,391.47,2021,2.6
-23.33744501795,-52.35504608070754,Brazil,Parana,4107801,Floraí,391.47,2022,1.0
-23.33744501795,-52.35504608070754,Brazil,Parana,4107801,Floraí,391.47,2023,4.09
-23.33744501795,-52.35504608070754,Brazil,Parana,4107801,Floraí,391.47,2024,2.4
-26.25414676265,-53.23244716406967,Brazil,Parana,4107850,Flor da Serra do Sul,683.58,2016,3.01
-26.25414676265,-53.23244716406967,Brazil,Parana,4107850,Flor da Serra do Sul,683.58,2017,3.6
-26.25414676265,-53.23244716406967,Brazil,Parana,4107850,Flor da Serra do Sul,683.58,2018,3.6
-26.25414676265,-53.23244716406967,Brazil,Parana,4107850,Flor da Serra do Sul,683.58,2019,3.13
-26.25414676265,-53.23244716406967,Brazil,Parana,4107850,Flor da Serra do Sul,683.58,2020,3.585
-26.25414676265,-53.23244716406967,Brazil,Parana,4107850,Flor da Serra do Sul,683.58,2021,3.854
-26.25414676265,-53.23244716406967,Brazil,Parana,4107850,Flor da Serra do Sul,683.58,2022,1.95
-26.25414676265,-53.23244716406967,Brazil,Parana,4107850,Flor da Serra do Sul,683.58,2023,4.477
-26.25414676265,-53.23244716406967,Brazil,Parana,4107850,Flor da Serra do Sul,683.58,2024,3.2
-23.6056281226,-52.08179006444939,Brazil,Parana,4107900,Floresta,489.73,2016,3.397
-23.6056281226,-52.08179006444939,Brazil,Parana,4107900,Floresta,489.73,2017,4.0
-23.6056281226,-52.08179006444939,Brazil,Parana,4107900,Floresta,489.73,2018,3.6
-23.6056281226,-52.08179006444939,Brazil,Parana,4107900,Floresta,489.73,2019,2.8
-23.6056281226,-52.08179006444939,Brazil,Parana,4107900,Floresta,489.73,2020,3.85
-23.6056281226,-52.08179006444939,Brazil,Parana,4107900,Floresta,489.73,2021,3.0
-23.6056281226,-52.08179006444939,Brazil,Parana,4107900,Floresta,489.73,2022,0.9
-23.6056281226,-52.08179006444939,Brazil,Parana,4107900,Floresta,489.73,2023,4.215
-23.6056281226,-52.08179006444939,Brazil,Parana,4107900,Floresta,489.73,2024,2.6
-22.8928256571,-51.41125644479978,Brazil,Parana,4108007,Florestópolis,454.93,2016,2.46
-22.8928256571,-51.41125644479978,Brazil,Parana,4108007,Florestópolis,454.93,2017,3.48
-22.8928256571,-51.41125644479978,Brazil,Parana,4108007,Florestópolis,454.93,2018,3.48
-22.8928256571,-51.41125644479978,Brazil,Parana,4108007,Florestópolis,454.93,2019,2.48
-22.8928256571,-51.41125644479978,Brazil,Parana,4108007,Florestópolis,454.93,2020,3.267
-22.8928256571,-51.41125644479978,Brazil,Parana,4108007,Florestópolis,454.93,2021,2.798
-22.8928256571,-51.41125644479978,Brazil,Parana,4108007,Florestópolis,454.93,2022,2.344
-22.8928256571,-51.41125644479978,Brazil,Parana,4108007,Florestópolis,454.93,2023,3.629
-22.8928256571,-51.41125644479978,Brazil,Parana,4108007,Florestópolis,454.93,2024,2.509
-23.1050669657,-51.96235752534412,Brazil,Parana,4108106,Flórida,442.02,2016,3.1
-23.1050669657,-51.96235752534412,Brazil,Parana,4108106,Flórida,442.02,2017,3.6
-23.1050669657,-51.96235752534412,Brazil,Parana,4108106,Flórida,442.02,2018,3.7
-23.1050669657,-51.96235752534412,Brazil,Parana,4108106,Flórida,442.02,2019,2.54
-23.1050669657,-51.96235752534412,Brazil,Parana,4108106,Flórida,442.02,2020,3.8
-23.1050669657,-51.96235752534412,Brazil,Parana,4108106,Flórida,442.02,2021,2.85
-23.1050669657,-51.96235752534412,Brazil,Parana,4108106,Flórida,442.02,2022,1.2
-23.1050669657,-51.96235752534412,Brazil,Parana,4108106,Flórida,442.02,2023,4.09
-23.1050669657,-51.96235752534412,Brazil,Parana,4108106,Flórida,442.02,2024,2.48
-24.29640359725,-53.32868945835505,Brazil,Parana,4108205,Formosa do Oeste,445.62,2016,3.684
-24.29640359725,-53.32868945835505,Brazil,Parana,4108205,Formosa do Oeste,445.62,2017,4.3
-24.29640359725,-53.32868945835505,Brazil,Parana,4108205,Formosa do Oeste,445.62,2018,3.582
-24.29640359725,-53.32868945835505,Brazil,Parana,4108205,Formosa do Oeste,445.62,2019,3.025
-24.29640359725,-53.32868945835505,Brazil,Parana,4108205,Formosa do Oeste,445.62,2020,3.2
-24.29640359725,-53.32868945835505,Brazil,Parana,4108205,Formosa do Oeste,445.62,2021,3.545
-24.29640359725,-53.32868945835505,Brazil,Parana,4108205,Formosa do Oeste,445.62,2022,4.0
-24.29640359725,-53.32868945835505,Brazil,Parana,4108205,Formosa do Oeste,445.62,2023,4.0
-24.29640359725,-53.32868945835505,Brazil,Parana,4108205,Formosa do Oeste,445.62,2024,3.4
-25.45435289745,-54.55179093018612,Brazil,Parana,4108304,Foz do Iguaçu,247.46,2016,3.459
-25.45435289745,-54.55179093018612,Brazil,Parana,4108304,Foz do Iguaçu,247.46,2017,3.411
-25.45435289745,-54.55179093018612,Brazil,Parana,4108304,Foz do Iguaçu,247.46,2018,2.975
-25.45435289745,-54.55179093018612,Brazil,Parana,4108304,Foz do Iguaçu,247.46,2019,1.5
-25.45435289745,-54.55179093018612,Brazil,Parana,4108304,Foz do Iguaçu,247.46,2020,4.35
-25.45435289745,-54.55179093018612,Brazil,Parana,4108304,Foz do Iguaçu,247.46,2021,3.471
-25.45435289745,-54.55179093018612,Brazil,Parana,4108304,Foz do Iguaçu,247.46,2022,0.7
-25.45435289745,-54.55179093018612,Brazil,Parana,4108304,Foz do Iguaçu,247.46,2023,2.5
-25.45435289745,-54.55179093018612,Brazil,Parana,4108304,Foz do Iguaçu,247.46,2024,2.54
-24.0975220097,-53.88617926876538,Brazil,Parana,4108320,Francisco Alves,315.06,2016,3.59
-24.0975220097,-53.88617926876538,Brazil,Parana,4108320,Francisco Alves,315.06,2017,3.4
-24.0975220097,-53.88617926876538,Brazil,Parana,4108320,Francisco Alves,315.06,2018,3.6
-24.0975220097,-53.88617926876538,Brazil,Parana,4108320,Francisco Alves,315.06,2019,1.7
-24.0975220097,-53.88617926876538,Brazil,Parana,4108320,Francisco Alves,315.06,2020,3.5
-24.0975220097,-53.88617926876538,Brazil,Parana,4108320,Francisco Alves,315.06,2021,3.3
-24.0975220097,-53.88617926876538,Brazil,Parana,4108320,Francisco Alves,315.06,2022,0.48
-24.0975220097,-53.88617926876538,Brazil,Parana,4108320,Francisco Alves,315.06,2023,1.8
-24.0975220097,-53.88617926876538,Brazil,Parana,4108320,Francisco Alves,315.06,2024,2.0
-26.06813779505,-53.10315001176965,Brazil,Parana,4108403,Francisco Beltrão,627.56,2016,3.167
-26.06813779505,-53.10315001176965,Brazil,Parana,4108403,Francisco Beltrão,627.56,2017,3.5
-26.06813779505,-53.10315001176965,Brazil,Parana,4108403,Francisco Beltrão,627.56,2018,3.8
-26.06813779505,-53.10315001176965,Brazil,Parana,4108403,Francisco Beltrão,627.56,2019,3.3
-26.06813779505,-53.10315001176965,Brazil,Parana,4108403,Francisco Beltrão,627.56,2020,3.75
-26.06813779505,-53.10315001176965,Brazil,Parana,4108403,Francisco Beltrão,627.56,2021,4.057
-26.06813779505,-53.10315001176965,Brazil,Parana,4108403,Francisco Beltrão,627.56,2022,1.606
-26.06813779505,-53.10315001176965,Brazil,Parana,4108403,Francisco Beltrão,627.56,2023,4.159
-26.06813779505,-53.10315001176965,Brazil,Parana,4108403,Francisco Beltrão,627.56,2024,3.28
-25.6942607616,-52.07057401108168,Brazil,Parana,4108452,Foz do Jordão,926.26,2016,3.496
-25.6942607616,-52.07057401108168,Brazil,Parana,4108452,Foz do Jordão,926.26,2017,3.87
-25.6942607616,-52.07057401108168,Brazil,Parana,4108452,Foz do Jordão,926.26,2018,3.67
-25.6942607616,-52.07057401108168,Brazil,Parana,4108452,Foz do Jordão,926.26,2019,3.55
-25.6942607616,-52.07057401108168,Brazil,Parana,4108452,Foz do Jordão,926.26,2020,3.98
-25.6942607616,-52.07057401108168,Brazil,Parana,4108452,Foz do Jordão,926.26,2021,3.8
-25.6942607616,-52.07057401108168,Brazil,Parana,4108452,Foz do Jordão,926.26,2022,2.944
-25.6942607616,-52.07057401108168,Brazil,Parana,4108452,Foz do Jordão,926.26,2023,4.242
-25.6942607616,-52.07057401108168,Brazil,Parana,4108452,Foz do Jordão,926.26,2024,4.1
-26.4784470651,-51.38921225369714,Brazil,Parana,4108502,General Carneiro,1054.81,2016,2.5
-26.4784470651,-51.38921225369714,Brazil,Parana,4108502,General Carneiro,1054.81,2017,2.9
-26.4784470651,-51.38921225369714,Brazil,Parana,4108502,General Carneiro,1054.81,2018,2.7
-26.4784470651,-51.38921225369714,Brazil,Parana,4108502,General Carneiro,1054.81,2019,2.8
-26.4784470651,-51.38921225369714,Brazil,Parana,4108502,General Carneiro,1054.81,2020,2.804
-26.4784470651,-51.38921225369714,Brazil,Parana,4108502,General Carneiro,1054.81,2021,2.82
-26.4784470651,-51.38921225369714,Brazil,Parana,4108502,General Carneiro,1054.81,2022,2.333
-26.4784470651,-51.38921225369714,Brazil,Parana,4108502,General Carneiro,1054.81,2023,2.82
-26.4784470651,-51.38921225369714,Brazil,Parana,4108502,General Carneiro,1054.81,2024,2.9
-24.1545965948,-51.87956608052947,Brazil,Parana,4108551,Godoy Moreira,435.58,2016,2.48
-24.1545965948,-51.87956608052947,Brazil,Parana,4108551,Godoy Moreira,435.58,2017,3.5
-24.1545965948,-51.87956608052947,Brazil,Parana,4108551,Godoy Moreira,435.58,2018,3.6
-24.1545965948,-51.87956608052947,Brazil,Parana,4108551,Godoy Moreira,435.58,2019,3.06
-24.1545965948,-51.87956608052947,Brazil,Parana,4108551,Godoy Moreira,435.58,2020,3.96
-24.1545965948,-51.87956608052947,Brazil,Parana,4108551,Godoy Moreira,435.58,2021,3.249
-24.1545965948,-51.87956608052947,Brazil,Parana,4108551,Godoy Moreira,435.58,2022,1.735
-24.1545965948,-51.87956608052947,Brazil,Parana,4108551,Godoy Moreira,435.58,2023,3.165
-24.1545965948,-51.87956608052947,Brazil,Parana,4108551,Godoy Moreira,435.58,2024,3.165
-24.17140138885,-53.06945883420207,Brazil,Parana,4108601,Goioerê,408.68,2016,3.271
-24.17140138885,-53.06945883420207,Brazil,Parana,4108601,Goioerê,408.68,2017,3.9
-24.17140138885,-53.06945883420207,Brazil,Parana,4108601,Goioerê,408.68,2018,3.72
-24.17140138885,-53.06945883420207,Brazil,Parana,4108601,Goioerê,408.68,2019,3.1
-24.17140138885,-53.06945883420207,Brazil,Parana,4108601,Goioerê,408.68,2020,3.6
-24.17140138885,-53.06945883420207,Brazil,Parana,4108601,Goioerê,408.68,2021,3.25
-24.17140138885,-53.06945883420207,Brazil,Parana,4108601,Goioerê,408.68,2022,1.3
-24.17140138885,-53.06945883420207,Brazil,Parana,4108601,Goioerê,408.68,2023,4.5
-24.17140138885,-53.06945883420207,Brazil,Parana,4108601,Goioerê,408.68,2024,3.0
-25.13784330325,-51.98175521893599,Brazil,Parana,4108650,Goioxim,923.44,2016,3.298
-25.13784330325,-51.98175521893599,Brazil,Parana,4108650,Goioxim,923.44,2017,3.81
-25.13784330325,-51.98175521893599,Brazil,Parana,4108650,Goioxim,923.44,2018,3.44
-25.13784330325,-51.98175521893599,Brazil,Parana,4108650,Goioxim,923.44,2019,3.5
-25.13784330325,-51.98175521893599,Brazil,Parana,4108650,Goioxim,923.44,2020,3.943
-25.13784330325,-51.98175521893599,Brazil,Parana,4108650,Goioxim,923.44,2021,3.75
-25.13784330325,-51.98175521893599,Brazil,Parana,4108650,Goioxim,923.44,2022,3.409
-25.13784330325,-51.98175521893599,Brazil,Parana,4108650,Goioxim,923.44,2023,3.946
-25.13784330325,-51.98175521893599,Brazil,Parana,4108650,Goioxim,923.44,2024,3.9
-24.1917876457,-51.42455408787922,Brazil,Parana,4108700,Grandes Rios,674.86,2016,2.23
-24.1917876457,-51.42455408787922,Brazil,Parana,4108700,Grandes Rios,674.86,2017,2.23
-24.1917876457,-51.42455408787922,Brazil,Parana,4108700,Grandes Rios,674.86,2018,2.23
-24.1917876457,-51.42455408787922,Brazil,Parana,4108700,Grandes Rios,674.86,2019,1.895
-24.1917876457,-51.42455408787922,Brazil,Parana,4108700,Grandes Rios,674.86,2020,3.96
-24.1917876457,-51.42455408787922,Brazil,Parana,4108700,Grandes Rios,674.86,2021,2.23
-24.1917876457,-51.42455408787922,Brazil,Parana,4108700,Grandes Rios,674.86,2022,1.685
-24.1917876457,-51.42455408787922,Brazil,Parana,4108700,Grandes Rios,674.86,2023,3.0
-24.1917876457,-51.42455408787922,Brazil,Parana,4108700,Grandes Rios,674.86,2024,2.5
-24.1924427897,-54.24555350735835,Brazil,Parana,4108809,Guaíra,284.96,2016,3.287
-24.1924427897,-54.24555350735835,Brazil,Parana,4108809,Guaíra,284.96,2017,3.6
-24.1924427897,-54.24555350735835,Brazil,Parana,4108809,Guaíra,284.96,2018,3.5
-24.1924427897,-54.24555350735835,Brazil,Parana,4108809,Guaíra,284.96,2019,2.28
-24.1924427897,-54.24555350735835,Brazil,Parana,4108809,Guaíra,284.96,2020,4.14
-24.1924427897,-54.24555350735835,Brazil,Parana,4108809,Guaíra,284.96,2021,3.25
-24.1924427897,-54.24555350735835,Brazil,Parana,4108809,Guaíra,284.96,2022,0.767
-24.1924427897,-54.24555350735835,Brazil,Parana,4108809,Guaíra,284.96,2023,2.85
-24.1924427897,-54.24555350735835,Brazil,Parana,4108809,Guaíra,284.96,2024,2.5
-22.91751153765,-52.7396067069331,Brazil,Parana,4108908,Guairaçá,425.62,2023,5.0
-22.91751153765,-52.7396067069331,Brazil,Parana,4108908,Guairaçá,425.62,2024,3.25
-25.17371347835,-50.82146842262679,Brazil,Parana,4108957,Guamiranga,836.6,2016,2.887
-25.17371347835,-50.82146842262679,Brazil,Parana,4108957,Guamiranga,836.6,2017,3.525
-25.17371347835,-50.82146842262679,Brazil,Parana,4108957,Guamiranga,836.6,2018,3.15
-25.17371347835,-50.82146842262679,Brazil,Parana,4108957,Guamiranga,836.6,2019,3.512
-25.17371347835,-50.82146842262679,Brazil,Parana,4108957,Guamiranga,836.6,2020,3.237
-25.17371347835,-50.82146842262679,Brazil,Parana,4108957,Guamiranga,836.6,2021,3.5
-25.17371347835,-50.82146842262679,Brazil,Parana,4108957,Guamiranga,836.6,2022,3.5
-25.17371347835,-50.82146842262679,Brazil,Parana,4108957,Guamiranga,836.6,2023,3.388
-25.17371347835,-50.82146842262679,Brazil,Parana,4108957,Guamiranga,836.6,2024,3.846
-23.47107315505,-50.07659562634474,Brazil,Parana,4109005,Guapirama,555.51,2016,2.727
-23.47107315505,-50.07659562634474,Brazil,Parana,4109005,Guapirama,555.51,2017,3.5
-23.47107315505,-50.07659562634474,Brazil,Parana,4109005,Guapirama,555.51,2018,3.5
-23.47107315505,-50.07659562634474,Brazil,Parana,4109005,Guapirama,555.51,2019,2.92
-23.47107315505,-50.07659562634474,Brazil,Parana,4109005,Guapirama,555.51,2020,3.5
-23.47107315505,-50.07659562634474,Brazil,Parana,4109005,Guapirama,555.51,2021,3.85
-23.47107315505,-50.07659562634474,Brazil,Parana,4109005,Guapirama,555.51,2022,3.85
-23.47107315505,-50.07659562634474,Brazil,Parana,4109005,Guapirama,555.51,2023,3.67
-23.47107315505,-50.07659562634474,Brazil,Parana,4109005,Guapirama,555.51,2024,3.67
-23.3316645876,-52.81234078297562,Brazil,Parana,4109104,Guaporema,391.47,2016,3.0
-23.3316645876,-52.81234078297562,Brazil,Parana,4109104,Guaporema,391.47,2017,3.2
-23.3316645876,-52.81234078297562,Brazil,Parana,4109104,Guaporema,391.47,2018,3.2
-23.3316645876,-52.81234078297562,Brazil,Parana,4109104,Guaporema,391.47,2019,2.3
-23.3316645876,-52.81234078297562,Brazil,Parana,4109104,Guaporema,391.47,2020,3.25
-23.3316645876,-52.81234078297562,Brazil,Parana,4109104,Guaporema,391.47,2021,2.6
-23.3316645876,-52.81234078297562,Brazil,Parana,4109104,Guaporema,391.47,2022,1.0
-23.3316645876,-52.81234078297562,Brazil,Parana,4109104,Guaporema,391.47,2023,2.7
-23.3316645876,-52.81234078297562,Brazil,Parana,4109104,Guaporema,391.47,2024,3.3
-22.95798366975,-51.67146370363742,Brazil,Parana,4109203,Guaraci,442.02,2016,2.22
-22.95798366975,-51.67146370363742,Brazil,Parana,4109203,Guaraci,442.02,2017,3.4
-22.95798366975,-51.67146370363742,Brazil,Parana,4109203,Guaraci,442.02,2018,3.35
-22.95798366975,-51.67146370363742,Brazil,Parana,4109203,Guaraci,442.02,2019,2.18
-22.95798366975,-51.67146370363742,Brazil,Parana,4109203,Guaraci,442.02,2020,2.95
-22.95798366975,-51.67146370363742,Brazil,Parana,4109203,Guaraci,442.02,2021,2.75
-22.95798366975,-51.67146370363742,Brazil,Parana,4109203,Guaraci,442.02,2022,1.6
-22.95798366975,-51.67146370363742,Brazil,Parana,4109203,Guaraci,442.02,2023,2.73
-22.95798366975,-51.67146370363742,Brazil,Parana,4109203,Guaraci,442.02,2024,2.0
-25.04409221685,-52.85760483957167,Brazil,Parana,4109302,Guaraniaçu,612.33,2016,2.989
-25.04409221685,-52.85760483957167,Brazil,Parana,4109302,Guaraniaçu,612.33,2017,3.838
-25.04409221685,-52.85760483957167,Brazil,Parana,4109302,Guaraniaçu,612.33,2018,3.7
-25.04409221685,-52.85760483957167,Brazil,Parana,4109302,Guaraniaçu,612.33,2019,3.14
-25.04409221685,-52.85760483957167,Brazil,Parana,4109302,Guaraniaçu,612.33,2020,4.081
-25.04409221685,-52.85760483957167,Brazil,Parana,4109302,Guaraniaçu,612.33,2021,3.47
-25.04409221685,-52.85760483957167,Brazil,Parana,4109302,Guaraniaçu,612.33,2022,3.47
-25.04409221685,-52.85760483957167,Brazil,Parana,4109302,Guaraniaçu,612.33,2023,4.22
-25.04409221685,-52.85760483957167,Brazil,Parana,4109302,Guaraniaçu,612.33,2024,4.0
-25.3868309343,-51.4521243153434,Brazil,Parana,4109401,Guarapuava,1049.27,2016,3.6
-25.3868309343,-51.4521243153434,Brazil,Parana,4109401,Guarapuava,1049.27,2017,4.12
-25.3868309343,-51.4521243153434,Brazil,Parana,4109401,Guarapuava,1049.27,2018,3.81
-25.3868309343,-51.4521243153434,Brazil,Parana,4109401,Guarapuava,1049.27,2019,3.8
-25.3868309343,-51.4521243153434,Brazil,Parana,4109401,Guarapuava,1049.27,2020,4.2
-25.3868309343,-51.4521243153434,Brazil,Parana,4109401,Guarapuava,1049.27,2021,4.0
-25.3868309343,-51.4521243153434,Brazil,Parana,4109401,Guarapuava,1049.27,2022,3.684
-25.3868309343,-51.4521243153434,Brazil,Parana,4109401,Guarapuava,1049.27,2023,4.199
-25.3868309343,-51.4521243153434,Brazil,Parana,4109401,Guarapuava,1049.27,2024,3.594
-26.15994299315,-52.36583915018782,Brazil,Parana,4109658,Honório Serpa,733.07,2016,3.45
-26.15994299315,-52.36583915018782,Brazil,Parana,4109658,Honório Serpa,733.07,2017,3.895
-26.15994299315,-52.36583915018782,Brazil,Parana,4109658,Honório Serpa,733.07,2018,3.843
-26.15994299315,-52.36583915018782,Brazil,Parana,4109658,Honório Serpa,733.07,2019,3.471
-26.15994299315,-52.36583915018782,Brazil,Parana,4109658,Honório Serpa,733.07,2020,3.595
-26.15994299315,-52.36583915018782,Brazil,Parana,4109658,Honório Serpa,733.07,2021,3.691
-26.15994299315,-52.36583915018782,Brazil,Parana,4109658,Honório Serpa,733.07,2022,2.754
-26.15994299315,-52.36583915018782,Brazil,Parana,4109658,Honório Serpa,733.07,2023,3.992
-26.15994299315,-52.36583915018782,Brazil,Parana,4109658,Honório Serpa,733.07,2024,3.7
-23.7891084479,-50.28925866049158,Brazil,Parana,4109708,Ibaiti,741.43,2016,2.8
-23.7891084479,-50.28925866049158,Brazil,Parana,4109708,Ibaiti,741.43,2017,2.8
-23.7891084479,-50.28925866049158,Brazil,Parana,4109708,Ibaiti,741.43,2018,2.8
-23.7891084479,-50.28925866049158,Brazil,Parana,4109708,Ibaiti,741.43,2019,3.96
-23.7891084479,-50.28925866049158,Brazil,Parana,4109708,Ibaiti,741.43,2020,3.356
-23.7891084479,-50.28925866049158,Brazil,Parana,4109708,Ibaiti,741.43,2021,2.985
-23.7891084479,-50.28925866049158,Brazil,Parana,4109708,Ibaiti,741.43,2022,3.72
-23.7891084479,-50.28925866049158,Brazil,Parana,4109708,Ibaiti,741.43,2023,3.72
-23.7891084479,-50.28925866049158,Brazil,Parana,4109708,Ibaiti,741.43,2024,2.23
-25.1509731318,-53.02320985407083,Brazil,Parana,4109757,Ibema,612.33,2016,3.446
-25.1509731318,-53.02320985407083,Brazil,Parana,4109757,Ibema,612.33,2017,3.5
-25.1509731318,-53.02320985407083,Brazil,Parana,4109757,Ibema,612.33,2018,3.497
-25.1509731318,-53.02320985407083,Brazil,Parana,4109757,Ibema,612.33,2019,2.6
-25.1509731318,-53.02320985407083,Brazil,Parana,4109757,Ibema,612.33,2020,4.196
-25.1509731318,-53.02320985407083,Brazil,Parana,4109757,Ibema,612.33,2021,3.4
-25.1509731318,-53.02320985407083,Brazil,Parana,4109757,Ibema,612.33,2022,3.0
-25.1509731318,-53.02320985407083,Brazil,Parana,4109757,Ibema,612.33,2023,3.348
-25.1509731318,-53.02320985407083,Brazil,Parana,4109757,Ibema,612.33,2024,3.316
-23.22803009215,-51.04882354765391,Brazil,Parana,4109807,Ibiporã,454.93,2016,2.25
-23.22803009215,-51.04882354765391,Brazil,Parana,4109807,Ibiporã,454.93,2017,3.6
-23.22803009215,-51.04882354765391,Brazil,Parana,4109807,Ibiporã,454.93,2018,3.35
-23.22803009215,-51.04882354765391,Brazil,Parana,4109807,Ibiporã,454.93,2019,3.1
-23.22803009215,-51.04882354765391,Brazil,Parana,4109807,Ibiporã,454.93,2020,3.5
-23.22803009215,-51.04882354765391,Brazil,Parana,4109807,Ibiporã,454.93,2021,3.25
-23.22803009215,-51.04882354765391,Brazil,Parana,4109807,Ibiporã,454.93,2022,3.233
-23.22803009215,-51.04882354765391,Brazil,Parana,4109807,Ibiporã,454.93,2023,3.856
-23.22803009215,-51.04882354765391,Brazil,Parana,4109807,Ibiporã,454.93,2024,3.7
-23.3760205975,-53.59740018579249,Brazil,Parana,4109906,Icaraíma,314.4,2016,3.0
-23.3760205975,-53.59740018579249,Brazil,Parana,4109906,Icaraíma,314.4,2017,1.7
-23.3760205975,-53.59740018579249,Brazil,Parana,4109906,Icaraíma,314.4,2018,3.0
-23.3760205975,-53.59740018579249,Brazil,Parana,4109906,Icaraíma,314.4,2019,1.6
-23.3760205975,-53.59740018579249,Brazil,Parana,4109906,Icaraíma,314.4,2020,2.7
-23.3760205975,-53.59740018579249,Brazil,Parana,4109906,Icaraíma,314.4,2021,2.0
-23.3760205975,-53.59740018579249,Brazil,Parana,4109906,Icaraíma,314.4,2022,0.95
-23.3760205975,-53.59740018579249,Brazil,Parana,4109906,Icaraíma,314.4,2023,2.399
-23.3760205975,-53.59740018579249,Brazil,Parana,4109906,Icaraíma,314.4,2024,2.303
-23.2174996803,-51.81203580646994,Brazil,Parana,4110003,Iguaraçu,442.02,2016,3.0
-23.2174996803,-51.81203580646994,Brazil,Parana,4110003,Iguaraçu,442.02,2017,3.47
-23.2174996803,-51.81203580646994,Brazil,Parana,4110003,Iguaraçu,442.02,2018,3.4
-23.2174996803,-51.81203580646994,Brazil,Parana,4110003,Iguaraçu,442.02,2019,2.5
-23.2174996803,-51.81203580646994,Brazil,Parana,4110003,Iguaraçu,442.02,2020,3.35
-23.2174996803,-51.81203580646994,Brazil,Parana,4110003,Iguaraçu,442.02,2021,2.7
-23.2174996803,-51.81203580646994,Brazil,Parana,4110003,Iguaraçu,442.02,2022,2.0
-23.2174996803,-51.81203580646994,Brazil,Parana,4110003,Iguaraçu,442.02,2023,4.215
-23.2174996803,-51.81203580646994,Brazil,Parana,4110003,Iguaraçu,442.02,2024,3.0
-24.6800696946,-53.07835530132898,Brazil,Parana,4110052,Iguatu,445.62,2016,4.003
-24.6800696946,-53.07835530132898,Brazil,Parana,4110052,Iguatu,445.62,2017,3.9
-24.6800696946,-53.07835530132898,Brazil,Parana,4110052,Iguatu,445.62,2018,3.6
-24.6800696946,-53.07835530132898,Brazil,Parana,4110052,Iguatu,445.62,2019,3.65
-24.6800696946,-53.07835530132898,Brazil,Parana,4110052,Iguatu,445.62,2020,4.0
-24.6800696946,-53.07835530132898,Brazil,Parana,4110052,Iguatu,445.62,2021,3.36
-24.6800696946,-53.07835530132898,Brazil,Parana,4110052,Iguatu,445.62,2022,3.548
-24.6800696946,-53.07835530132898,Brazil,Parana,4110052,Iguatu,445.62,2023,3.514
-24.6800696946,-53.07835530132898,Brazil,Parana,4110052,Iguatu,445.62,2024,3.552
-24.44007852665,-50.74954544379959,Brazil,Parana,4110078,Imbaú,800.8,2016,3.242
-24.44007852665,-50.74954544379959,Brazil,Parana,4110078,Imbaú,800.8,2017,3.8
-24.44007852665,-50.74954544379959,Brazil,Parana,4110078,Imbaú,800.8,2018,3.7
-24.44007852665,-50.74954544379959,Brazil,Parana,4110078,Imbaú,800.8,2019,3.1
-24.44007852665,-50.74954544379959,Brazil,Parana,4110078,Imbaú,800.8,2020,3.767
-24.44007852665,-50.74954544379959,Brazil,Parana,4110078,Imbaú,800.8,2021,3.675
-24.44007852665,-50.74954544379959,Brazil,Parana,4110078,Imbaú,800.8,2022,3.569
-24.44007852665,-50.74954544379959,Brazil,Parana,4110078,Imbaú,800.8,2023,3.679
-24.44007852665,-50.74954544379959,Brazil,Parana,4110078,Imbaú,800.8,2024,3.484
-25.2257704527,-50.65294322065314,Brazil,Parana,4110102,Imbituva,836.6,2016,3.274
-25.2257704527,-50.65294322065314,Brazil,Parana,4110102,Imbituva,836.6,2017,3.75
-25.2257704527,-50.65294322065314,Brazil,Parana,4110102,Imbituva,836.6,2018,3.5
-25.2257704527,-50.65294322065314,Brazil,Parana,4110102,Imbituva,836.6,2019,3.7
-25.2257704527,-50.65294322065314,Brazil,Parana,4110102,Imbituva,836.6,2020,3.531
-25.2257704527,-50.65294322065314,Brazil,Parana,4110102,Imbituva,836.6,2021,3.462
-25.2257704527,-50.65294322065314,Brazil,Parana,4110102,Imbituva,836.6,2022,3.7
-25.2257704527,-50.65294322065314,Brazil,Parana,4110102,Imbituva,836.6,2023,3.782
-25.2257704527,-50.65294322065314,Brazil,Parana,4110102,Imbituva,836.6,2024,3.99
-25.6439192374,-51.19599168580888,Brazil,Parana,4110201,Inácio Martins,1049.27,2016,2.744
-25.6439192374,-51.19599168580888,Brazil,Parana,4110201,Inácio Martins,1049.27,2017,3.2
-25.6439192374,-51.19599168580888,Brazil,Parana,4110201,Inácio Martins,1049.27,2018,3.0
-25.6439192374,-51.19599168580888,Brazil,Parana,4110201,Inácio Martins,1049.27,2019,2.85
-25.6439192374,-51.19599168580888,Brazil,Parana,4110201,Inácio Martins,1049.27,2020,3.15
-25.6439192374,-51.19599168580888,Brazil,Parana,4110201,Inácio Martins,1049.27,2021,3.4
-25.6439192374,-51.19599168580888,Brazil,Parana,4110201,Inácio Martins,1049.27,2022,3.5
-25.6439192374,-51.19599168580888,Brazil,Parana,4110201,Inácio Martins,1049.27,2023,3.399
-25.6439192374,-51.19599168580888,Brazil,Parana,4110201,Inácio Martins,1049.27,2024,3.493
-22.7149233623,-52.22231256296038,Brazil,Parana,4110300,Inajá,333.24,2017,2.3
-22.7149233623,-52.22231256296038,Brazil,Parana,4110300,Inajá,333.24,2018,3.0
-22.7149233623,-52.22231256296038,Brazil,Parana,4110300,Inajá,333.24,2019,1.952
-22.7149233623,-52.22231256296038,Brazil,Parana,4110300,Inajá,333.24,2020,2.622
-22.7149233623,-52.22231256296038,Brazil,Parana,4110300,Inajá,333.24,2021,3.0
-22.7149233623,-52.22231256296038,Brazil,Parana,4110300,Inajá,333.24,2022,1.655
-22.7149233623,-52.22231256296038,Brazil,Parana,4110300,Inajá,333.24,2023,3.599
-22.7149233623,-52.22231256296038,Brazil,Parana,4110300,Inajá,333.24,2024,2.04
-23.48245114165,-52.66710335073542,Brazil,Parana,4110409,Indianópolis,391.47,2016,2.5
-23.48245114165,-52.66710335073542,Brazil,Parana,4110409,Indianópolis,391.47,2017,3.3
-23.48245114165,-52.66710335073542,Brazil,Parana,4110409,Indianópolis,391.47,2018,3.3
-23.48245114165,-52.66710335073542,Brazil,Parana,4110409,Indianópolis,391.47,2019,1.8
-23.48245114165,-52.66710335073542,Brazil,Parana,4110409,Indianópolis,391.47,2020,3.0
-23.48245114165,-52.66710335073542,Brazil,Parana,4110409,Indianópolis,391.47,2021,2.6
-23.48245114165,-52.66710335073542,Brazil,Parana,4110409,Indianópolis,391.47,2022,1.0
-23.48245114165,-52.66710335073542,Brazil,Parana,4110409,Indianópolis,391.47,2023,2.567
-23.48245114165,-52.66710335073542,Brazil,Parana,4110409,Indianópolis,391.47,2024,2.0
-25.0072000988,-50.5647001585033,Brazil,Parana,4110508,Ipiranga,836.6,2016,3.374
-25.0072000988,-50.5647001585033,Brazil,Parana,4110508,Ipiranga,836.6,2017,3.9
-25.0072000988,-50.5647001585033,Brazil,Parana,4110508,Ipiranga,836.6,2018,3.75
-25.0072000988,-50.5647001585033,Brazil,Parana,4110508,Ipiranga,836.6,2019,3.6
-25.0072000988,-50.5647001585033,Brazil,Parana,4110508,Ipiranga,836.6,2020,3.982
-25.0072000988,-50.5647001585033,Brazil,Parana,4110508,Ipiranga,836.6,2021,3.7
-25.0072000988,-50.5647001585033,Brazil,Parana,4110508,Ipiranga,836.6,2022,3.735
-25.0072000988,-50.5647001585033,Brazil,Parana,4110508,Ipiranga,836.6,2023,4.232
-25.0072000988,-50.5647001585033,Brazil,Parana,4110508,Ipiranga,836.6,2024,3.644
-24.0593655669,-53.6802740045632,Brazil,Parana,4110607,Iporã,315.06,2016,2.961
-24.0593655669,-53.6802740045632,Brazil,Parana,4110607,Iporã,315.06,2017,3.2
-24.0593655669,-53.6802740045632,Brazil,Parana,4110607,Iporã,315.06,2018,3.4
-24.0593655669,-53.6802740045632,Brazil,Parana,4110607,Iporã,315.06,2019,1.701
-24.0593655669,-53.6802740045632,Brazil,Parana,4110607,Iporã,315.06,2020,3.2
-24.0593655669,-53.6802740045632,Brazil,Parana,4110607,Iporã,315.06,2021,3.0
-24.0593655669,-53.6802740045632,Brazil,Parana,4110607,Iporã,315.06,2022,0.65
-24.0593655669,-53.6802740045632,Brazil,Parana,4110607,Iporã,315.06,2023,2.8
-24.0593655669,-53.6802740045632,Brazil,Parana,4110607,Iporã,315.06,2024,2.5
-24.4315311397,-53.35135045378731,Brazil,Parana,4110656,Iracema do Oeste,445.62,2016,3.346
-24.4315311397,-53.35135045378731,Brazil,Parana,4110656,Iracema do Oeste,445.62,2017,4.2
-24.4315311397,-53.35135045378731,Brazil,Parana,4110656,Iracema do Oeste,445.62,2018,4.2
-24.4315311397,-53.35135045378731,Brazil,Parana,4110656,Iracema do Oeste,445.62,2019,2.85
-24.4315311397,-53.35135045378731,Brazil,Parana,4110656,Iracema do Oeste,445.62,2020,3.34
-24.4315311397,-53.35135045378731,Brazil,Parana,4110656,Iracema do Oeste,445.62,2021,3.1
-24.4315311397,-53.35135045378731,Brazil,Parana,4110656,Iracema do Oeste,445.62,2022,0.546
-24.4315311397,-53.35135045378731,Brazil,Parana,4110656,Iracema do Oeste,445.62,2023,3.72
-24.4315311397,-53.35135045378731,Brazil,Parana,4110656,Iracema do Oeste,445.62,2024,3.6
-25.4894258882,-50.83264259605745,Brazil,Parana,4110706,Irati,848.71,2016,2.989
-25.4894258882,-50.83264259605745,Brazil,Parana,4110706,Irati,848.71,2017,3.6
-25.4894258882,-50.83264259605745,Brazil,Parana,4110706,Irati,848.71,2018,3.4
-25.4894258882,-50.83264259605745,Brazil,Parana,4110706,Irati,848.71,2019,3.6
-25.4894258882,-50.83264259605745,Brazil,Parana,4110706,Irati,848.71,2020,3.427
-25.4894258882,-50.83264259605745,Brazil,Parana,4110706,Irati,848.71,2021,3.6
-25.4894258882,-50.83264259605745,Brazil,Parana,4110706,Irati,848.71,2022,3.6
-25.4894258882,-50.83264259605745,Brazil,Parana,4110706,Irati,848.71,2023,3.766
-25.4894258882,-50.83264259605745,Brazil,Parana,4110706,Irati,848.71,2024,3.759
-24.3580555228,-52.07997695866218,Brazil,Parana,4110805,Iretama,715.32,2016,2.393
-24.3580555228,-52.07997695866218,Brazil,Parana,4110805,Iretama,715.32,2017,3.2
-24.3580555228,-52.07997695866218,Brazil,Parana,4110805,Iretama,715.32,2018,3.35
-24.3580555228,-52.07997695866218,Brazil,Parana,4110805,Iretama,715.32,2019,3.6
-24.3580555228,-52.07997695866218,Brazil,Parana,4110805,Iretama,715.32,2020,3.7
-24.3580555228,-52.07997695866218,Brazil,Parana,4110805,Iretama,715.32,2021,3.5
-24.3580555228,-52.07997695866218,Brazil,Parana,4110805,Iretama,715.32,2022,2.23
-24.3580555228,-52.07997695866218,Brazil,Parana,4110805,Iretama,715.32,2023,3.5
-24.3580555228,-52.07997695866218,Brazil,Parana,4110805,Iretama,715.32,2024,3.2
-22.6663863951,-51.98382015276994,Brazil,Parana,4110904,Itaguajé,373.21,2016,3.0
-22.6663863951,-51.98382015276994,Brazil,Parana,4110904,Itaguajé,373.21,2017,3.249
-22.6663863951,-51.98382015276994,Brazil,Parana,4110904,Itaguajé,373.21,2018,3.3
-22.6663863951,-51.98382015276994,Brazil,Parana,4110904,Itaguajé,373.21,2019,1.6
-22.6663863951,-51.98382015276994,Brazil,Parana,4110904,Itaguajé,373.21,2020,2.726
-22.6663863951,-51.98382015276994,Brazil,Parana,4110904,Itaguajé,373.21,2021,3.1
-22.6663863951,-51.98382015276994,Brazil,Parana,4110904,Itaguajé,373.21,2022,1.2
-22.6663863951,-51.98382015276994,Brazil,Parana,4110904,Itaguajé,373.21,2023,3.719
-22.6663863951,-51.98382015276994,Brazil,Parana,4110904,Itaguajé,373.21,2024,1.75
-25.13670547385,-54.35465587707778,Brazil,Parana,4110953,Itaipulândia,257.01,2016,3.397
-25.13670547385,-54.35465587707778,Brazil,Parana,4110953,Itaipulândia,257.01,2017,3.1
-25.13670547385,-54.35465587707778,Brazil,Parana,4110953,Itaipulândia,257.01,2018,3.8
-25.13670547385,-54.35465587707778,Brazil,Parana,4110953,Itaipulândia,257.01,2019,1.608
-25.13670547385,-54.35465587707778,Brazil,Parana,4110953,Itaipulândia,257.01,2020,2.7
-25.13670547385,-54.35465587707778,Brazil,Parana,4110953,Itaipulândia,257.01,2021,3.471
-25.13670547385,-54.35465587707778,Brazil,Parana,4110953,Itaipulândia,257.01,2022,0.495
-25.13670547385,-54.35465587707778,Brazil,Parana,4110953,Itaipulândia,257.01,2023,1.86
-25.13670547385,-54.35465587707778,Brazil,Parana,4110953,Itaipulândia,257.01,2024,2.3
-22.98652287075,-50.41356984595605,Brazil,Parana,4111001,Itambaracá,453.47,2016,3.209
-22.98652287075,-50.41356984595605,Brazil,Parana,4111001,Itambaracá,453.47,2017,3.091
-22.98652287075,-50.41356984595605,Brazil,Parana,4111001,Itambaracá,453.47,2018,3.12
-22.98652287075,-50.41356984595605,Brazil,Parana,4111001,Itambaracá,453.47,2019,2.76
-22.98652287075,-50.41356984595605,Brazil,Parana,4111001,Itambaracá,453.47,2020,3.24
-22.98652287075,-50.41356984595605,Brazil,Parana,4111001,Itambaracá,453.47,2021,3.24
-22.98652287075,-50.41356984595605,Brazil,Parana,4111001,Itambaracá,453.47,2022,1.577
-22.98652287075,-50.41356984595605,Brazil,Parana,4111001,Itambaracá,453.47,2023,3.714
-22.98652287075,-50.41356984595605,Brazil,Parana,4111001,Itambaracá,453.47,2024,1.829
-23.71543753135,-52.00844342047148,Brazil,Parana,4111100,Itambé,489.73,2016,3.0
-23.71543753135,-52.00844342047148,Brazil,Parana,4111100,Itambé,489.73,2017,4.0
-23.71543753135,-52.00844342047148,Brazil,Parana,4111100,Itambé,489.73,2018,3.65
-23.71543753135,-52.00844342047148,Brazil,Parana,4111100,Itambé,489.73,2019,2.578
-23.71543753135,-52.00844342047148,Brazil,Parana,4111100,Itambé,489.73,2020,3.8
-23.71543753135,-52.00844342047148,Brazil,Parana,4111100,Itambé,489.73,2021,3.0
-23.71543753135,-52.00844342047148,Brazil,Parana,4111100,Itambé,489.73,2022,0.84
-23.71543753135,-52.00844342047148,Brazil,Parana,4111100,Itambé,489.73,2023,4.09
-23.71543753135,-52.00844342047148,Brazil,Parana,4111100,Itambé,489.73,2024,2.355
-25.9843321263,-52.84760652123606,Brazil,Parana,4111209,Itapejara d'Oeste,627.56,2016,2.917
-25.9843321263,-52.84760652123606,Brazil,Parana,4111209,Itapejara d'Oeste,627.56,2017,4.0
-25.9843321263,-52.84760652123606,Brazil,Parana,4111209,Itapejara d'Oeste,627.56,2018,4.0
-25.9843321263,-52.84760652123606,Brazil,Parana,4111209,Itapejara d'Oeste,627.56,2019,2.698
-25.9843321263,-52.84760652123606,Brazil,Parana,4111209,Itapejara d'Oeste,627.56,2020,3.958
-25.9843321263,-52.84760652123606,Brazil,Parana,4111209,Itapejara d'Oeste,627.56,2021,3.941
-25.9843321263,-52.84760652123606,Brazil,Parana,4111209,Itapejara d'Oeste,627.56,2022,3.265
-25.9843321263,-52.84760652123606,Brazil,Parana,4111209,Itapejara d'Oeste,627.56,2023,3.977
-25.9843321263,-52.84760652123606,Brazil,Parana,4111209,Itapejara d'Oeste,627.56,2024,2.613
-25.11209354635,-49.51733947859893,Brazil,Parana,4111258,Itaperuçu,815.04,2017,4.0
-25.11209354635,-49.51733947859893,Brazil,Parana,4111258,Itaperuçu,815.04,2018,3.42
-25.11209354635,-49.51733947859893,Brazil,Parana,4111258,Itaperuçu,815.04,2019,3.35
-25.11209354635,-49.51733947859893,Brazil,Parana,4111258,Itaperuçu,815.04,2020,3.409
-25.11209354635,-49.51733947859893,Brazil,Parana,4111258,Itaperuçu,815.04,2021,3.231
-25.11209354635,-49.51733947859893,Brazil,Parana,4111258,Itaperuçu,815.04,2022,3.388
-25.11209354635,-49.51733947859893,Brazil,Parana,4111258,Itaperuçu,815.04,2023,3.5
-25.11209354635,-49.51733947859893,Brazil,Parana,4111258,Itaperuçu,815.04,2024,3.06
-22.72618078245,-52.89576265418117,Brazil,Parana,4111308,Itaúna do Sul,304.26,2016,3.2
-22.72618078245,-52.89576265418117,Brazil,Parana,4111308,Itaúna do Sul,304.26,2017,2.648
-22.72618078245,-52.89576265418117,Brazil,Parana,4111308,Itaúna do Sul,304.26,2018,2.648
-22.72618078245,-52.89576265418117,Brazil,Parana,4111308,Itaúna do Sul,304.26,2019,1.0
-22.72618078245,-52.89576265418117,Brazil,Parana,4111308,Itaúna do Sul,304.26,2020,3.0
-22.72618078245,-52.89576265418117,Brazil,Parana,4111308,Itaúna do Sul,304.26,2021,3.718
-22.72618078245,-52.89576265418117,Brazil,Parana,4111308,Itaúna do Sul,304.26,2022,0.599
-22.72618078245,-52.89576265418117,Brazil,Parana,4111308,Itaúna do Sul,304.26,2023,2.801
-22.72618078245,-52.89576265418117,Brazil,Parana,4111308,Itaúna do Sul,304.26,2024,2.502
-24.99596275605,-50.85601267007193,Brazil,Parana,4111407,Ivaí,836.6,2016,3.36
-24.99596275605,-50.85601267007193,Brazil,Parana,4111407,Ivaí,836.6,2017,3.8
-24.99596275605,-50.85601267007193,Brazil,Parana,4111407,Ivaí,836.6,2018,3.7
-24.99596275605,-50.85601267007193,Brazil,Parana,4111407,Ivaí,836.6,2019,3.1
-24.99596275605,-50.85601267007193,Brazil,Parana,4111407,Ivaí,836.6,2020,3.85
-24.99596275605,-50.85601267007193,Brazil,Parana,4111407,Ivaí,836.6,2021,3.461
-24.99596275605,-50.85601267007193,Brazil,Parana,4111407,Ivaí,836.6,2022,3.265
-24.99596275605,-50.85601267007193,Brazil,Parana,4111407,Ivaí,836.6,2023,3.865
-24.99596275605,-50.85601267007193,Brazil,Parana,4111407,Ivaí,836.6,2024,3.481
-24.2814380199,-51.62536633033287,Brazil,Parana,4111506,Ivaiporã,715.32,2016,2.6
-24.2814380199,-51.62536633033287,Brazil,Parana,4111506,Ivaiporã,715.32,2017,3.5
-24.2814380199,-51.62536633033287,Brazil,Parana,4111506,Ivaiporã,715.32,2018,3.5
-24.2814380199,-51.62536633033287,Brazil,Parana,4111506,Ivaiporã,715.32,2019,2.975
-24.2814380199,-51.62536633033287,Brazil,Parana,4111506,Ivaiporã,715.32,2020,4.26
-24.2814380199,-51.62536633033287,Brazil,Parana,4111506,Ivaiporã,715.32,2021,3.244
-24.2814380199,-51.62536633033287,Brazil,Parana,4111506,Ivaiporã,715.32,2022,1.735
-24.2814380199,-51.62536633033287,Brazil,Parana,4111506,Ivaiporã,715.32,2023,3.451
-24.2814380199,-51.62536633033287,Brazil,Parana,4111506,Ivaiporã,715.32,2024,2.975
-23.37699298285,-53.39446318860774,Brazil,Parana,4111555,Ivaté,372.47,2016,3.099
-23.37699298285,-53.39446318860774,Brazil,Parana,4111555,Ivaté,372.47,2017,2.6
-23.37699298285,-53.39446318860774,Brazil,Parana,4111555,Ivaté,372.47,2018,3.2
-23.37699298285,-53.39446318860774,Brazil,Parana,4111555,Ivaté,372.47,2019,2.1
-23.37699298285,-53.39446318860774,Brazil,Parana,4111555,Ivaté,372.47,2020,3.199
-23.37699298285,-53.39446318860774,Brazil,Parana,4111555,Ivaté,372.47,2021,3.0
-23.37699298285,-53.39446318860774,Brazil,Parana,4111555,Ivaté,372.47,2022,0.4
-23.37699298285,-53.39446318860774,Brazil,Parana,4111555,Ivaté,372.47,2023,3.35
-23.37699298285,-53.39446318860774,Brazil,Parana,4111555,Ivaté,372.47,2024,2.0
-23.581221191,-52.15684110293958,Brazil,Parana,4111605,Ivatuba,489.73,2016,3.698
-23.581221191,-52.15684110293958,Brazil,Parana,4111605,Ivatuba,489.73,2017,3.75
-23.581221191,-52.15684110293958,Brazil,Parana,4111605,Ivatuba,489.73,2018,3.77
-23.581221191,-52.15684110293958,Brazil,Parana,4111605,Ivatuba,489.73,2019,2.85
-23.581221191,-52.15684110293958,Brazil,Parana,4111605,Ivatuba,489.73,2020,3.75
-23.581221191,-52.15684110293958,Brazil,Parana,4111605,Ivatuba,489.73,2021,3.3
-23.581221191,-52.15684110293958,Brazil,Parana,4111605,Ivatuba,489.73,2022,0.9
-23.581221191,-52.15684110293958,Brazil,Parana,4111605,Ivatuba,489.73,2023,4.325
-23.581221191,-52.15684110293958,Brazil,Parana,4111605,Ivatuba,489.73,2024,3.245
-23.71947836595,-50.07017497780186,Brazil,Parana,4111704,Jaboti,555.51,2016,3.0
-23.71947836595,-50.07017497780186,Brazil,Parana,4111704,Jaboti,555.51,2017,3.4
-23.71947836595,-50.07017497780186,Brazil,Parana,4111704,Jaboti,555.51,2018,3.4
-23.71947836595,-50.07017497780186,Brazil,Parana,4111704,Jaboti,555.51,2019,3.47
-23.71947836595,-50.07017497780186,Brazil,Parana,4111704,Jaboti,555.51,2020,3.45
-23.71947836595,-50.07017497780186,Brazil,Parana,4111704,Jaboti,555.51,2021,3.72
-23.71947836595,-50.07017497780186,Brazil,Parana,4111704,Jaboti,555.51,2022,3.72
-23.71947836595,-50.07017497780186,Brazil,Parana,4111704,Jaboti,555.51,2023,3.47
-23.71947836595,-50.07017497780186,Brazil,Parana,4111704,Jaboti,555.51,2024,3.47
-23.1469131483,-49.97443750146036,Brazil,Parana,4111803,Jacarezinho,482.82,2016,2.96
-23.1469131483,-49.97443750146036,Brazil,Parana,4111803,Jacarezinho,482.82,2017,3.571
-23.1469131483,-49.97443750146036,Brazil,Parana,4111803,Jacarezinho,482.82,2018,5.4
-23.1469131483,-49.97443750146036,Brazil,Parana,4111803,Jacarezinho,482.82,2019,3.2
-23.1469131483,-49.97443750146036,Brazil,Parana,4111803,Jacarezinho,482.82,2020,3.45
-23.1469131483,-49.97443750146036,Brazil,Parana,4111803,Jacarezinho,482.82,2021,3.95
-23.1469131483,-49.97443750146036,Brazil,Parana,4111803,Jacarezinho,482.82,2022,3.95
-23.1469131483,-49.97443750146036,Brazil,Parana,4111803,Jacarezinho,482.82,2023,3.68
-23.1469131483,-49.97443750146036,Brazil,Parana,4111803,Jacarezinho,482.82,2024,3.68
-23.04820322285,-51.61745775802622,Brazil,Parana,4111902,Jaguapitã,442.02,2016,2.46
-23.04820322285,-51.61745775802622,Brazil,Parana,4111902,Jaguapitã,442.02,2017,3.4
-23.04820322285,-51.61745775802622,Brazil,Parana,4111902,Jaguapitã,442.02,2018,3.35
-23.04820322285,-51.61745775802622,Brazil,Parana,4111902,Jaguapitã,442.02,2019,2.5
-23.04820322285,-51.61745775802622,Brazil,Parana,4111902,Jaguapitã,442.02,2020,3.2
-23.04820322285,-51.61745775802622,Brazil,Parana,4111902,Jaguapitã,442.02,2021,3.0
-23.04820322285,-51.61745775802622,Brazil,Parana,4111902,Jaguapitã,442.02,2022,2.1
-23.04820322285,-51.61745775802622,Brazil,Parana,4111902,Jaguapitã,442.02,2023,3.85
-23.04820322285,-51.61745775802622,Brazil,Parana,4111902,Jaguapitã,442.02,2024,2.6
-24.3427177974,-49.78334865979041,Brazil,Parana,4112009,Jaguariaíva,967.9,2016,3.388
-24.3427177974,-49.78334865979041,Brazil,Parana,4112009,Jaguariaíva,967.9,2017,4.0
-24.3427177974,-49.78334865979041,Brazil,Parana,4112009,Jaguariaíva,967.9,2018,3.75
-24.3427177974,-49.78334865979041,Brazil,Parana,4112009,Jaguariaíva,967.9,2019,3.5
-24.3427177974,-49.78334865979041,Brazil,Parana,4112009,Jaguariaíva,967.9,2020,4.081
-24.3427177974,-49.78334865979041,Brazil,Parana,4112009,Jaguariaíva,967.9,2021,3.779
-24.3427177974,-49.78334865979041,Brazil,Parana,4112009,Jaguariaíva,967.9,2022,3.735
-24.3427177974,-49.78334865979041,Brazil,Parana,4112009,Jaguariaíva,967.9,2023,4.082
-24.3427177974,-49.78334865979041,Brazil,Parana,4112009,Jaguariaíva,967.9,2024,3.693
-23.6264734095,-51.69119891060151,Brazil,Parana,4112108,Jandaia do Sul,489.73,2016,2.353
-23.6264734095,-51.69119891060151,Brazil,Parana,4112108,Jandaia do Sul,489.73,2017,3.65
-23.6264734095,-51.69119891060151,Brazil,Parana,4112108,Jandaia do Sul,489.73,2018,3.2
-23.6264734095,-51.69119891060151,Brazil,Parana,4112108,Jandaia do Sul,489.73,2019,3.1
-23.6264734095,-51.69119891060151,Brazil,Parana,4112108,Jandaia do Sul,489.73,2020,3.6
-23.6264734095,-51.69119891060151,Brazil,Parana,4112108,Jandaia do Sul,489.73,2021,3.4
-23.6264734095,-51.69119891060151,Brazil,Parana,4112108,Jandaia do Sul,489.73,2022,2.35
-23.6264734095,-51.69119891060151,Brazil,Parana,4112108,Jandaia do Sul,489.73,2023,3.4
-23.6264734095,-51.69119891060151,Brazil,Parana,4112108,Jandaia do Sul,489.73,2024,3.4
-24.1465701239,-52.78890174183667,Brazil,Parana,4112207,Janiópolis,531.27,2016,3.101
-24.1465701239,-52.78890174183667,Brazil,Parana,4112207,Janiópolis,531.27,2017,3.47
-24.1465701239,-52.78890174183667,Brazil,Parana,4112207,Janiópolis,531.27,2018,3.59
-24.1465701239,-52.78890174183667,Brazil,Parana,4112207,Janiópolis,531.27,2019,2.85
-24.1465701239,-52.78890174183667,Brazil,Parana,4112207,Janiópolis,531.27,2020,3.78
-24.1465701239,-52.78890174183667,Brazil,Parana,4112207,Janiópolis,531.27,2021,3.5
-24.1465701239,-52.78890174183667,Brazil,Parana,4112207,Janiópolis,531.27,2022,1.3
-24.1465701239,-52.78890174183667,Brazil,Parana,4112207,Janiópolis,531.27,2023,4.1
-24.1465701239,-52.78890174183667,Brazil,Parana,4112207,Janiópolis,531.27,2024,2.73
-23.7107264719,-50.17952093783502,Brazil,Parana,4112306,Japira,555.51,2016,3.0
-23.7107264719,-50.17952093783502,Brazil,Parana,4112306,Japira,555.51,2017,3.47
-23.7107264719,-50.17952093783502,Brazil,Parana,4112306,Japira,555.51,2018,3.47
-23.7107264719,-50.17952093783502,Brazil,Parana,4112306,Japira,555.51,2019,3.47
-23.7107264719,-50.17952093783502,Brazil,Parana,4112306,Japira,555.51,2020,3.3
-23.7107264719,-50.17952093783502,Brazil,Parana,4112306,Japira,555.51,2021,3.2
-23.7107264719,-50.17952093783502,Brazil,Parana,4112306,Japira,555.51,2022,3.72
-23.7107264719,-50.17952093783502,Brazil,Parana,4112306,Japira,555.51,2023,3.47
-23.7107264719,-50.17952093783502,Brazil,Parana,4112306,Japira,555.51,2024,3.47
-23.44325960935,-52.53867426538512,Brazil,Parana,4112405,Japurá,391.47,2016,2.8
-23.44325960935,-52.53867426538512,Brazil,Parana,4112405,Japurá,391.47,2017,3.5
-23.44325960935,-52.53867426538512,Brazil,Parana,4112405,Japurá,391.47,2018,3.2
-23.44325960935,-52.53867426538512,Brazil,Parana,4112405,Japurá,391.47,2019,2.0
-23.44325960935,-52.53867426538512,Brazil,Parana,4112405,Japurá,391.47,2020,3.5
-23.44325960935,-52.53867426538512,Brazil,Parana,4112405,Japurá,391.47,2021,2.6
-23.44325960935,-52.53867426538512,Brazil,Parana,4112405,Japurá,391.47,2022,1.0
-23.44325960935,-52.53867426538512,Brazil,Parana,4112405,Japurá,391.47,2023,2.6
-23.44325960935,-52.53867426538512,Brazil,Parana,4112405,Japurá,391.47,2024,2.479
-24.21029215125,-51.79642202535508,Brazil,Parana,4112504,Jardim Alegre,435.58,2016,2.6
-24.21029215125,-51.79642202535508,Brazil,Parana,4112504,Jardim Alegre,435.58,2017,3.5
-24.21029215125,-51.79642202535508,Brazil,Parana,4112504,Jardim Alegre,435.58,2018,3.5
-24.21029215125,-51.79642202535508,Brazil,Parana,4112504,Jardim Alegre,435.58,2019,3.5
-24.21029215125,-51.79642202535508,Brazil,Parana,4112504,Jardim Alegre,435.58,2020,4.26
-24.21029215125,-51.79642202535508,Brazil,Parana,4112504,Jardim Alegre,435.58,2021,3.244
-24.21029215125,-51.79642202535508,Brazil,Parana,4112504,Jardim Alegre,435.58,2022,1.735
-24.21029215125,-51.79642202535508,Brazil,Parana,4112504,Jardim Alegre,435.58,2023,3.159
-24.21029215125,-51.79642202535508,Brazil,Parana,4112504,Jardim Alegre,435.58,2024,2.975
-22.57403769025,-52.07753010690496,Brazil,Parana,4112603,Jardim Olinda,373.21,2016,2.994
-22.57403769025,-52.07753010690496,Brazil,Parana,4112603,Jardim Olinda,373.21,2017,3.4
-22.57403769025,-52.07753010690496,Brazil,Parana,4112603,Jardim Olinda,373.21,2018,3.47
-22.57403769025,-52.07753010690496,Brazil,Parana,4112603,Jardim Olinda,373.21,2019,1.8
-22.57403769025,-52.07753010690496,Brazil,Parana,4112603,Jardim Olinda,373.21,2020,3.081
-22.57403769025,-52.07753010690496,Brazil,Parana,4112603,Jardim Olinda,373.21,2021,3.2
-22.57403769025,-52.07753010690496,Brazil,Parana,4112603,Jardim Olinda,373.21,2022,0.67
-22.57403769025,-52.07753010690496,Brazil,Parana,4112603,Jardim Olinda,373.21,2023,3.918
-22.57403769025,-52.07753010690496,Brazil,Parana,4112603,Jardim Olinda,373.21,2024,1.62
-23.2454109207,-50.93855777095186,Brazil,Parana,4112702,Jataizinho,454.93,2016,2.94
-23.2454109207,-50.93855777095186,Brazil,Parana,4112702,Jataizinho,454.93,2017,3.304
-23.2454109207,-50.93855777095186,Brazil,Parana,4112702,Jataizinho,454.93,2018,3.12
-23.2454109207,-50.93855777095186,Brazil,Parana,4112702,Jataizinho,454.93,2019,2.727
-23.2454109207,-50.93855777095186,Brazil,Parana,4112702,Jataizinho,454.93,2020,3.36
-23.2454109207,-50.93855777095186,Brazil,Parana,4112702,Jataizinho,454.93,2021,3.35
-23.2454109207,-50.93855777095186,Brazil,Parana,4112702,Jataizinho,454.93,2022,3.123
-23.2454109207,-50.93855777095186,Brazil,Parana,4112702,Jataizinho,454.93,2023,3.123
-23.2454109207,-50.93855777095186,Brazil,Parana,4112702,Jataizinho,454.93,2024,2.0
-24.41196755385,-53.42054830232469,Brazil,Parana,4112751,Jesuítas,445.62,2016,3.347
-24.41196755385,-53.42054830232469,Brazil,Parana,4112751,Jesuítas,445.62,2017,4.2
-24.41196755385,-53.42054830232469,Brazil,Parana,4112751,Jesuítas,445.62,2018,4.0
-24.41196755385,-53.42054830232469,Brazil,Parana,4112751,Jesuítas,445.62,2019,3.138
-24.41196755385,-53.42054830232469,Brazil,Parana,4112751,Jesuítas,445.62,2020,3.458
-24.41196755385,-53.42054830232469,Brazil,Parana,4112751,Jesuítas,445.62,2021,3.1
-24.41196755385,-53.42054830232469,Brazil,Parana,4112751,Jesuítas,445.62,2022,0.917
-24.41196755385,-53.42054830232469,Brazil,Parana,4112751,Jesuítas,445.62,2023,4.08
-24.41196755385,-53.42054830232469,Brazil,Parana,4112751,Jesuítas,445.62,2024,3.595
-23.43663289205,-49.90503622726727,Brazil,Parana,4112801,Joaquim Távora,555.51,2016,2.603
-23.43663289205,-49.90503622726727,Brazil,Parana,4112801,Joaquim Távora,555.51,2017,3.5
-23.43663289205,-49.90503622726727,Brazil,Parana,4112801,Joaquim Távora,555.51,2018,3.2
-23.43663289205,-49.90503622726727,Brazil,Parana,4112801,Joaquim Távora,555.51,2019,3.596
-23.43663289205,-49.90503622726727,Brazil,Parana,4112801,Joaquim Távora,555.51,2020,3.2
-23.43663289205,-49.90503622726727,Brazil,Parana,4112801,Joaquim Távora,555.51,2021,3.8
-23.43663289205,-49.90503622726727,Brazil,Parana,4112801,Joaquim Távora,555.51,2022,3.8
-23.43663289205,-49.90503622726727,Brazil,Parana,4112801,Joaquim Távora,555.51,2023,3.65
-23.43663289205,-49.90503622726727,Brazil,Parana,4112801,Joaquim Távora,555.51,2024,3.65
-23.4713587313,-50.2149228954679,Brazil,Parana,4112900,Jundiaí do Sul,555.51,2016,2.603
-23.4713587313,-50.2149228954679,Brazil,Parana,4112900,Jundiaí do Sul,555.51,2017,3.8
-23.4713587313,-50.2149228954679,Brazil,Parana,4112900,Jundiaí do Sul,555.51,2018,2.5
-23.4713587313,-50.2149228954679,Brazil,Parana,4112900,Jundiaí do Sul,555.51,2019,2.95
-23.4713587313,-50.2149228954679,Brazil,Parana,4112900,Jundiaí do Sul,555.51,2020,3.48
-23.4713587313,-50.2149228954679,Brazil,Parana,4112900,Jundiaí do Sul,555.51,2021,3.85
-23.4713587313,-50.2149228954679,Brazil,Parana,4112900,Jundiaí do Sul,555.51,2022,3.85
-23.4713587313,-50.2149228954679,Brazil,Parana,4112900,Jundiaí do Sul,555.51,2023,3.85
-23.4713587313,-50.2149228954679,Brazil,Parana,4112900,Jundiaí do Sul,555.51,2024,3.85
-24.40345899925,-52.85475708226247,Brazil,Parana,4112959,Juranda,445.62,2016,3.687
-24.40345899925,-52.85475708226247,Brazil,Parana,4112959,Juranda,445.62,2017,3.9
-24.40345899925,-52.85475708226247,Brazil,Parana,4112959,Juranda,445.62,2018,3.72
-24.40345899925,-52.85475708226247,Brazil,Parana,4112959,Juranda,445.62,2019,2.7
-24.40345899925,-52.85475708226247,Brazil,Parana,4112959,Juranda,445.62,2020,3.6
-24.40345899925,-52.85475708226247,Brazil,Parana,4112959,Juranda,445.62,2021,3.6
-24.40345899925,-52.85475708226247,Brazil,Parana,4112959,Juranda,445.62,2022,1.735
-24.40345899925,-52.85475708226247,Brazil,Parana,4112959,Juranda,445.62,2023,4.361
-24.40345899925,-52.85475708226247,Brazil,Parana,4112959,Juranda,445.62,2024,3.225
-23.652921421,-52.46023913458482,Brazil,Parana,4113007,Jussara,391.47,2016,2.709
-23.652921421,-52.46023913458482,Brazil,Parana,4113007,Jussara,391.47,2017,2.975
-23.652921421,-52.46023913458482,Brazil,Parana,4113007,Jussara,391.47,2018,2.975
-23.652921421,-52.46023913458482,Brazil,Parana,4113007,Jussara,391.47,2019,2.0
-23.652921421,-52.46023913458482,Brazil,Parana,4113007,Jussara,391.47,2020,3.35
-23.652921421,-52.46023913458482,Brazil,Parana,4113007,Jussara,391.47,2021,2.6
-23.652921421,-52.46023913458482,Brazil,Parana,4113007,Jussara,391.47,2022,1.0
-23.652921421,-52.46023913458482,Brazil,Parana,4113007,Jussara,391.47,2023,2.525
-23.652921421,-52.46023913458482,Brazil,Parana,4113007,Jussara,391.47,2024,2.75
-23.8629323217,-51.67183851339227,Brazil,Parana,4113106,Kaloré,435.58,2016,2.34
-23.8629323217,-51.67183851339227,Brazil,Parana,4113106,Kaloré,435.58,2017,3.704
-23.8629323217,-51.67183851339227,Brazil,Parana,4113106,Kaloré,435.58,2018,3.42
-23.8629323217,-51.67183851339227,Brazil,Parana,4113106,Kaloré,435.58,2019,3.2
-23.8629323217,-51.67183851339227,Brazil,Parana,4113106,Kaloré,435.58,2020,3.48
-23.8629323217,-51.67183851339227,Brazil,Parana,4113106,Kaloré,435.58,2021,3.2
-23.8629323217,-51.67183851339227,Brazil,Parana,4113106,Kaloré,435.58,2022,1.4
-23.8629323217,-51.67183851339227,Brazil,Parana,4113106,Kaloré,435.58,2023,3.7
-23.8629323217,-51.67183851339227,Brazil,Parana,4113106,Kaloré,435.58,2024,2.75
-25.80054956945,-49.88142928171891,Brazil,Parana,4113205,Lapa,841.6,2016,3.35
-25.80054956945,-49.88142928171891,Brazil,Parana,4113205,Lapa,841.6,2017,3.35
-25.80054956945,-49.88142928171891,Brazil,Parana,4113205,Lapa,841.6,2018,3.745
-25.80054956945,-49.88142928171891,Brazil,Parana,4113205,Lapa,841.6,2019,3.745
-25.80054956945,-49.88142928171891,Brazil,Parana,4113205,Lapa,841.6,2020,3.966
-25.80054956945,-49.88142928171891,Brazil,Parana,4113205,Lapa,841.6,2021,3.9
-25.80054956945,-49.88142928171891,Brazil,Parana,4113205,Lapa,841.6,2022,3.9
-25.80054956945,-49.88142928171891,Brazil,Parana,4113205,Lapa,841.6,2023,3.595
-25.80054956945,-49.88142928171891,Brazil,Parana,4113205,Lapa,841.6,2024,3.379
-24.89164618,-52.49367359500897,Brazil,Parana,4113254,Laranjal,636.07,2016,3.3
-24.89164618,-52.49367359500897,Brazil,Parana,4113254,Laranjal,636.07,2017,3.56
-24.89164618,-52.49367359500897,Brazil,Parana,4113254,Laranjal,636.07,2018,3.44
-24.89164618,-52.49367359500897,Brazil,Parana,4113254,Laranjal,636.07,2019,3.0
-24.89164618,-52.49367359500897,Brazil,Parana,4113254,Laranjal,636.07,2020,3.25
-24.89164618,-52.49367359500897,Brazil,Parana,4113254,Laranjal,636.07,2021,3.1
-24.89164618,-52.49367359500897,Brazil,Parana,4113254,Laranjal,636.07,2022,2.0
-24.89164618,-52.49367359500897,Brazil,Parana,4113254,Laranjal,636.07,2023,2.75
-24.89164618,-52.49367359500897,Brazil,Parana,4113254,Laranjal,636.07,2024,3.47
-25.3095172591,-52.3380184697418,Brazil,Parana,4113304,Laranjeiras do Sul,706.5,2016,3.49
-25.3095172591,-52.3380184697418,Brazil,Parana,4113304,Laranjeiras do Sul,706.5,2017,3.7
-25.3095172591,-52.3380184697418,Brazil,Parana,4113304,Laranjeiras do Sul,706.5,2018,3.47
-25.3095172591,-52.3380184697418,Brazil,Parana,4113304,Laranjeiras do Sul,706.5,2019,3.47
-25.3095172591,-52.3380184697418,Brazil,Parana,4113304,Laranjeiras do Sul,706.5,2020,3.968
-25.3095172591,-52.3380184697418,Brazil,Parana,4113304,Laranjeiras do Sul,706.5,2021,3.6
-25.3095172591,-52.3380184697418,Brazil,Parana,4113304,Laranjeiras do Sul,706.5,2022,3.6
-25.3095172591,-52.3380184697418,Brazil,Parana,4113304,Laranjeiras do Sul,706.5,2023,4.34
-25.3095172591,-52.3380184697418,Brazil,Parana,4113304,Laranjeiras do Sul,706.5,2024,4.1
-23.0241860305,-50.70034110047239,Brazil,Parana,4113403,Leópolis,453.47,2016,2.94
-23.0241860305,-50.70034110047239,Brazil,Parana,4113403,Leópolis,453.47,2017,3.48
-23.0241860305,-50.70034110047239,Brazil,Parana,4113403,Leópolis,453.47,2018,3.18
-23.0241860305,-50.70034110047239,Brazil,Parana,4113403,Leópolis,453.47,2019,2.88
-23.0241860305,-50.70034110047239,Brazil,Parana,4113403,Leópolis,453.47,2020,3.24
-23.0241860305,-50.70034110047239,Brazil,Parana,4113403,Leópolis,453.47,2021,3.24
-23.0241860305,-50.70034110047239,Brazil,Parana,4113403,Leópolis,453.47,2022,1.86
-23.0241860305,-50.70034110047239,Brazil,Parana,4113403,Leópolis,453.47,2023,3.714
-23.0241860305,-50.70034110047239,Brazil,Parana,4113403,Leópolis,453.47,2024,1.89
-24.0733936432,-51.63204949129555,Brazil,Parana,4113429,Lidianópolis,435.58,2016,2.6
-24.0733936432,-51.63204949129555,Brazil,Parana,4113429,Lidianópolis,435.58,2017,3.5
-24.0733936432,-51.63204949129555,Brazil,Parana,4113429,Lidianópolis,435.58,2018,3.5
-24.0733936432,-51.63204949129555,Brazil,Parana,4113429,Lidianópolis,435.58,2019,2.975
-24.0733936432,-51.63204949129555,Brazil,Parana,4113429,Lidianópolis,435.58,2020,4.46
-24.0733936432,-51.63204949129555,Brazil,Parana,4113429,Lidianópolis,435.58,2021,3.244
-24.0733936432,-51.63204949129555,Brazil,Parana,4113429,Lidianópolis,435.58,2022,1.735
-24.0733936432,-51.63204949129555,Brazil,Parana,4113429,Lidianópolis,435.58,2023,3.159
-24.0733936432,-51.63204949129555,Brazil,Parana,4113429,Lidianópolis,435.58,2024,2.794
-25.24885274785,-53.53134981367343,Brazil,Parana,4113452,Lindoeste,523.8,2016,3.238
-25.24885274785,-53.53134981367343,Brazil,Parana,4113452,Lindoeste,523.8,2017,3.69
-25.24885274785,-53.53134981367343,Brazil,Parana,4113452,Lindoeste,523.8,2018,3.595
-25.24885274785,-53.53134981367343,Brazil,Parana,4113452,Lindoeste,523.8,2019,3.0
-25.24885274785,-53.53134981367343,Brazil,Parana,4113452,Lindoeste,523.8,2020,3.9
-25.24885274785,-53.53134981367343,Brazil,Parana,4113452,Lindoeste,523.8,2021,3.349
-25.24885274785,-53.53134981367343,Brazil,Parana,4113452,Lindoeste,523.8,2022,2.791
-25.24885274785,-53.53134981367343,Brazil,Parana,4113452,Lindoeste,523.8,2023,3.293
-25.24885274785,-53.53134981367343,Brazil,Parana,4113452,Lindoeste,523.8,2024,3.247
-22.9714140092,-53.07637979083013,Brazil,Parana,4113502,Loanda,328.34,2016,2.703
-22.9714140092,-53.07637979083013,Brazil,Parana,4113502,Loanda,328.34,2017,3.358
-22.9714140092,-53.07637979083013,Brazil,Parana,4113502,Loanda,328.34,2018,3.66
-22.9714140092,-53.07637979083013,Brazil,Parana,4113502,Loanda,328.34,2019,2.3
-22.9714140092,-53.07637979083013,Brazil,Parana,4113502,Loanda,328.34,2020,3.8
-22.9714140092,-53.07637979083013,Brazil,Parana,4113502,Loanda,328.34,2021,3.596
-22.9714140092,-53.07637979083013,Brazil,Parana,4113502,Loanda,328.34,2022,0.6
-22.9714140092,-53.07637979083013,Brazil,Parana,4113502,Loanda,328.34,2023,3.0
-22.9714140092,-53.07637979083013,Brazil,Parana,4113502,Loanda,328.34,2024,3.527
-22.9778751051,-51.97090386075517,Brazil,Parana,4113601,Lobato,442.02,2016,3.25
-22.9778751051,-51.97090386075517,Brazil,Parana,4113601,Lobato,442.02,2017,3.65
-22.9778751051,-51.97090386075517,Brazil,Parana,4113601,Lobato,442.02,2018,3.69
-22.9778751051,-51.97090386075517,Brazil,Parana,4113601,Lobato,442.02,2019,2.64
-22.9778751051,-51.97090386075517,Brazil,Parana,4113601,Lobato,442.02,2020,3.72
-22.9778751051,-51.97090386075517,Brazil,Parana,4113601,Lobato,442.02,2021,2.7
-22.9778751051,-51.97090386075517,Brazil,Parana,4113601,Lobato,442.02,2022,1.6
-22.9778751051,-51.97090386075517,Brazil,Parana,4113601,Lobato,442.02,2023,4.1
-22.9778751051,-51.97090386075517,Brazil,Parana,4113601,Lobato,442.02,2024,2.469
-23.4734373472,-51.11789176305449,Brazil,Parana,4113700,Londrina,631.22,2016,2.25
-23.4734373472,-51.11789176305449,Brazil,Parana,4113700,Londrina,631.22,2017,3.25
-23.4734373472,-51.11789176305449,Brazil,Parana,4113700,Londrina,631.22,2018,3.1
-23.4734373472,-51.11789176305449,Brazil,Parana,4113700,Londrina,631.22,2019,2.975
-23.4734373472,-51.11789176305449,Brazil,Parana,4113700,Londrina,631.22,2020,3.5
-23.4734373472,-51.11789176305449,Brazil,Parana,4113700,Londrina,631.22,2021,3.35
-23.4734373472,-51.11789176305449,Brazil,Parana,4113700,Londrina,631.22,2022,3.343
-23.4734373472,-51.11789176305449,Brazil,Parana,4113700,Londrina,631.22,2023,3.71
-23.4734373472,-51.11789176305449,Brazil,Parana,4113700,Londrina,631.22,2024,3.5
-24.3486052563,-52.30744009222715,Brazil,Parana,4113734,Luiziana,607.89,2016,2.453
-24.3486052563,-52.30744009222715,Brazil,Parana,4113734,Luiziana,607.89,2017,3.471
-24.3486052563,-52.30744009222715,Brazil,Parana,4113734,Luiziana,607.89,2018,3.63
-24.3486052563,-52.30744009222715,Brazil,Parana,4113734,Luiziana,607.89,2019,3.7
-24.3486052563,-52.30744009222715,Brazil,Parana,4113734,Luiziana,607.89,2020,4.0
-24.3486052563,-52.30744009222715,Brazil,Parana,4113734,Luiziana,607.89,2021,3.714
-24.3486052563,-52.30744009222715,Brazil,Parana,4113734,Luiziana,607.89,2022,2.04
-24.3486052563,-52.30744009222715,Brazil,Parana,4113734,Luiziana,607.89,2023,4.322
-24.3486052563,-52.30744009222715,Brazil,Parana,4113734,Luiziana,607.89,2024,4.3
-24.07391514965,-51.77201887126792,Brazil,Parana,4113759,Lunardelli,,2016,2.231
-24.07391514965,-51.77201887126792,Brazil,Parana,4113759,Lunardelli,,2017,3.5
-24.07391514965,-51.77201887126792,Brazil,Parana,4113759,Lunardelli,,2018,3.5
-24.07391514965,-51.77201887126792,Brazil,Parana,4113759,Lunardelli,,2019,3.05
-24.07391514965,-51.77201887126792,Brazil,Parana,4113759,Lunardelli,,2020,4.46
-24.07391514965,-51.77201887126792,Brazil,Parana,4113759,Lunardelli,,2021,4.45
-24.07391514965,-51.77201887126792,Brazil,Parana,4113759,Lunardelli,,2022,1.78
-24.07391514965,-51.77201887126792,Brazil,Parana,4113759,Lunardelli,,2023,3.159
-24.07391514965,-51.77201887126792,Brazil,Parana,4113759,Lunardelli,,2024,1.0
-22.7421884452,-51.65890005408514,Brazil,Parana,4113809,Lupionópolis,373.21,2016,2.88
-22.7421884452,-51.65890005408514,Brazil,Parana,4113809,Lupionópolis,373.21,2017,3.54
-22.7421884452,-51.65890005408514,Brazil,Parana,4113809,Lupionópolis,373.21,2018,3.0
-22.7421884452,-51.65890005408514,Brazil,Parana,4113809,Lupionópolis,373.21,2019,1.45
-22.7421884452,-51.65890005408514,Brazil,Parana,4113809,Lupionópolis,373.21,2020,3.1
-22.7421884452,-51.65890005408514,Brazil,Parana,4113809,Lupionópolis,373.21,2021,2.6
-22.7421884452,-51.65890005408514,Brazil,Parana,4113809,Lupionópolis,373.21,2022,1.5
-22.7421884452,-51.65890005408514,Brazil,Parana,4113809,Lupionópolis,373.21,2023,3.62
-22.7421884452,-51.65890005408514,Brazil,Parana,4113809,Lupionópolis,373.21,2024,2.0
-25.89625813785,-50.84081852624392,Brazil,Parana,4113908,Mallet,834.26,2016,3.081
-25.89625813785,-50.84081852624392,Brazil,Parana,4113908,Mallet,834.26,2017,3.5
-25.89625813785,-50.84081852624392,Brazil,Parana,4113908,Mallet,834.26,2018,3.2
-25.89625813785,-50.84081852624392,Brazil,Parana,4113908,Mallet,834.26,2019,3.1
-25.89625813785,-50.84081852624392,Brazil,Parana,4113908,Mallet,834.26,2020,3.233
-25.89625813785,-50.84081852624392,Brazil,Parana,4113908,Mallet,834.26,2021,3.5
-25.89625813785,-50.84081852624392,Brazil,Parana,4113908,Mallet,834.26,2022,3.5
-25.89625813785,-50.84081852624392,Brazil,Parana,4113908,Mallet,834.26,2023,3.5
-25.89625813785,-50.84081852624392,Brazil,Parana,4113908,Mallet,834.26,2024,3.43
-24.35046781695,-52.57513800221295,Brazil,Parana,4114005,Mamborê,607.89,2016,3.327
-24.35046781695,-52.57513800221295,Brazil,Parana,4114005,Mamborê,607.89,2017,3.35
-24.35046781695,-52.57513800221295,Brazil,Parana,4114005,Mamborê,607.89,2018,3.4
-24.35046781695,-52.57513800221295,Brazil,Parana,4114005,Mamborê,607.89,2019,3.495
-24.35046781695,-52.57513800221295,Brazil,Parana,4114005,Mamborê,607.89,2020,3.9
-24.35046781695,-52.57513800221295,Brazil,Parana,4114005,Mamborê,607.89,2021,3.48
-24.35046781695,-52.57513800221295,Brazil,Parana,4114005,Mamborê,607.89,2022,2.282
-24.35046781695,-52.57513800221295,Brazil,Parana,4114005,Mamborê,607.89,2023,4.02
-24.35046781695,-52.57513800221295,Brazil,Parana,4114005,Mamborê,607.89,2024,3.78
-23.28487427355,-52.04317675078924,Brazil,Parana,4114104,Mandaguaçu,489.73,2016,2.85
-23.28487427355,-52.04317675078924,Brazil,Parana,4114104,Mandaguaçu,489.73,2017,3.5
-23.28487427355,-52.04317675078924,Brazil,Parana,4114104,Mandaguaçu,489.73,2018,3.4
-23.28487427355,-52.04317675078924,Brazil,Parana,4114104,Mandaguaçu,489.73,2019,3.47
-23.28487427355,-52.04317675078924,Brazil,Parana,4114104,Mandaguaçu,489.73,2020,3.35
-23.28487427355,-52.04317675078924,Brazil,Parana,4114104,Mandaguaçu,489.73,2021,2.85
-23.28487427355,-52.04317675078924,Brazil,Parana,4114104,Mandaguaçu,489.73,2022,1.5
-23.28487427355,-52.04317675078924,Brazil,Parana,4114104,Mandaguaçu,489.73,2023,4.041
-23.28487427355,-52.04317675078924,Brazil,Parana,4114104,Mandaguaçu,489.73,2024,2.98
-23.4873470338,-51.68693715346754,Brazil,Parana,4114203,Mandaguari,489.73,2016,2.9
-23.4873470338,-51.68693715346754,Brazil,Parana,4114203,Mandaguari,489.73,2017,3.95
-23.4873470338,-51.68693715346754,Brazil,Parana,4114203,Mandaguari,489.73,2018,3.75
-23.4873470338,-51.68693715346754,Brazil,Parana,4114203,Mandaguari,489.73,2019,3.13
-23.4873470338,-51.68693715346754,Brazil,Parana,4114203,Mandaguari,489.73,2020,3.6
-23.4873470338,-51.68693715346754,Brazil,Parana,4114203,Mandaguari,489.73,2021,3.36
-23.4873470338,-51.68693715346754,Brazil,Parana,4114203,Mandaguari,489.73,2022,1.8
-23.4873470338,-51.68693715346754,Brazil,Parana,4114203,Mandaguari,489.73,2023,3.9
-23.4873470338,-51.68693715346754,Brazil,Parana,4114203,Mandaguari,489.73,2024,2.5
-25.8138159154,-49.31429792774905,Brazil,Parana,4114302,Mandirituba,849.62,2016,1.784
-25.8138159154,-49.31429792774905,Brazil,Parana,4114302,Mandirituba,849.62,2017,3.6
-25.8138159154,-49.31429792774905,Brazil,Parana,4114302,Mandirituba,849.62,2018,3.42
-25.8138159154,-49.31429792774905,Brazil,Parana,4114302,Mandirituba,849.62,2019,3.419
-25.8138159154,-49.31429792774905,Brazil,Parana,4114302,Mandirituba,849.62,2020,3.477
-25.8138159154,-49.31429792774905,Brazil,Parana,4114302,Mandirituba,849.62,2021,3.3
-25.8138159154,-49.31429792774905,Brazil,Parana,4114302,Mandirituba,849.62,2022,3.45
-25.8138159154,-49.31429792774905,Brazil,Parana,4114302,Mandirituba,849.62,2023,3.8
-25.8138159154,-49.31429792774905,Brazil,Parana,4114302,Mandirituba,849.62,2024,3.29
-26.10391595855,-53.32517914012453,Brazil,Parana,4114351,Manfrinópolis,627.56,2016,3.2
-26.10391595855,-53.32517914012453,Brazil,Parana,4114351,Manfrinópolis,627.56,2017,3.7
-26.10391595855,-53.32517914012453,Brazil,Parana,4114351,Manfrinópolis,627.56,2018,3.7
-26.10391595855,-53.32517914012453,Brazil,Parana,4114351,Manfrinópolis,627.56,2019,3.14
-26.10391595855,-53.32517914012453,Brazil,Parana,4114351,Manfrinópolis,627.56,2020,4.25
-26.10391595855,-53.32517914012453,Brazil,Parana,4114351,Manfrinópolis,627.56,2021,3.8
-26.10391595855,-53.32517914012453,Brazil,Parana,4114351,Manfrinópolis,627.56,2022,0.99
-26.10391595855,-53.32517914012453,Brazil,Parana,4114351,Manfrinópolis,627.56,2023,3.828
-26.10391595855,-53.32517914012453,Brazil,Parana,4114351,Manfrinópolis,627.56,2024,3.0
-26.0373101177,-52.22864207632514,Brazil,Parana,4114401,Mangueirinha,733.07,2016,3.833
-26.0373101177,-52.22864207632514,Brazil,Parana,4114401,Mangueirinha,733.07,2017,4.167
-26.0373101177,-52.22864207632514,Brazil,Parana,4114401,Mangueirinha,733.07,2018,3.84
-26.0373101177,-52.22864207632514,Brazil,Parana,4114401,Mangueirinha,733.07,2019,3.84
-26.0373101177,-52.22864207632514,Brazil,Parana,4114401,Mangueirinha,733.07,2020,4.19
-26.0373101177,-52.22864207632514,Brazil,Parana,4114401,Mangueirinha,733.07,2021,3.9
-26.0373101177,-52.22864207632514,Brazil,Parana,4114401,Mangueirinha,733.07,2022,3.304
-26.0373101177,-52.22864207632514,Brazil,Parana,4114401,Mangueirinha,733.07,2023,4.441
-26.0373101177,-52.22864207632514,Brazil,Parana,4114401,Mangueirinha,733.07,2024,4.08
-24.4907213522,-51.6227301299042,Brazil,Parana,4114500,Manoel Ribas,715.32,2016,3.1
-24.4907213522,-51.6227301299042,Brazil,Parana,4114500,Manoel Ribas,715.32,2017,1.711
-24.4907213522,-51.6227301299042,Brazil,Parana,4114500,Manoel Ribas,715.32,2018,3.8
-24.4907213522,-51.6227301299042,Brazil,Parana,4114500,Manoel Ribas,715.32,2019,3.4
-24.4907213522,-51.6227301299042,Brazil,Parana,4114500,Manoel Ribas,715.32,2020,4.0
-24.4907213522,-51.6227301299042,Brazil,Parana,4114500,Manoel Ribas,715.32,2021,3.72
-24.4907213522,-51.6227301299042,Brazil,Parana,4114500,Manoel Ribas,715.32,2022,2.95
-24.4907213522,-51.6227301299042,Brazil,Parana,4114500,Manoel Ribas,715.32,2023,4.09
-24.4907213522,-51.6227301299042,Brazil,Parana,4114500,Manoel Ribas,715.32,2024,3.68
-24.5878740315,-54.12046448293709,Brazil,Parana,4114609,Marechal Cândido Rondon,275.67,2016,3.229
-24.5878740315,-54.12046448293709,Brazil,Parana,4114609,Marechal Cândido Rondon,275.67,2017,3.768
-24.5878740315,-54.12046448293709,Brazil,Parana,4114609,Marechal Cândido Rondon,275.67,2018,3.619
-24.5878740315,-54.12046448293709,Brazil,Parana,4114609,Marechal Cândido Rondon,275.67,2019,1.735
-24.5878740315,-54.12046448293709,Brazil,Parana,4114609,Marechal Cândido Rondon,275.67,2020,3.72
-24.5878740315,-54.12046448293709,Brazil,Parana,4114609,Marechal Cândido Rondon,275.67,2021,3.3
-24.5878740315,-54.12046448293709,Brazil,Parana,4114609,Marechal Cândido Rondon,275.67,2022,0.636
-24.5878740315,-54.12046448293709,Brazil,Parana,4114609,Marechal Cândido Rondon,275.67,2023,2.803
-24.5878740315,-54.12046448293709,Brazil,Parana,4114609,Marechal Cândido Rondon,275.67,2024,2.7
-23.5852877239,-53.22152263003292,Brazil,Parana,4114708,Maria Helena,372.47,2016,3.197
-23.5852877239,-53.22152263003292,Brazil,Parana,4114708,Maria Helena,372.47,2017,3.197
-23.5852877239,-53.22152263003292,Brazil,Parana,4114708,Maria Helena,372.47,2018,3.4
-23.5852877239,-53.22152263003292,Brazil,Parana,4114708,Maria Helena,372.47,2019,2.5
-23.5852877239,-53.22152263003292,Brazil,Parana,4114708,Maria Helena,372.47,2020,3.0
-23.5852877239,-53.22152263003292,Brazil,Parana,4114708,Maria Helena,372.47,2021,3.4
-23.5852877239,-53.22152263003292,Brazil,Parana,4114708,Maria Helena,372.47,2022,0.619
-23.5852877239,-53.22152263003292,Brazil,Parana,4114708,Maria Helena,372.47,2023,4.0
-23.5852877239,-53.22152263003292,Brazil,Parana,4114708,Maria Helena,372.47,2024,3.2
-23.4955695763,-51.77960779747961,Brazil,Parana,4114807,Marialva,489.73,2016,3.05
-23.4955695763,-51.77960779747961,Brazil,Parana,4114807,Marialva,489.73,2017,4.0
-23.4955695763,-51.77960779747961,Brazil,Parana,4114807,Marialva,489.73,2018,3.6
-23.4955695763,-51.77960779747961,Brazil,Parana,4114807,Marialva,489.73,2019,3.2
-23.4955695763,-51.77960779747961,Brazil,Parana,4114807,Marialva,489.73,2020,3.7
-23.4955695763,-51.77960779747961,Brazil,Parana,4114807,Marialva,489.73,2021,3.25
-23.4955695763,-51.77960779747961,Brazil,Parana,4114807,Marialva,489.73,2022,1.5
-23.4955695763,-51.77960779747961,Brazil,Parana,4114807,Marialva,489.73,2023,3.85
-23.4955695763,-51.77960779747961,Brazil,Parana,4114807,Marialva,489.73,2024,2.7
-23.743930588,-51.30154266249373,Brazil,Parana,4114906,Marilândia do Sul,631.22,2016,2.23
-23.743930588,-51.30154266249373,Brazil,Parana,4114906,Marilândia do Sul,631.22,2017,3.7
-23.743930588,-51.30154266249373,Brazil,Parana,4114906,Marilândia do Sul,631.22,2018,3.7
-23.743930588,-51.30154266249373,Brazil,Parana,4114906,Marilândia do Sul,631.22,2019,3.5
-23.743930588,-51.30154266249373,Brazil,Parana,4114906,Marilândia do Sul,631.22,2020,3.86
-23.743930588,-51.30154266249373,Brazil,Parana,4114906,Marilândia do Sul,631.22,2021,3.6
-23.743930588,-51.30154266249373,Brazil,Parana,4114906,Marilândia do Sul,631.22,2022,3.5
-23.743930588,-51.30154266249373,Brazil,Parana,4114906,Marilândia do Sul,631.22,2023,3.9
-23.743930588,-51.30154266249373,Brazil,Parana,4114906,Marilândia do Sul,631.22,2024,3.5
-22.74011644855,-53.05870997007428,Brazil,Parana,4115002,Marilena,304.26,2016,2.7
-22.74011644855,-53.05870997007428,Brazil,Parana,4115002,Marilena,304.26,2017,3.0
-22.74011644855,-53.05870997007428,Brazil,Parana,4115002,Marilena,304.26,2018,3.0
-22.74011644855,-53.05870997007428,Brazil,Parana,4115002,Marilena,304.26,2019,2.0
-22.74011644855,-53.05870997007428,Brazil,Parana,4115002,Marilena,304.26,2020,3.0
-22.74011644855,-53.05870997007428,Brazil,Parana,4115002,Marilena,304.26,2021,3.0
-22.74011644855,-53.05870997007428,Brazil,Parana,4115002,Marilena,304.26,2022,0.6
-22.74011644855,-53.05870997007428,Brazil,Parana,4115002,Marilena,304.26,2023,3.0
-22.74011644855,-53.05870997007428,Brazil,Parana,4115002,Marilena,304.26,2024,2.3
-24.0592988654,-53.20864977121504,Brazil,Parana,4115101,Mariluz,408.68,2016,3.286
-24.0592988654,-53.20864977121504,Brazil,Parana,4115101,Mariluz,408.68,2017,3.7
-24.0592988654,-53.20864977121504,Brazil,Parana,4115101,Mariluz,408.68,2018,3.9
-24.0592988654,-53.20864977121504,Brazil,Parana,4115101,Mariluz,408.68,2019,2.5
-24.0592988654,-53.20864977121504,Brazil,Parana,4115101,Mariluz,408.68,2020,3.5
-24.0592988654,-53.20864977121504,Brazil,Parana,4115101,Mariluz,408.68,2021,2.85
-24.0592988654,-53.20864977121504,Brazil,Parana,4115101,Mariluz,408.68,2022,1.1
-24.0592988654,-53.20864977121504,Brazil,Parana,4115101,Mariluz,408.68,2023,4.1
-24.0592988654,-53.20864977121504,Brazil,Parana,4115101,Mariluz,408.68,2024,3.0
-23.40296094595,-51.96276497586119,Brazil,Parana,4115200,Maringá,489.73,2016,2.8
-23.40296094595,-51.96276497586119,Brazil,Parana,4115200,Maringá,489.73,2017,3.6
-23.40296094595,-51.96276497586119,Brazil,Parana,4115200,Maringá,489.73,2018,3.5
-23.40296094595,-51.96276497586119,Brazil,Parana,4115200,Maringá,489.73,2019,3.168
-23.40296094595,-51.96276497586119,Brazil,Parana,4115200,Maringá,489.73,2020,3.47
-23.40296094595,-51.96276497586119,Brazil,Parana,4115200,Maringá,489.73,2021,3.25
-23.40296094595,-51.96276497586119,Brazil,Parana,4115200,Maringá,489.73,2022,1.0
-23.40296094595,-51.96276497586119,Brazil,Parana,4115200,Maringá,489.73,2023,4.0
-23.40296094595,-51.96276497586119,Brazil,Parana,4115200,Maringá,489.73,2024,3.04
-26.3206875824,-52.59561792248415,Brazil,Parana,4115309,Mariópolis,765.29,2016,2.875
-26.3206875824,-52.59561792248415,Brazil,Parana,4115309,Mariópolis,765.29,2017,3.868
-26.3206875824,-52.59561792248415,Brazil,Parana,4115309,Mariópolis,765.29,2018,3.96
-26.3206875824,-52.59561792248415,Brazil,Parana,4115309,Mariópolis,765.29,2019,3.2
-26.3206875824,-52.59561792248415,Brazil,Parana,4115309,Mariópolis,765.29,2020,4.024
-26.3206875824,-52.59561792248415,Brazil,Parana,4115309,Mariópolis,765.29,2021,3.899
-26.3206875824,-52.59561792248415,Brazil,Parana,4115309,Mariópolis,765.29,2022,2.383
-26.3206875824,-52.59561792248415,Brazil,Parana,4115309,Mariópolis,765.29,2023,3.99
-26.3206875824,-52.59561792248415,Brazil,Parana,4115309,Mariópolis,765.29,2024,3.331
-24.47207566585,-53.76958701830073,Brazil,Parana,4115358,Maripá,430.2,2016,4.159
-24.47207566585,-53.76958701830073,Brazil,Parana,4115358,Maripá,430.2,2017,3.5
-24.47207566585,-53.76958701830073,Brazil,Parana,4115358,Maripá,430.2,2018,3.8
-24.47207566585,-53.76958701830073,Brazil,Parana,4115358,Maripá,430.2,2019,2.3
-24.47207566585,-53.76958701830073,Brazil,Parana,4115358,Maripá,430.2,2020,3.5
-24.47207566585,-53.76958701830073,Brazil,Parana,4115358,Maripá,430.2,2021,3.2
-24.47207566585,-53.76958701830073,Brazil,Parana,4115358,Maripá,430.2,2022,0.651
-24.47207566585,-53.76958701830073,Brazil,Parana,4115358,Maripá,430.2,2023,3.304
-24.47207566585,-53.76958701830073,Brazil,Parana,4115358,Maripá,430.2,2024,3.0
-26.24348786325,-53.12155722932029,Brazil,Parana,4115408,Marmeleiro,627.56,2016,3.162
-26.24348786325,-53.12155722932029,Brazil,Parana,4115408,Marmeleiro,627.56,2017,3.5
-26.24348786325,-53.12155722932029,Brazil,Parana,4115408,Marmeleiro,627.56,2018,3.7
-26.24348786325,-53.12155722932029,Brazil,Parana,4115408,Marmeleiro,627.56,2019,2.84
-26.24348786325,-53.12155722932029,Brazil,Parana,4115408,Marmeleiro,627.56,2020,3.875
-26.24348786325,-53.12155722932029,Brazil,Parana,4115408,Marmeleiro,627.56,2021,3.88
-26.24348786325,-53.12155722932029,Brazil,Parana,4115408,Marmeleiro,627.56,2022,1.4
-26.24348786325,-53.12155722932029,Brazil,Parana,4115408,Marmeleiro,627.56,2023,3.959
-26.24348786325,-53.12155722932029,Brazil,Parana,4115408,Marmeleiro,627.56,2024,3.2
-25.12130797135,-52.22739063638089,Brazil,Parana,4115457,Marquinho,636.07,2016,3.025
-25.12130797135,-52.22739063638089,Brazil,Parana,4115457,Marquinho,636.07,2017,3.45
-25.12130797135,-52.22739063638089,Brazil,Parana,4115457,Marquinho,636.07,2018,3.32
-25.12130797135,-52.22739063638089,Brazil,Parana,4115457,Marquinho,636.07,2019,2.98
-25.12130797135,-52.22739063638089,Brazil,Parana,4115457,Marquinho,636.07,2020,3.72
-25.12130797135,-52.22739063638089,Brazil,Parana,4115457,Marquinho,636.07,2021,2.84
-25.12130797135,-52.22739063638089,Brazil,Parana,4115457,Marquinho,636.07,2022,2.84
-25.12130797135,-52.22739063638089,Brazil,Parana,4115457,Marquinho,636.07,2023,3.72
-25.12130797135,-52.22739063638089,Brazil,Parana,4115457,Marquinho,636.07,2024,3.45
-23.75232682325,-51.64894848296537,Brazil,Parana,4115507,Marumbi,435.58,2016,2.3
-23.75232682325,-51.64894848296537,Brazil,Parana,4115507,Marumbi,435.58,2017,3.7
-23.75232682325,-51.64894848296537,Brazil,Parana,4115507,Marumbi,435.58,2018,3.8
-23.75232682325,-51.64894848296537,Brazil,Parana,4115507,Marumbi,435.58,2019,3.719
-23.75232682325,-51.64894848296537,Brazil,Parana,4115507,Marumbi,435.58,2020,4.0
-23.75232682325,-51.64894848296537,Brazil,Parana,4115507,Marumbi,435.58,2021,3.9
-23.75232682325,-51.64894848296537,Brazil,Parana,4115507,Marumbi,435.58,2022,2.5
-23.75232682325,-51.64894848296537,Brazil,Parana,4115507,Marumbi,435.58,2023,3.8
-23.75232682325,-51.64894848296537,Brazil,Parana,4115507,Marumbi,435.58,2024,3.0
-25.3328246368,-53.89259510471399,Brazil,Parana,4115606,Matelândia,397.26,2016,3.385
-25.3328246368,-53.89259510471399,Brazil,Parana,4115606,Matelândia,397.26,2017,4.091
-25.3328246368,-53.89259510471399,Brazil,Parana,4115606,Matelândia,397.26,2018,4.0
-25.3328246368,-53.89259510471399,Brazil,Parana,4115606,Matelândia,397.26,2019,2.36
-25.3328246368,-53.89259510471399,Brazil,Parana,4115606,Matelândia,397.26,2020,3.967
-25.3328246368,-53.89259510471399,Brazil,Parana,4115606,Matelândia,397.26,2021,3.719
-25.3328246368,-53.89259510471399,Brazil,Parana,4115606,Matelândia,397.26,2022,0.992
-25.3328246368,-53.89259510471399,Brazil,Parana,4115606,Matelândia,397.26,2023,3.719
-25.3328246368,-53.89259510471399,Brazil,Parana,4115606,Matelândia,397.26,2024,3.143
-24.69519555085,-52.22012617421406,Brazil,Parana,4115739,Mato Rico,607.89,2016,3.364
-24.69519555085,-52.22012617421406,Brazil,Parana,4115739,Mato Rico,607.89,2017,4.13
-24.69519555085,-52.22012617421406,Brazil,Parana,4115739,Mato Rico,607.89,2018,3.8
-24.69519555085,-52.22012617421406,Brazil,Parana,4115739,Mato Rico,607.89,2019,3.0
-24.69519555085,-52.22012617421406,Brazil,Parana,4115739,Mato Rico,607.89,2020,3.7
-24.69519555085,-52.22012617421406,Brazil,Parana,4115739,Mato Rico,607.89,2021,3.47
-24.69519555085,-52.22012617421406,Brazil,Parana,4115739,Mato Rico,607.89,2022,2.2
-24.69519555085,-52.22012617421406,Brazil,Parana,4115739,Mato Rico,607.89,2023,3.5
-24.69519555085,-52.22012617421406,Brazil,Parana,4115739,Mato Rico,607.89,2024,3.35
-23.91539561085,-51.09711223869554,Brazil,Parana,4115754,Mauá da Serra,674.86,2016,3.1
-23.91539561085,-51.09711223869554,Brazil,Parana,4115754,Mauá da Serra,674.86,2017,4.0
-23.91539561085,-51.09711223869554,Brazil,Parana,4115754,Mauá da Serra,674.86,2018,3.6
-23.91539561085,-51.09711223869554,Brazil,Parana,4115754,Mauá da Serra,674.86,2019,3.9
-23.91539561085,-51.09711223869554,Brazil,Parana,4115754,Mauá da Serra,674.86,2020,3.96
-23.91539561085,-51.09711223869554,Brazil,Parana,4115754,Mauá da Serra,674.86,2021,4.0
-23.91539561085,-51.09711223869554,Brazil,Parana,4115754,Mauá da Serra,674.86,2022,3.6
-23.91539561085,-51.09711223869554,Brazil,Parana,4115754,Mauá da Serra,674.86,2023,3.4
-23.91539561085,-51.09711223869554,Brazil,Parana,4115754,Mauá da Serra,674.86,2024,3.6
-25.2643724937,-54.09425104439153,Brazil,Parana,4115804,Medianeira,247.46,2016,3.201
-25.2643724937,-54.09425104439153,Brazil,Parana,4115804,Medianeira,247.46,2017,3.72
-25.2643724937,-54.09425104439153,Brazil,Parana,4115804,Medianeira,247.46,2018,3.72
-25.2643724937,-54.09425104439153,Brazil,Parana,4115804,Medianeira,247.46,2019,1.911
-25.2643724937,-54.09425104439153,Brazil,Parana,4115804,Medianeira,247.46,2020,4.215
-25.2643724937,-54.09425104439153,Brazil,Parana,4115804,Medianeira,247.46,2021,3.719
-25.2643724937,-54.09425104439153,Brazil,Parana,4115804,Medianeira,247.46,2022,0.74
-25.2643724937,-54.09425104439153,Brazil,Parana,4115804,Medianeira,247.46,2023,3.347
-25.2643724937,-54.09425104439153,Brazil,Parana,4115804,Medianeira,247.46,2024,2.916
-24.4357863067,-54.18853254101538,Brazil,Parana,4115853,Mercedes,275.67,2016,3.089
-24.4357863067,-54.18853254101538,Brazil,Parana,4115853,Mercedes,275.67,2017,3.5
-24.4357863067,-54.18853254101538,Brazil,Parana,4115853,Mercedes,275.67,2018,3.72
-24.4357863067,-54.18853254101538,Brazil,Parana,4115853,Mercedes,275.67,2019,1.859
-24.4357863067,-54.18853254101538,Brazil,Parana,4115853,Mercedes,275.67,2020,3.7
-24.4357863067,-54.18853254101538,Brazil,Parana,4115853,Mercedes,275.67,2021,3.0
-24.4357863067,-54.18853254101538,Brazil,Parana,4115853,Mercedes,275.67,2022,0.72
-24.4357863067,-54.18853254101538,Brazil,Parana,4115853,Mercedes,275.67,2023,3.0
-24.4357863067,-54.18853254101538,Brazil,Parana,4115853,Mercedes,275.67,2024,2.8
-23.20179072205,-52.74442633802917,Brazil,Parana,4115903,Mirador,425.62,2016,2.925
-23.20179072205,-52.74442633802917,Brazil,Parana,4115903,Mirador,425.62,2017,2.7
-23.20179072205,-52.74442633802917,Brazil,Parana,4115903,Mirador,425.62,2018,3.15
-23.20179072205,-52.74442633802917,Brazil,Parana,4115903,Mirador,425.62,2019,2.82
-23.20179072205,-52.74442633802917,Brazil,Parana,4115903,Mirador,425.62,2020,3.2
-23.20179072205,-52.74442633802917,Brazil,Parana,4115903,Mirador,425.62,2021,3.2
-23.20179072205,-52.74442633802917,Brazil,Parana,4115903,Mirador,425.62,2022,0.793
-23.20179072205,-52.74442633802917,Brazil,Parana,4115903,Mirador,425.62,2023,3.9
-23.20179072205,-52.74442633802917,Brazil,Parana,4115903,Mirador,425.62,2024,2.6
-22.98456301135,-51.48882189339743,Brazil,Parana,4116000,Miraselva,454.93,2016,1.8
-22.98456301135,-51.48882189339743,Brazil,Parana,4116000,Miraselva,454.93,2017,3.36
-22.98456301135,-51.48882189339743,Brazil,Parana,4116000,Miraselva,454.93,2018,3.0
-22.98456301135,-51.48882189339743,Brazil,Parana,4116000,Miraselva,454.93,2019,2.0
-22.98456301135,-51.48882189339743,Brazil,Parana,4116000,Miraselva,454.93,2020,2.95
-22.98456301135,-51.48882189339743,Brazil,Parana,4116000,Miraselva,454.93,2021,2.701
-22.98456301135,-51.48882189339743,Brazil,Parana,4116000,Miraselva,454.93,2022,1.85
-22.98456301135,-51.48882189339743,Brazil,Parana,4116000,Miraselva,454.93,2023,3.5
-22.98456301135,-51.48882189339743,Brazil,Parana,4116000,Miraselva,454.93,2024,1.7
-25.10717035585,-54.26105108825278,Brazil,Parana,4116059,Missal,257.01,2016,3.347
-25.10717035585,-54.26105108825278,Brazil,Parana,4116059,Missal,257.01,2017,3.0
-25.10717035585,-54.26105108825278,Brazil,Parana,4116059,Missal,257.01,2018,3.6
-25.10717035585,-54.26105108825278,Brazil,Parana,4116059,Missal,257.01,2019,1.491
-25.10717035585,-54.26105108825278,Brazil,Parana,4116059,Missal,257.01,2020,3.719
-25.10717035585,-54.26105108825278,Brazil,Parana,4116059,Missal,257.01,2021,3.347
-25.10717035585,-54.26105108825278,Brazil,Parana,4116059,Missal,257.01,2022,0.62
-25.10717035585,-54.26105108825278,Brazil,Parana,4116059,Missal,257.01,2023,2.28
-25.10717035585,-54.26105108825278,Brazil,Parana,4116059,Missal,257.01,2024,2.55
-24.0242416029,-53.00022947778631,Brazil,Parana,4116109,Moreira Sales,408.68,2016,2.836
-24.0242416029,-53.00022947778631,Brazil,Parana,4116109,Moreira Sales,408.68,2017,3.471
-24.0242416029,-53.00022947778631,Brazil,Parana,4116109,Moreira Sales,408.68,2018,3.3
-24.0242416029,-53.00022947778631,Brazil,Parana,4116109,Moreira Sales,408.68,2019,2.603
-24.0242416029,-53.00022947778631,Brazil,Parana,4116109,Moreira Sales,408.68,2020,3.1
-24.0242416029,-53.00022947778631,Brazil,Parana,4116109,Moreira Sales,408.68,2021,3.1
-24.0242416029,-53.00022947778631,Brazil,Parana,4116109,Moreira Sales,408.68,2022,0.95
-24.0242416029,-53.00022947778631,Brazil,Parana,4116109,Moreira Sales,408.68,2023,4.09
-24.0242416029,-53.00022947778631,Brazil,Parana,4116109,Moreira Sales,408.68,2024,2.15
-23.13123381695,-51.72835840959508,Brazil,Parana,4116307,Munhoz de Melo,442.02,2016,2.48
-23.13123381695,-51.72835840959508,Brazil,Parana,4116307,Munhoz de Melo,442.02,2017,3.5
-23.13123381695,-51.72835840959508,Brazil,Parana,4116307,Munhoz de Melo,442.02,2018,3.4
-23.13123381695,-51.72835840959508,Brazil,Parana,4116307,Munhoz de Melo,442.02,2019,2.9
-23.13123381695,-51.72835840959508,Brazil,Parana,4116307,Munhoz de Melo,442.02,2020,3.55
-23.13123381695,-51.72835840959508,Brazil,Parana,4116307,Munhoz de Melo,442.02,2021,2.7
-23.13123381695,-51.72835840959508,Brazil,Parana,4116307,Munhoz de Melo,442.02,2022,2.4
-23.13123381695,-51.72835840959508,Brazil,Parana,4116307,Munhoz de Melo,442.02,2023,4.0
-23.13123381695,-51.72835840959508,Brazil,Parana,4116307,Munhoz de Melo,442.02,2024,2.85
-22.9170445827,-51.78800136013103,Brazil,Parana,4116406,Nossa Senhora das Graças,442.02,2016,3.37
-22.9170445827,-51.78800136013103,Brazil,Parana,4116406,Nossa Senhora das Graças,442.02,2017,3.6
-22.9170445827,-51.78800136013103,Brazil,Parana,4116406,Nossa Senhora das Graças,442.02,2018,3.35
-22.9170445827,-51.78800136013103,Brazil,Parana,4116406,Nossa Senhora das Graças,442.02,2019,2.39
-22.9170445827,-51.78800136013103,Brazil,Parana,4116406,Nossa Senhora das Graças,442.02,2020,3.3
-22.9170445827,-51.78800136013103,Brazil,Parana,4116406,Nossa Senhora das Graças,442.02,2021,3.0
-22.9170445827,-51.78800136013103,Brazil,Parana,4116406,Nossa Senhora das Graças,442.02,2022,1.7
-22.9170445827,-51.78800136013103,Brazil,Parana,4116406,Nossa Senhora das Graças,442.02,2023,3.72
-22.9170445827,-51.78800136013103,Brazil,Parana,4116406,Nossa Senhora das Graças,442.02,2024,2.23
-23.166045334,-52.60056798143025,Brazil,Parana,4116505,Nova Aliança do Ivaí,425.62,2016,1.7
-23.166045334,-52.60056798143025,Brazil,Parana,4116505,Nova Aliança do Ivaí,425.62,2017,2.974
-23.166045334,-52.60056798143025,Brazil,Parana,4116505,Nova Aliança do Ivaí,425.62,2018,2.977
-23.166045334,-52.60056798143025,Brazil,Parana,4116505,Nova Aliança do Ivaí,425.62,2019,2.0
-23.166045334,-52.60056798143025,Brazil,Parana,4116505,Nova Aliança do Ivaí,425.62,2020,2.4
-23.166045334,-52.60056798143025,Brazil,Parana,4116505,Nova Aliança do Ivaí,425.62,2021,3.0
-23.166045334,-52.60056798143025,Brazil,Parana,4116505,Nova Aliança do Ivaí,425.62,2022,0.62
-23.166045334,-52.60056798143025,Brazil,Parana,4116505,Nova Aliança do Ivaí,425.62,2023,2.9
-23.166045334,-52.60056798143025,Brazil,Parana,4116505,Nova Aliança do Ivaí,425.62,2024,1.9
-23.33334777415,-50.70630241940465,Brazil,Parana,4116604,Nova América da Colina,609.72,2016,2.88
-23.33334777415,-50.70630241940465,Brazil,Parana,4116604,Nova América da Colina,609.72,2017,3.6
-23.33334777415,-50.70630241940465,Brazil,Parana,4116604,Nova América da Colina,609.72,2018,3.18
-23.33334777415,-50.70630241940465,Brazil,Parana,4116604,Nova América da Colina,609.72,2019,2.64
-23.33334777415,-50.70630241940465,Brazil,Parana,4116604,Nova América da Colina,609.72,2020,3.36
-23.33334777415,-50.70630241940465,Brazil,Parana,4116604,Nova América da Colina,609.72,2021,3.36
-23.33334777415,-50.70630241940465,Brazil,Parana,4116604,Nova América da Colina,609.72,2022,2.94
-23.33334777415,-50.70630241940465,Brazil,Parana,4116604,Nova América da Colina,609.72,2023,3.714
-23.33334777415,-50.70630241940465,Brazil,Parana,4116604,Nova América da Colina,609.72,2024,1.891
-24.4932501634,-53.25504638003402,Brazil,Parana,4116703,Nova Aurora,445.62,2016,3.583
-24.4932501634,-53.25504638003402,Brazil,Parana,4116703,Nova Aurora,445.62,2017,4.282
-24.4932501634,-53.25504638003402,Brazil,Parana,4116703,Nova Aurora,445.62,2018,4.0
-24.4932501634,-53.25504638003402,Brazil,Parana,4116703,Nova Aurora,445.62,2019,2.66
-24.4932501634,-53.25504638003402,Brazil,Parana,4116703,Nova Aurora,445.62,2020,3.645
-24.4932501634,-53.25504638003402,Brazil,Parana,4116703,Nova Aurora,445.62,2021,3.223
-24.4932501634,-53.25504638003402,Brazil,Parana,4116703,Nova Aurora,445.62,2022,1.2
-24.4932501634,-53.25504638003402,Brazil,Parana,4116703,Nova Aurora,445.62,2023,3.8
-24.4932501634,-53.25504638003402,Brazil,Parana,4116703,Nova Aurora,445.62,2024,3.595
-24.6247213514,-52.54038299853957,Brazil,Parana,4116802,Nova Cantu,607.89,2016,3.429
-24.6247213514,-52.54038299853957,Brazil,Parana,4116802,Nova Cantu,607.89,2017,4.165
-24.6247213514,-52.54038299853957,Brazil,Parana,4116802,Nova Cantu,607.89,2018,3.6
-24.6247213514,-52.54038299853957,Brazil,Parana,4116802,Nova Cantu,607.89,2019,3.595
-24.6247213514,-52.54038299853957,Brazil,Parana,4116802,Nova Cantu,607.89,2020,4.0
-24.6247213514,-52.54038299853957,Brazil,Parana,4116802,Nova Cantu,607.89,2021,4.0
-24.6247213514,-52.54038299853957,Brazil,Parana,4116802,Nova Cantu,607.89,2022,2.3
-24.6247213514,-52.54038299853957,Brazil,Parana,4116802,Nova Cantu,607.89,2023,3.65
-24.6247213514,-52.54038299853957,Brazil,Parana,4116802,Nova Cantu,607.89,2024,3.8
-23.1565931502,-52.17486474795366,Brazil,Parana,4116901,Nova Esperança,442.02,2016,2.099
-23.1565931502,-52.17486474795366,Brazil,Parana,4116901,Nova Esperança,442.02,2017,3.4
-23.1565931502,-52.17486474795366,Brazil,Parana,4116901,Nova Esperança,442.02,2018,3.75
-23.1565931502,-52.17486474795366,Brazil,Parana,4116901,Nova Esperança,442.02,2019,2.11
-23.1565931502,-52.17486474795366,Brazil,Parana,4116901,Nova Esperança,442.02,2020,3.3
-23.1565931502,-52.17486474795366,Brazil,Parana,4116901,Nova Esperança,442.02,2021,2.35
-23.1565931502,-52.17486474795366,Brazil,Parana,4116901,Nova Esperança,442.02,2022,1.0
-23.1565931502,-52.17486474795366,Brazil,Parana,4116901,Nova Esperança,442.02,2023,3.72
-23.1565931502,-52.17486474795366,Brazil,Parana,4116901,Nova Esperança,442.02,2024,3.5
-25.89069688295,-53.2626097656193,Brazil,Parana,4116950,Nova Esperança do Sudoeste,627.56,2016,3.271
-25.89069688295,-53.2626097656193,Brazil,Parana,4116950,Nova Esperança do Sudoeste,627.56,2017,3.9
-25.89069688295,-53.2626097656193,Brazil,Parana,4116950,Nova Esperança do Sudoeste,627.56,2018,3.6
-25.89069688295,-53.2626097656193,Brazil,Parana,4116950,Nova Esperança do Sudoeste,627.56,2019,2.9
-25.89069688295,-53.2626097656193,Brazil,Parana,4116950,Nova Esperança do Sudoeste,627.56,2020,4.2
-25.89069688295,-53.2626097656193,Brazil,Parana,4116950,Nova Esperança do Sudoeste,627.56,2021,4.0
-25.89069688295,-53.2626097656193,Brazil,Parana,4116950,Nova Esperança do Sudoeste,627.56,2022,0.9
-25.89069688295,-53.2626097656193,Brazil,Parana,4116950,Nova Esperança do Sudoeste,627.56,2023,4.0
-25.89069688295,-53.2626097656193,Brazil,Parana,4116950,Nova Esperança do Sudoeste,627.56,2024,3.2
-23.4100247262,-50.54310192259348,Brazil,Parana,4117008,Nova Fátima,609.72,2016,2.94
-23.4100247262,-50.54310192259348,Brazil,Parana,4117008,Nova Fátima,609.72,2017,3.72
-23.4100247262,-50.54310192259348,Brazil,Parana,4117008,Nova Fátima,609.72,2018,3.48
-23.4100247262,-50.54310192259348,Brazil,Parana,4117008,Nova Fátima,609.72,2019,2.46
-23.4100247262,-50.54310192259348,Brazil,Parana,4117008,Nova Fátima,609.72,2020,3.3
-23.4100247262,-50.54310192259348,Brazil,Parana,4117008,Nova Fátima,609.72,2021,3.3
-23.4100247262,-50.54310192259348,Brazil,Parana,4117008,Nova Fátima,609.72,2022,3.54
-23.4100247262,-50.54310192259348,Brazil,Parana,4117008,Nova Fátima,609.72,2023,3.714
-23.4100247262,-50.54310192259348,Brazil,Parana,4117008,Nova Fátima,609.72,2024,1.89
-25.19890021155,-52.53784759469563,Brazil,Parana,4117057,Nova Laranjeiras,636.07,2016,3.123
-25.19890021155,-52.53784759469563,Brazil,Parana,4117057,Nova Laranjeiras,636.07,2017,3.6
-25.19890021155,-52.53784759469563,Brazil,Parana,4117057,Nova Laranjeiras,636.07,2018,3.47
-25.19890021155,-52.53784759469563,Brazil,Parana,4117057,Nova Laranjeiras,636.07,2019,3.47
-25.19890021155,-52.53784759469563,Brazil,Parana,4117057,Nova Laranjeiras,636.07,2020,3.85
-25.19890021155,-52.53784759469563,Brazil,Parana,4117057,Nova Laranjeiras,636.07,2021,3.47
-25.19890021155,-52.53784759469563,Brazil,Parana,4117057,Nova Laranjeiras,636.07,2022,3.47
-25.19890021155,-52.53784759469563,Brazil,Parana,4117057,Nova Laranjeiras,636.07,2023,4.22
-25.19890021155,-52.53784759469563,Brazil,Parana,4117057,Nova Laranjeiras,636.07,2024,4.0
-22.75112596415,-52.98202982885414,Brazil,Parana,4117107,Nova Londrina,328.34,2016,3.102
-22.75112596415,-52.98202982885414,Brazil,Parana,4117107,Nova Londrina,328.34,2017,3.2
-22.75112596415,-52.98202982885414,Brazil,Parana,4117107,Nova Londrina,328.34,2018,3.196
-22.75112596415,-52.98202982885414,Brazil,Parana,4117107,Nova Londrina,328.34,2019,2.0
-22.75112596415,-52.98202982885414,Brazil,Parana,4117107,Nova Londrina,328.34,2020,3.0
-22.75112596415,-52.98202982885414,Brazil,Parana,4117107,Nova Londrina,328.34,2021,2.8
-22.75112596415,-52.98202982885414,Brazil,Parana,4117107,Nova Londrina,328.34,2022,0.6
-22.75112596415,-52.98202982885414,Brazil,Parana,4117107,Nova Londrina,328.34,2023,3.0
-22.75112596415,-52.98202982885414,Brazil,Parana,4117107,Nova Londrina,328.34,2024,2.3
-23.42863163695,-53.07127245000542,Brazil,Parana,4117206,Nova Olímpia,372.47,2017,3.0
-23.42863163695,-53.07127245000542,Brazil,Parana,4117206,Nova Olímpia,372.47,2018,3.0
-23.42863163695,-53.07127245000542,Brazil,Parana,4117206,Nova Olímpia,372.47,2019,2.5
-23.42863163695,-53.07127245000542,Brazil,Parana,4117206,Nova Olímpia,372.47,2020,3.35
-23.42863163695,-53.07127245000542,Brazil,Parana,4117206,Nova Olímpia,372.47,2021,3.25
-23.42863163695,-53.07127245000542,Brazil,Parana,4117206,Nova Olímpia,372.47,2022,0.414
-23.42863163695,-53.07127245000542,Brazil,Parana,4117206,Nova Olímpia,372.47,2023,4.0
-23.42863163695,-53.07127245000542,Brazil,Parana,4117206,Nova Olímpia,372.47,2024,2.8
-23.5943400702,-50.74460850490014,Brazil,Parana,4117214,Nova Santa Bárbara,609.72,2016,2.88
-23.5943400702,-50.74460850490014,Brazil,Parana,4117214,Nova Santa Bárbara,609.72,2017,3.6
-23.5943400702,-50.74460850490014,Brazil,Parana,4117214,Nova Santa Bárbara,609.72,2018,3.289
-23.5943400702,-50.74460850490014,Brazil,Parana,4117214,Nova Santa Bárbara,609.72,2019,2.7
-23.5943400702,-50.74460850490014,Brazil,Parana,4117214,Nova Santa Bárbara,609.72,2020,3.54
-23.5943400702,-50.74460850490014,Brazil,Parana,4117214,Nova Santa Bárbara,609.72,2021,3.54
-23.5943400702,-50.74460850490014,Brazil,Parana,4117214,Nova Santa Bárbara,609.72,2022,3.3
-23.5943400702,-50.74460850490014,Brazil,Parana,4117214,Nova Santa Bárbara,609.72,2023,3.714
-23.5943400702,-50.74460850490014,Brazil,Parana,4117214,Nova Santa Bárbara,609.72,2024,1.89
-24.4500547505,-53.95264698132468,Brazil,Parana,4117222,Nova Santa Rosa,430.2,2016,3.689
-24.4500547505,-53.95264698132468,Brazil,Parana,4117222,Nova Santa Rosa,430.2,2017,3.4
-24.4500547505,-53.95264698132468,Brazil,Parana,4117222,Nova Santa Rosa,430.2,2018,3.65
-24.4500547505,-53.95264698132468,Brazil,Parana,4117222,Nova Santa Rosa,430.2,2019,1.86
-24.4500547505,-53.95264698132468,Brazil,Parana,4117222,Nova Santa Rosa,430.2,2020,3.92
-24.4500547505,-53.95264698132468,Brazil,Parana,4117222,Nova Santa Rosa,430.2,2021,3.3
-24.4500547505,-53.95264698132468,Brazil,Parana,4117222,Nova Santa Rosa,430.2,2022,0.3
-24.4500547505,-53.95264698132468,Brazil,Parana,4117222,Nova Santa Rosa,430.2,2023,3.1
-24.4500547505,-53.95264698132468,Brazil,Parana,4117222,Nova Santa Rosa,430.2,2024,3.3
-25.58873913075,-53.38114616352523,Brazil,Parana,4117255,Nova Prata do Iguaçu,504.0,2016,3.352
-25.58873913075,-53.38114616352523,Brazil,Parana,4117255,Nova Prata do Iguaçu,504.0,2017,4.0
-25.58873913075,-53.38114616352523,Brazil,Parana,4117255,Nova Prata do Iguaçu,504.0,2018,3.7
-25.58873913075,-53.38114616352523,Brazil,Parana,4117255,Nova Prata do Iguaçu,504.0,2019,3.15
-25.58873913075,-53.38114616352523,Brazil,Parana,4117255,Nova Prata do Iguaçu,504.0,2020,4.35
-25.58873913075,-53.38114616352523,Brazil,Parana,4117255,Nova Prata do Iguaçu,504.0,2021,3.991
-25.58873913075,-53.38114616352523,Brazil,Parana,4117255,Nova Prata do Iguaçu,504.0,2022,0.8
-25.58873913075,-53.38114616352523,Brazil,Parana,4117255,Nova Prata do Iguaçu,504.0,2023,3.968
-25.58873913075,-53.38114616352523,Brazil,Parana,4117255,Nova Prata do Iguaçu,504.0,2024,4.0
-24.43197200385,-51.93568436354906,Brazil,Parana,4117271,Nova Tebas,715.32,2016,3.0
-24.43197200385,-51.93568436354906,Brazil,Parana,4117271,Nova Tebas,715.32,2017,2.88
-24.43197200385,-51.93568436354906,Brazil,Parana,4117271,Nova Tebas,715.32,2018,3.7
-24.43197200385,-51.93568436354906,Brazil,Parana,4117271,Nova Tebas,715.32,2019,3.6
-24.43197200385,-51.93568436354906,Brazil,Parana,4117271,Nova Tebas,715.32,2020,3.447
-24.43197200385,-51.93568436354906,Brazil,Parana,4117271,Nova Tebas,715.32,2021,3.35
-24.43197200385,-51.93568436354906,Brazil,Parana,4117271,Nova Tebas,715.32,2022,2.77
-24.43197200385,-51.93568436354906,Brazil,Parana,4117271,Nova Tebas,715.32,2023,3.95
-24.43197200385,-51.93568436354906,Brazil,Parana,4117271,Nova Tebas,715.32,2024,3.35
-23.7801000339,-51.52075014011123,Brazil,Parana,4117297,Novo Itacolomi,674.86,2016,2.73
-23.7801000339,-51.52075014011123,Brazil,Parana,4117297,Novo Itacolomi,674.86,2017,3.6
-23.7801000339,-51.52075014011123,Brazil,Parana,4117297,Novo Itacolomi,674.86,2018,3.2
-23.7801000339,-51.52075014011123,Brazil,Parana,4117297,Novo Itacolomi,674.86,2019,3.2
-23.7801000339,-51.52075014011123,Brazil,Parana,4117297,Novo Itacolomi,674.86,2020,3.9
-23.7801000339,-51.52075014011123,Brazil,Parana,4117297,Novo Itacolomi,674.86,2021,3.5
-23.7801000339,-51.52075014011123,Brazil,Parana,4117297,Novo Itacolomi,674.86,2022,2.7
-23.7801000339,-51.52075014011123,Brazil,Parana,4117297,Novo Itacolomi,674.86,2023,3.95
-23.7801000339,-51.52075014011123,Brazil,Parana,4117297,Novo Itacolomi,674.86,2024,3.2
-24.10402921045,-50.96436679242295,Brazil,Parana,4117305,Ortigueira,674.86,2016,2.99
-24.10402921045,-50.96436679242295,Brazil,Parana,4117305,Ortigueira,674.86,2017,3.85
-24.10402921045,-50.96436679242295,Brazil,Parana,4117305,Ortigueira,674.86,2018,3.75
-24.10402921045,-50.96436679242295,Brazil,Parana,4117305,Ortigueira,674.86,2019,3.3
-24.10402921045,-50.96436679242295,Brazil,Parana,4117305,Ortigueira,674.86,2020,3.782
-24.10402921045,-50.96436679242295,Brazil,Parana,4117305,Ortigueira,674.86,2021,3.682
-24.10402921045,-50.96436679242295,Brazil,Parana,4117305,Ortigueira,674.86,2022,3.3
-24.10402921045,-50.96436679242295,Brazil,Parana,4117305,Ortigueira,674.86,2023,3.783
-24.10402921045,-50.96436679242295,Brazil,Parana,4117305,Ortigueira,674.86,2024,3.593
-23.460871887,-52.23187479568612,Brazil,Parana,4117404,Ourizona,391.47,2016,3.2
-23.460871887,-52.23187479568612,Brazil,Parana,4117404,Ourizona,391.47,2017,3.7
-23.460871887,-52.23187479568612,Brazil,Parana,4117404,Ourizona,391.47,2018,3.62
-23.460871887,-52.23187479568612,Brazil,Parana,4117404,Ourizona,391.47,2019,2.632
-23.460871887,-52.23187479568612,Brazil,Parana,4117404,Ourizona,391.47,2020,3.6
-23.460871887,-52.23187479568612,Brazil,Parana,4117404,Ourizona,391.47,2021,3.25
-23.460871887,-52.23187479568612,Brazil,Parana,4117404,Ourizona,391.47,2022,1.3
-23.460871887,-52.23187479568612,Brazil,Parana,4117404,Ourizona,391.47,2023,4.215
-23.460871887,-52.23187479568612,Brazil,Parana,4117404,Ourizona,391.47,2024,2.9
-24.80094937495,-53.89302078755743,Brazil,Parana,4117453,Ouro Verde do Oeste,523.8,2016,3.332
-24.80094937495,-53.89302078755743,Brazil,Parana,4117453,Ouro Verde do Oeste,523.8,2017,3.9
-24.80094937495,-53.89302078755743,Brazil,Parana,4117453,Ouro Verde do Oeste,523.8,2018,3.3
-24.80094937495,-53.89302078755743,Brazil,Parana,4117453,Ouro Verde do Oeste,523.8,2019,2.5
-24.80094937495,-53.89302078755743,Brazil,Parana,4117453,Ouro Verde do Oeste,523.8,2020,4.2
-24.80094937495,-53.89302078755743,Brazil,Parana,4117453,Ouro Verde do Oeste,523.8,2021,4.2
-24.80094937495,-53.89302078755743,Brazil,Parana,4117453,Ouro Verde do Oeste,523.8,2022,0.801
-24.80094937495,-53.89302078755743,Brazil,Parana,4117453,Ouro Verde do Oeste,523.8,2023,3.15
-24.80094937495,-53.89302078755743,Brazil,Parana,4117453,Ouro Verde do Oeste,523.8,2024,3.2
-23.46274310615,-52.1036188647143,Brazil,Parana,4117503,Paiçandu,489.73,2016,3.01
-23.46274310615,-52.1036188647143,Brazil,Parana,4117503,Paiçandu,489.73,2017,2.85
-23.46274310615,-52.1036188647143,Brazil,Parana,4117503,Paiçandu,489.73,2018,3.6
-23.46274310615,-52.1036188647143,Brazil,Parana,4117503,Paiçandu,489.73,2019,3.08
-23.46274310615,-52.1036188647143,Brazil,Parana,4117503,Paiçandu,489.73,2020,3.6
-23.46274310615,-52.1036188647143,Brazil,Parana,4117503,Paiçandu,489.73,2021,3.2
-23.46274310615,-52.1036188647143,Brazil,Parana,4117503,Paiçandu,489.73,2022,1.1
-23.46274310615,-52.1036188647143,Brazil,Parana,4117503,Paiçandu,489.73,2023,4.215
-23.46274310615,-52.1036188647143,Brazil,Parana,4117503,Paiçandu,489.73,2024,3.35
-26.42091143085,-51.85730098615964,Brazil,Parana,4117602,Palmas,1109.56,2016,3.3
-26.42091143085,-51.85730098615964,Brazil,Parana,4117602,Palmas,1109.56,2017,3.6
-26.42091143085,-51.85730098615964,Brazil,Parana,4117602,Palmas,1109.56,2018,3.47
-26.42091143085,-51.85730098615964,Brazil,Parana,4117602,Palmas,1109.56,2019,3.6
-26.42091143085,-51.85730098615964,Brazil,Parana,4117602,Palmas,1109.56,2020,3.85
-26.42091143085,-51.85730098615964,Brazil,Parana,4117602,Palmas,1109.56,2021,3.6
-26.42091143085,-51.85730098615964,Brazil,Parana,4117602,Palmas,1109.56,2022,3.7
-26.42091143085,-51.85730098615964,Brazil,Parana,4117602,Palmas,1109.56,2023,3.55
-26.42091143085,-51.85730098615964,Brazil,Parana,4117602,Palmas,1109.56,2024,3.1
-25.45324304015,-50.12785170954027,Brazil,Parana,4117701,Palmeira,866.52,2016,3.384
-25.45324304015,-50.12785170954027,Brazil,Parana,4117701,Palmeira,866.52,2017,3.8
-25.45324304015,-50.12785170954027,Brazil,Parana,4117701,Palmeira,866.52,2018,3.6
-25.45324304015,-50.12785170954027,Brazil,Parana,4117701,Palmeira,866.52,2019,3.5
-25.45324304015,-50.12785170954027,Brazil,Parana,4117701,Palmeira,866.52,2020,4.148
-25.45324304015,-50.12785170954027,Brazil,Parana,4117701,Palmeira,866.52,2021,3.7
-25.45324304015,-50.12785170954027,Brazil,Parana,4117701,Palmeira,866.52,2022,3.889
-25.45324304015,-50.12785170954027,Brazil,Parana,4117701,Palmeira,866.52,2023,4.162
-25.45324304015,-50.12785170954027,Brazil,Parana,4117701,Palmeira,866.52,2024,3.483
-24.89014735525,-52.24232480599117,Brazil,Parana,4117800,Palmital,636.07,2016,3.3
-24.89014735525,-52.24232480599117,Brazil,Parana,4117800,Palmital,636.07,2017,3.4
-24.89014735525,-52.24232480599117,Brazil,Parana,4117800,Palmital,636.07,2018,3.44
-24.89014735525,-52.24232480599117,Brazil,Parana,4117800,Palmital,636.07,2019,3.2
-24.89014735525,-52.24232480599117,Brazil,Parana,4117800,Palmital,636.07,2020,3.85
-24.89014735525,-52.24232480599117,Brazil,Parana,4117800,Palmital,636.07,2021,3.5
-24.89014735525,-52.24232480599117,Brazil,Parana,4117800,Palmital,636.07,2022,2.8
-24.89014735525,-52.24232480599117,Brazil,Parana,4117800,Palmital,636.07,2023,3.48
-24.89014735525,-52.24232480599117,Brazil,Parana,4117800,Palmital,636.07,2024,3.72
-24.294977326,-53.83005001781078,Brazil,Parana,4117909,Palotina,430.2,2016,3.531
-24.294977326,-53.83005001781078,Brazil,Parana,4117909,Palotina,430.2,2017,4.1
-24.294977326,-53.83005001781078,Brazil,Parana,4117909,Palotina,430.2,2018,3.6
-24.294977326,-53.83005001781078,Brazil,Parana,4117909,Palotina,430.2,2019,2.375
-24.294977326,-53.83005001781078,Brazil,Parana,4117909,Palotina,430.2,2020,4.0
-24.294977326,-53.83005001781078,Brazil,Parana,4117909,Palotina,430.2,2021,3.25
-24.294977326,-53.83005001781078,Brazil,Parana,4117909,Palotina,430.2,2022,0.352
-24.294977326,-53.83005001781078,Brazil,Parana,4117909,Palotina,430.2,2023,3.098
-24.294977326,-53.83005001781078,Brazil,Parana,4117909,Palotina,430.2,2024,3.1
-23.25682286405,-52.63012285944517,Brazil,Parana,4118006,Paraíso do Norte,391.47,2016,2.825
-23.25682286405,-52.63012285944517,Brazil,Parana,4118006,Paraíso do Norte,391.47,2017,2.5
-23.25682286405,-52.63012285944517,Brazil,Parana,4118006,Paraíso do Norte,391.47,2018,3.45
-23.25682286405,-52.63012285944517,Brazil,Parana,4118006,Paraíso do Norte,391.47,2019,2.4
-23.25682286405,-52.63012285944517,Brazil,Parana,4118006,Paraíso do Norte,391.47,2020,3.57
-23.25682286405,-52.63012285944517,Brazil,Parana,4118006,Paraíso do Norte,391.47,2021,3.45
-23.25682286405,-52.63012285944517,Brazil,Parana,4118006,Paraíso do Norte,391.47,2022,1.0
-23.25682286405,-52.63012285944517,Brazil,Parana,4118006,Paraíso do Norte,391.47,2023,4.11
-23.25682286405,-52.63012285944517,Brazil,Parana,4118006,Paraíso do Norte,391.47,2024,3.0
-22.83167614275,-52.15693603399336,Brazil,Parana,4118105,Paranacity,442.02,2016,2.75
-22.83167614275,-52.15693603399336,Brazil,Parana,4118105,Paranacity,442.02,2017,3.5
-22.83167614275,-52.15693603399336,Brazil,Parana,4118105,Paranacity,442.02,2018,3.47
-22.83167614275,-52.15693603399336,Brazil,Parana,4118105,Paranacity,442.02,2019,1.735
-22.83167614275,-52.15693603399336,Brazil,Parana,4118105,Paranacity,442.02,2020,2.975
-22.83167614275,-52.15693603399336,Brazil,Parana,4118105,Paranacity,442.02,2021,3.2
-22.83167614275,-52.15693603399336,Brazil,Parana,4118105,Paranacity,442.02,2022,1.24
-22.83167614275,-52.15693603399336,Brazil,Parana,4118105,Paranacity,442.02,2023,3.85
-22.83167614275,-52.15693603399336,Brazil,Parana,4118105,Paranacity,442.02,2024,1.5
-22.6501097446,-52.0924538671037,Brazil,Parana,4118303,Paranapoema,373.21,2016,2.116
-22.6501097446,-52.0924538671037,Brazil,Parana,4118303,Paranapoema,373.21,2017,3.4
-22.6501097446,-52.0924538671037,Brazil,Parana,4118303,Paranapoema,373.21,2018,3.3
-22.6501097446,-52.0924538671037,Brazil,Parana,4118303,Paranapoema,373.21,2019,2.0
-22.6501097446,-52.0924538671037,Brazil,Parana,4118303,Paranapoema,373.21,2020,2.851
-22.6501097446,-52.0924538671037,Brazil,Parana,4118303,Paranapoema,373.21,2021,3.2
-22.6501097446,-52.0924538671037,Brazil,Parana,4118303,Paranapoema,373.21,2022,1.36
-22.6501097446,-52.0924538671037,Brazil,Parana,4118303,Paranapoema,373.21,2023,3.849
-22.6501097446,-52.0924538671037,Brazil,Parana,4118303,Paranapoema,373.21,2024,3.032
-22.87906005975,-52.50839113951671,Brazil,Parana,4118402,Paranavaí,425.62,2016,1.735
-22.87906005975,-52.50839113951671,Brazil,Parana,4118402,Paranavaí,425.62,2017,2.513
-22.87906005975,-52.50839113951671,Brazil,Parana,4118402,Paranavaí,425.62,2018,3.421
-22.87906005975,-52.50839113951671,Brazil,Parana,4118402,Paranavaí,425.62,2019,1.601
-22.87906005975,-52.50839113951671,Brazil,Parana,4118402,Paranavaí,425.62,2020,2.0
-22.87906005975,-52.50839113951671,Brazil,Parana,4118402,Paranavaí,425.62,2021,2.4
-22.87906005975,-52.50839113951671,Brazil,Parana,4118402,Paranavaí,425.62,2022,1.24
-22.87906005975,-52.50839113951671,Brazil,Parana,4118402,Paranavaí,425.62,2023,3.0
-22.87906005975,-52.50839113951671,Brazil,Parana,4118402,Paranavaí,425.62,2024,2.0
-24.6409024488,-54.25422004957254,Brazil,Parana,4118451,Pato Bragado,275.67,2016,3.4
-24.6409024488,-54.25422004957254,Brazil,Parana,4118451,Pato Bragado,275.67,2017,3.52
-24.6409024488,-54.25422004957254,Brazil,Parana,4118451,Pato Bragado,275.67,2018,3.6
-24.6409024488,-54.25422004957254,Brazil,Parana,4118451,Pato Bragado,275.67,2019,2.0
-24.6409024488,-54.25422004957254,Brazil,Parana,4118451,Pato Bragado,275.67,2020,3.932
-24.6409024488,-54.25422004957254,Brazil,Parana,4118451,Pato Bragado,275.67,2021,3.471
-24.6409024488,-54.25422004957254,Brazil,Parana,4118451,Pato Bragado,275.67,2022,0.8
-24.6409024488,-54.25422004957254,Brazil,Parana,4118451,Pato Bragado,275.67,2023,2.727
-24.6409024488,-54.25422004957254,Brazil,Parana,4118451,Pato Bragado,275.67,2024,2.8
-26.1518221759,-52.65715103566103,Brazil,Parana,4118501,Pato Branco,733.07,2016,3.307
-26.1518221759,-52.65715103566103,Brazil,Parana,4118501,Pato Branco,733.07,2017,3.507
-26.1518221759,-52.65715103566103,Brazil,Parana,4118501,Pato Branco,733.07,2018,3.682
-26.1518221759,-52.65715103566103,Brazil,Parana,4118501,Pato Branco,733.07,2019,3.0
-26.1518221759,-52.65715103566103,Brazil,Parana,4118501,Pato Branco,733.07,2020,3.968
-26.1518221759,-52.65715103566103,Brazil,Parana,4118501,Pato Branco,733.07,2021,3.695
-26.1518221759,-52.65715103566103,Brazil,Parana,4118501,Pato Branco,733.07,2022,2.046
-26.1518221759,-52.65715103566103,Brazil,Parana,4118501,Pato Branco,733.07,2023,3.582
-26.1518221759,-52.65715103566103,Brazil,Parana,4118501,Pato Branco,733.07,2024,3.487
-26.1660860174,-50.86005800104596,Brazil,Parana,4118600,Paula Freitas,834.26,2016,3.05
-26.1660860174,-50.86005800104596,Brazil,Parana,4118600,Paula Freitas,834.26,2017,3.7
-26.1660860174,-50.86005800104596,Brazil,Parana,4118600,Paula Freitas,834.26,2018,3.5
-26.1660860174,-50.86005800104596,Brazil,Parana,4118600,Paula Freitas,834.26,2019,3.2
-26.1660860174,-50.86005800104596,Brazil,Parana,4118600,Paula Freitas,834.26,2020,3.5
-26.1660860174,-50.86005800104596,Brazil,Parana,4118600,Paula Freitas,834.26,2021,3.433
-26.1660860174,-50.86005800104596,Brazil,Parana,4118600,Paula Freitas,834.26,2022,2.559
-26.1660860174,-50.86005800104596,Brazil,Parana,4118600,Paula Freitas,834.26,2023,3.468
-26.1660860174,-50.86005800104596,Brazil,Parana,4118600,Paula Freitas,834.26,2024,3.372
-26.07358527015,-50.71697716673106,Brazil,Parana,4118709,Paulo Frontin,834.26,2016,2.965
-26.07358527015,-50.71697716673106,Brazil,Parana,4118709,Paulo Frontin,834.26,2017,3.4
-26.07358527015,-50.71697716673106,Brazil,Parana,4118709,Paulo Frontin,834.26,2018,3.1
-26.07358527015,-50.71697716673106,Brazil,Parana,4118709,Paulo Frontin,834.26,2019,3.2
-26.07358527015,-50.71697716673106,Brazil,Parana,4118709,Paulo Frontin,834.26,2020,3.349
-26.07358527015,-50.71697716673106,Brazil,Parana,4118709,Paulo Frontin,834.26,2021,3.2
-26.07358527015,-50.71697716673106,Brazil,Parana,4118709,Paulo Frontin,834.26,2022,2.955
-26.07358527015,-50.71697716673106,Brazil,Parana,4118709,Paulo Frontin,834.26,2023,2.958
-26.07358527015,-50.71697716673106,Brazil,Parana,4118709,Paulo Frontin,834.26,2024,2.278
-23.9294652371,-52.30155745265748,Brazil,Parana,4118808,Peabiru,531.27,2016,2.91
-23.9294652371,-52.30155745265748,Brazil,Parana,4118808,Peabiru,531.27,2017,3.768
-23.9294652371,-52.30155745265748,Brazil,Parana,4118808,Peabiru,531.27,2018,3.446
-23.9294652371,-52.30155745265748,Brazil,Parana,4118808,Peabiru,531.27,2019,2.7
-23.9294652371,-52.30155745265748,Brazil,Parana,4118808,Peabiru,531.27,2020,3.7
-23.9294652371,-52.30155745265748,Brazil,Parana,4118808,Peabiru,531.27,2021,3.7
-23.9294652371,-52.30155745265748,Brazil,Parana,4118808,Peabiru,531.27,2022,0.8
-23.9294652371,-52.30155745265748,Brazil,Parana,4118808,Peabiru,531.27,2023,4.116
-23.9294652371,-52.30155745265748,Brazil,Parana,4118808,Peabiru,531.27,2024,3.2
-23.9556244824,-53.30720870934002,Brazil,Parana,4118857,Perobal,408.68,2016,2.891
-23.9556244824,-53.30720870934002,Brazil,Parana,4118857,Perobal,408.68,2017,2.5
-23.9556244824,-53.30720870934002,Brazil,Parana,4118857,Perobal,408.68,2018,3.25
-23.9556244824,-53.30720870934002,Brazil,Parana,4118857,Perobal,408.68,2019,2.0
-23.9556244824,-53.30720870934002,Brazil,Parana,4118857,Perobal,408.68,2020,3.0
-23.9556244824,-53.30720870934002,Brazil,Parana,4118857,Perobal,408.68,2021,2.7
-23.9556244824,-53.30720870934002,Brazil,Parana,4118857,Perobal,408.68,2022,0.48
-23.9556244824,-53.30720870934002,Brazil,Parana,4118857,Perobal,408.68,2023,3.9
-23.9556244824,-53.30720870934002,Brazil,Parana,4118857,Perobal,408.68,2024,2.3
-23.82220445945,-53.7056252201241,Brazil,Parana,4118907,Pérola,315.06,2016,2.598
-23.82220445945,-53.7056252201241,Brazil,Parana,4118907,Pérola,315.06,2017,2.7
-23.82220445945,-53.7056252201241,Brazil,Parana,4118907,Pérola,315.06,2019,2.0
-23.82220445945,-53.7056252201241,Brazil,Parana,4118907,Pérola,315.06,2020,2.8
-23.82220445945,-53.7056252201241,Brazil,Parana,4118907,Pérola,315.06,2021,3.0
-23.82220445945,-53.7056252201241,Brazil,Parana,4118907,Pérola,315.06,2022,0.6
-23.82220445945,-53.7056252201241,Brazil,Parana,4118907,Pérola,315.06,2023,3.0
-23.82220445945,-53.7056252201241,Brazil,Parana,4118907,Pérola,315.06,2024,2.7
-25.846470955,-53.76222436222869,Brazil,Parana,4119004,Pérola d'Oeste,492.74,2016,3.49
-25.846470955,-53.76222436222869,Brazil,Parana,4119004,Pérola d'Oeste,492.74,2017,3.7
-25.846470955,-53.76222436222869,Brazil,Parana,4119004,Pérola d'Oeste,492.74,2018,3.7
-25.846470955,-53.76222436222869,Brazil,Parana,4119004,Pérola d'Oeste,492.74,2019,3.04
-25.846470955,-53.76222436222869,Brazil,Parana,4119004,Pérola d'Oeste,492.74,2020,4.395
-25.846470955,-53.76222436222869,Brazil,Parana,4119004,Pérola d'Oeste,492.74,2021,3.689
-25.846470955,-53.76222436222869,Brazil,Parana,4119004,Pérola d'Oeste,492.74,2022,0.722
-25.846470955,-53.76222436222869,Brazil,Parana,4119004,Pérola d'Oeste,492.74,2023,3.992
-25.846470955,-53.76222436222869,Brazil,Parana,4119004,Pérola d'Oeste,492.74,2024,3.964
-26.0680003353,-49.43989748219609,Brazil,Parana,4119103,Piên,849.62,2016,3.2
-26.0680003353,-49.43989748219609,Brazil,Parana,4119103,Piên,849.62,2017,3.2
-26.0680003353,-49.43989748219609,Brazil,Parana,4119103,Piên,849.62,2018,3.72
-26.0680003353,-49.43989748219609,Brazil,Parana,4119103,Piên,849.62,2019,3.72
-26.0680003353,-49.43989748219609,Brazil,Parana,4119103,Piên,849.62,2020,3.89
-26.0680003353,-49.43989748219609,Brazil,Parana,4119103,Piên,849.62,2021,3.956
-26.0680003353,-49.43989748219609,Brazil,Parana,4119103,Piên,849.62,2022,3.89
-26.0680003353,-49.43989748219609,Brazil,Parana,4119103,Piên,849.62,2023,3.57
-26.0680003353,-49.43989748219609,Brazil,Parana,4119103,Piên,849.62,2024,3.412
-25.42467164415,-49.15470125774632,Brazil,Parana,4119152,Pinhais,905.85,2023,3.6
-25.42467164415,-49.15470125774632,Brazil,Parana,4119152,Pinhais,905.85,2024,3.462
-23.86436186525,-50.08668869931822,Brazil,Parana,4119202,Pinhalão,741.43,2016,2.8
-23.86436186525,-50.08668869931822,Brazil,Parana,4119202,Pinhalão,741.43,2017,3.475
-23.86436186525,-50.08668869931822,Brazil,Parana,4119202,Pinhalão,741.43,2018,3.5
-23.86436186525,-50.08668869931822,Brazil,Parana,4119202,Pinhalão,741.43,2019,3.96
-23.86436186525,-50.08668869931822,Brazil,Parana,4119202,Pinhalão,741.43,2020,3.2
-23.86436186525,-50.08668869931822,Brazil,Parana,4119202,Pinhalão,741.43,2021,3.392
-23.86436186525,-50.08668869931822,Brazil,Parana,4119202,Pinhalão,741.43,2022,3.9
-23.86436186525,-50.08668869931822,Brazil,Parana,4119202,Pinhalão,741.43,2023,3.47
-23.86436186525,-50.08668869931822,Brazil,Parana,4119202,Pinhalão,741.43,2024,3.47
-26.01495321765,-53.45196246098494,Brazil,Parana,4119251,Pinhal de São Bento,492.74,2016,3.45
-26.01495321765,-53.45196246098494,Brazil,Parana,4119251,Pinhal de São Bento,492.74,2017,3.9
-26.01495321765,-53.45196246098494,Brazil,Parana,4119251,Pinhal de São Bento,492.74,2018,3.6
-26.01495321765,-53.45196246098494,Brazil,Parana,4119251,Pinhal de São Bento,492.74,2019,3.3
-26.01495321765,-53.45196246098494,Brazil,Parana,4119251,Pinhal de São Bento,492.74,2020,3.9
-26.01495321765,-53.45196246098494,Brazil,Parana,4119251,Pinhal de São Bento,492.74,2021,3.7
-26.01495321765,-53.45196246098494,Brazil,Parana,4119251,Pinhal de São Bento,492.74,2022,1.2
-26.01495321765,-53.45196246098494,Brazil,Parana,4119251,Pinhal de São Bento,492.74,2023,3.855
-26.01495321765,-53.45196246098494,Brazil,Parana,4119251,Pinhal de São Bento,492.74,2024,4.0
-25.7998372427,-51.57453875832412,Brazil,Parana,4119301,Pinhão,938.64,2016,3.6
-25.7998372427,-51.57453875832412,Brazil,Parana,4119301,Pinhão,938.64,2017,4.11
-25.7998372427,-51.57453875832412,Brazil,Parana,4119301,Pinhão,938.64,2018,3.8
-25.7998372427,-51.57453875832412,Brazil,Parana,4119301,Pinhão,938.64,2019,3.8
-25.7998372427,-51.57453875832412,Brazil,Parana,4119301,Pinhão,938.64,2020,4.0
-25.7998372427,-51.57453875832412,Brazil,Parana,4119301,Pinhão,938.64,2021,3.85
-25.7998372427,-51.57453875832412,Brazil,Parana,4119301,Pinhão,938.64,2022,3.665
-25.7998372427,-51.57453875832412,Brazil,Parana,4119301,Pinhão,938.64,2023,4.0
-25.7998372427,-51.57453875832412,Brazil,Parana,4119301,Pinhão,938.64,2024,3.9
-24.4360326267,-50.00840643875611,Brazil,Parana,4119400,Piraí do Sul,967.9,2016,3.359
-24.4360326267,-50.00840643875611,Brazil,Parana,4119400,Piraí do Sul,967.9,2017,4.1
-24.4360326267,-50.00840643875611,Brazil,Parana,4119400,Piraí do Sul,967.9,2018,3.75
-24.4360326267,-50.00840643875611,Brazil,Parana,4119400,Piraí do Sul,967.9,2019,3.6
-24.4360326267,-50.00840643875611,Brazil,Parana,4119400,Piraí do Sul,967.9,2020,4.181
-24.4360326267,-50.00840643875611,Brazil,Parana,4119400,Piraí do Sul,967.9,2021,3.772
-24.4360326267,-50.00840643875611,Brazil,Parana,4119400,Piraí do Sul,967.9,2022,3.835
-24.4360326267,-50.00840643875611,Brazil,Parana,4119400,Piraí do Sul,967.9,2023,4.174
-24.4360326267,-50.00840643875611,Brazil,Parana,4119400,Piraí do Sul,967.9,2024,3.787
-25.46655277635,-49.05658892524821,Brazil,Parana,4119509,Piraquara,328.09,2016,3.344
-25.46655277635,-49.05658892524821,Brazil,Parana,4119509,Piraquara,328.09,2017,3.4
-25.46655277635,-49.05658892524821,Brazil,Parana,4119509,Piraquara,328.09,2018,3.6
-25.46655277635,-49.05658892524821,Brazil,Parana,4119509,Piraquara,328.09,2019,3.572
-25.46655277635,-49.05658892524821,Brazil,Parana,4119509,Piraquara,328.09,2020,3.571
-25.46655277635,-49.05658892524821,Brazil,Parana,4119509,Piraquara,328.09,2021,3.632
-25.46655277635,-49.05658892524821,Brazil,Parana,4119509,Piraquara,328.09,2022,3.85
-25.46655277635,-49.05658892524821,Brazil,Parana,4119509,Piraquara,328.09,2023,3.85
-25.46655277635,-49.05658892524821,Brazil,Parana,4119509,Piraquara,328.09,2024,3.848
-24.67732531635,-51.80021031270557,Brazil,Parana,4119608,Pitanga,715.32,2016,3.2
-24.67732531635,-51.80021031270557,Brazil,Parana,4119608,Pitanga,715.32,2017,3.02
-24.67732531635,-51.80021031270557,Brazil,Parana,4119608,Pitanga,715.32,2018,3.65
-24.67732531635,-51.80021031270557,Brazil,Parana,4119608,Pitanga,715.32,2019,3.3
-24.67732531635,-51.80021031270557,Brazil,Parana,4119608,Pitanga,715.32,2020,4.2
-24.67732531635,-51.80021031270557,Brazil,Parana,4119608,Pitanga,715.32,2021,3.6
-24.67732531635,-51.80021031270557,Brazil,Parana,4119608,Pitanga,715.32,2022,3.1
-24.67732531635,-51.80021031270557,Brazil,Parana,4119608,Pitanga,715.32,2023,4.15
-24.67732531635,-51.80021031270557,Brazil,Parana,4119608,Pitanga,715.32,2024,3.97
-23.20935796795,-51.56831552636046,Brazil,Parana,4119657,Pitangueiras,442.02,2016,1.86
-23.20935796795,-51.56831552636046,Brazil,Parana,4119657,Pitangueiras,442.02,2017,3.8
-23.20935796795,-51.56831552636046,Brazil,Parana,4119657,Pitangueiras,442.02,2018,3.23
-23.20935796795,-51.56831552636046,Brazil,Parana,4119657,Pitangueiras,442.02,2019,2.73
-23.20935796795,-51.56831552636046,Brazil,Parana,4119657,Pitangueiras,442.02,2020,3.25
-23.20935796795,-51.56831552636046,Brazil,Parana,4119657,Pitangueiras,442.02,2021,3.1
-23.20935796795,-51.56831552636046,Brazil,Parana,4119657,Pitangueiras,442.02,2022,2.886
-23.20935796795,-51.56831552636046,Brazil,Parana,4119657,Pitangueiras,442.02,2023,4.119
-23.20935796795,-51.56831552636046,Brazil,Parana,4119657,Pitangueiras,442.02,2024,3.008
-23.0898635674,-52.96537485353946,Brazil,Parana,4119707,Planaltina do Paraná,328.34,2016,2.459
-23.0898635674,-52.96537485353946,Brazil,Parana,4119707,Planaltina do Paraná,328.34,2017,3.0
-23.0898635674,-52.96537485353946,Brazil,Parana,4119707,Planaltina do Paraná,328.34,2018,3.224
-23.0898635674,-52.96537485353946,Brazil,Parana,4119707,Planaltina do Paraná,328.34,2019,2.1
-23.0898635674,-52.96537485353946,Brazil,Parana,4119707,Planaltina do Paraná,328.34,2020,3.0
-23.0898635674,-52.96537485353946,Brazil,Parana,4119707,Planaltina do Paraná,328.34,2021,3.0
-23.0898635674,-52.96537485353946,Brazil,Parana,4119707,Planaltina do Paraná,328.34,2022,1.5
-23.0898635674,-52.96537485353946,Brazil,Parana,4119707,Planaltina do Paraná,328.34,2023,3.2
-23.0898635674,-52.96537485353946,Brazil,Parana,4119707,Planaltina do Paraná,328.34,2024,2.9
-25.7288850747,-53.72642895589371,Brazil,Parana,4119806,Planalto,397.26,2016,3.189
-25.7288850747,-53.72642895589371,Brazil,Parana,4119806,Planalto,397.26,2017,3.45
-25.7288850747,-53.72642895589371,Brazil,Parana,4119806,Planalto,397.26,2018,3.5
-25.7288850747,-53.72642895589371,Brazil,Parana,4119806,Planalto,397.26,2019,3.06
-25.7288850747,-53.72642895589371,Brazil,Parana,4119806,Planalto,397.26,2020,4.1
-25.7288850747,-53.72642895589371,Brazil,Parana,4119806,Planalto,397.26,2021,3.681
-25.7288850747,-53.72642895589371,Brazil,Parana,4119806,Planalto,397.26,2022,0.75
-25.7288850747,-53.72642895589371,Brazil,Parana,4119806,Planalto,397.26,2023,3.6
-25.7288850747,-53.72642895589371,Brazil,Parana,4119806,Planalto,397.26,2024,4.0
-25.14723206105,-49.98844013396287,Brazil,Parana,4119905,Ponta Grossa,925.98,2016,3.381
-25.14723206105,-49.98844013396287,Brazil,Parana,4119905,Ponta Grossa,925.98,2017,4.0
-25.14723206105,-49.98844013396287,Brazil,Parana,4119905,Ponta Grossa,925.98,2018,3.75
-25.14723206105,-49.98844013396287,Brazil,Parana,4119905,Ponta Grossa,925.98,2019,3.6
-25.14723206105,-49.98844013396287,Brazil,Parana,4119905,Ponta Grossa,925.98,2020,4.06
-25.14723206105,-49.98844013396287,Brazil,Parana,4119905,Ponta Grossa,925.98,2021,3.7
-25.14723206105,-49.98844013396287,Brazil,Parana,4119905,Ponta Grossa,925.98,2022,3.776
-25.14723206105,-49.98844013396287,Brazil,Parana,4119905,Ponta Grossa,925.98,2023,4.24
-25.14723206105,-49.98844013396287,Brazil,Parana,4119905,Ponta Grossa,925.98,2024,3.822
-22.74482056325,-51.41549016245413,Brazil,Parana,4120002,Porecatu,399.68,2016,2.55
-22.74482056325,-51.41549016245413,Brazil,Parana,4120002,Porecatu,399.68,2017,3.45
-22.74482056325,-51.41549016245413,Brazil,Parana,4120002,Porecatu,399.68,2018,3.25
-22.74482056325,-51.41549016245413,Brazil,Parana,4120002,Porecatu,399.68,2019,2.1
-22.74482056325,-51.41549016245413,Brazil,Parana,4120002,Porecatu,399.68,2020,2.95
-22.74482056325,-51.41549016245413,Brazil,Parana,4120002,Porecatu,399.68,2021,2.6
-22.74482056325,-51.41549016245413,Brazil,Parana,4120002,Porecatu,399.68,2022,2.0
-22.74482056325,-51.41549016245413,Brazil,Parana,4120002,Porecatu,399.68,2023,3.9
-22.74482056325,-51.41549016245413,Brazil,Parana,4120002,Porecatu,399.68,2024,1.75
-25.52897500015,-49.88809509630747,Brazil,Parana,4120101,Porto Amazonas,866.52,2016,3.3
-25.52897500015,-49.88809509630747,Brazil,Parana,4120101,Porto Amazonas,866.52,2017,3.7
-25.52897500015,-49.88809509630747,Brazil,Parana,4120101,Porto Amazonas,866.52,2018,3.6
-25.52897500015,-49.88809509630747,Brazil,Parana,4120101,Porto Amazonas,866.52,2019,3.3
-25.52897500015,-49.88809509630747,Brazil,Parana,4120101,Porto Amazonas,866.52,2020,4.1
-25.52897500015,-49.88809509630747,Brazil,Parana,4120101,Porto Amazonas,866.52,2021,3.7
-25.52897500015,-49.88809509630747,Brazil,Parana,4120101,Porto Amazonas,866.52,2022,3.781
-25.52897500015,-49.88809509630747,Brazil,Parana,4120101,Porto Amazonas,866.52,2023,3.931
-25.52897500015,-49.88809509630747,Brazil,Parana,4120101,Porto Amazonas,866.52,2024,3.366
-25.59024977805,-52.37428372111235,Brazil,Parana,4120150,Porto Barreiro,706.5,2016,3.323
-25.59024977805,-52.37428372111235,Brazil,Parana,4120150,Porto Barreiro,706.5,2017,3.84
-25.59024977805,-52.37428372111235,Brazil,Parana,4120150,Porto Barreiro,706.5,2018,3.71
-25.59024977805,-52.37428372111235,Brazil,Parana,4120150,Porto Barreiro,706.5,2019,3.72
-25.59024977805,-52.37428372111235,Brazil,Parana,4120150,Porto Barreiro,706.5,2020,4.216
-25.59024977805,-52.37428372111235,Brazil,Parana,4120150,Porto Barreiro,706.5,2021,3.72
-25.59024977805,-52.37428372111235,Brazil,Parana,4120150,Porto Barreiro,706.5,2022,3.72
-25.59024977805,-52.37428372111235,Brazil,Parana,4120150,Porto Barreiro,706.5,2023,3.2
-25.59024977805,-52.37428372111235,Brazil,Parana,4120150,Porto Barreiro,706.5,2024,4.3
-22.8364131422,-53.33250571830614,Brazil,Parana,4120200,Porto Rico,328.34,2020,2.0
-22.8364131422,-53.33250571830614,Brazil,Parana,4120200,Porto Rico,328.34,2021,3.0
-22.8364131422,-53.33250571830614,Brazil,Parana,4120200,Porto Rico,328.34,2022,0.6
-22.8364131422,-53.33250571830614,Brazil,Parana,4120200,Porto Rico,328.34,2023,3.0
-26.24065066735,-51.22048452302531,Brazil,Parana,4120309,Porto Vitória,992.97,2016,2.6
-26.24065066735,-51.22048452302531,Brazil,Parana,4120309,Porto Vitória,992.97,2017,2.85
-26.24065066735,-51.22048452302531,Brazil,Parana,4120309,Porto Vitória,992.97,2018,2.8
-26.24065066735,-51.22048452302531,Brazil,Parana,4120309,Porto Vitória,992.97,2019,2.8
-26.24065066735,-51.22048452302531,Brazil,Parana,4120309,Porto Vitória,992.97,2020,2.8
-26.24065066735,-51.22048452302531,Brazil,Parana,4120309,Porto Vitória,992.97,2021,2.8
-26.24065066735,-51.22048452302531,Brazil,Parana,4120309,Porto Vitória,992.97,2022,2.4
-26.24065066735,-51.22048452302531,Brazil,Parana,4120309,Porto Vitória,992.97,2023,2.8
-26.24065066735,-51.22048452302531,Brazil,Parana,4120309,Porto Vitória,992.97,2024,2.8
-23.0284375636,-51.40244607828681,Brazil,Parana,4120333,Prado Ferreira,454.93,2016,2.34
-23.0284375636,-51.40244607828681,Brazil,Parana,4120333,Prado Ferreira,454.93,2017,3.6
-23.0284375636,-51.40244607828681,Brazil,Parana,4120333,Prado Ferreira,454.93,2018,3.5
-23.0284375636,-51.40244607828681,Brazil,Parana,4120333,Prado Ferreira,454.93,2019,2.55
-23.0284375636,-51.40244607828681,Brazil,Parana,4120333,Prado Ferreira,454.93,2020,3.2
-23.0284375636,-51.40244607828681,Brazil,Parana,4120333,Prado Ferreira,454.93,2021,3.25
-23.0284375636,-51.40244607828681,Brazil,Parana,4120333,Prado Ferreira,454.93,2022,2.35
-23.0284375636,-51.40244607828681,Brazil,Parana,4120333,Prado Ferreira,454.93,2023,3.759
-23.0284375636,-51.40244607828681,Brazil,Parana,4120333,Prado Ferreira,454.93,2024,2.262
-25.9729461085,-53.72215362821233,Brazil,Parana,4120358,Pranchita,492.74,2016,3.362
-25.9729461085,-53.72215362821233,Brazil,Parana,4120358,Pranchita,492.74,2017,3.8
-25.9729461085,-53.72215362821233,Brazil,Parana,4120358,Pranchita,492.74,2018,3.05
-25.9729461085,-53.72215362821233,Brazil,Parana,4120358,Pranchita,492.74,2019,3.33
-25.9729461085,-53.72215362821233,Brazil,Parana,4120358,Pranchita,492.74,2020,4.273
-25.9729461085,-53.72215362821233,Brazil,Parana,4120358,Pranchita,492.74,2021,3.989
-25.9729461085,-53.72215362821233,Brazil,Parana,4120358,Pranchita,492.74,2022,0.861
-25.9729461085,-53.72215362821233,Brazil,Parana,4120358,Pranchita,492.74,2023,3.893
-25.9729461085,-53.72215362821233,Brazil,Parana,4120358,Pranchita,492.74,2024,3.965
-23.2648165222,-52.16543074459008,Brazil,Parana,4120408,Presidente Castelo Branco,489.73,2016,2.1
-23.2648165222,-52.16543074459008,Brazil,Parana,4120408,Presidente Castelo Branco,489.73,2017,3.35
-23.2648165222,-52.16543074459008,Brazil,Parana,4120408,Presidente Castelo Branco,489.73,2018,3.4
-23.2648165222,-52.16543074459008,Brazil,Parana,4120408,Presidente Castelo Branco,489.73,2019,3.4
-23.2648165222,-52.16543074459008,Brazil,Parana,4120408,Presidente Castelo Branco,489.73,2020,3.32
-23.2648165222,-52.16543074459008,Brazil,Parana,4120408,Presidente Castelo Branco,489.73,2021,3.32
-23.2648165222,-52.16543074459008,Brazil,Parana,4120408,Presidente Castelo Branco,489.73,2022,1.041
-23.2648165222,-52.16543074459008,Brazil,Parana,4120408,Presidente Castelo Branco,489.73,2023,3.96
-23.2648165222,-52.16543074459008,Brazil,Parana,4120408,Presidente Castelo Branco,489.73,2024,2.48
-22.85783526135,-51.05617528459629,Brazil,Parana,4120507,Primeiro de Maio,454.93,2016,2.5
-22.85783526135,-51.05617528459629,Brazil,Parana,4120507,Primeiro de Maio,454.93,2017,3.1
-22.85783526135,-51.05617528459629,Brazil,Parana,4120507,Primeiro de Maio,454.93,2018,3.543
-22.85783526135,-51.05617528459629,Brazil,Parana,4120507,Primeiro de Maio,454.93,2019,2.48
-22.85783526135,-51.05617528459629,Brazil,Parana,4120507,Primeiro de Maio,454.93,2020,3.1
-22.85783526135,-51.05617528459629,Brazil,Parana,4120507,Primeiro de Maio,454.93,2021,2.85
-22.85783526135,-51.05617528459629,Brazil,Parana,4120507,Primeiro de Maio,454.93,2022,2.81
-22.85783526135,-51.05617528459629,Brazil,Parana,4120507,Primeiro de Maio,454.93,2023,4.009
-22.85783526135,-51.05617528459629,Brazil,Parana,4120507,Primeiro de Maio,454.93,2024,3.5
-25.13236422885,-51.09287732573937,Brazil,Parana,4120606,Prudentópolis,846.04,2016,3.281
-25.13236422885,-51.09287732573937,Brazil,Parana,4120606,Prudentópolis,846.04,2017,3.9
-25.13236422885,-51.09287732573937,Brazil,Parana,4120606,Prudentópolis,846.04,2018,3.8
-25.13236422885,-51.09287732573937,Brazil,Parana,4120606,Prudentópolis,846.04,2019,3.55
-25.13236422885,-51.09287732573937,Brazil,Parana,4120606,Prudentópolis,846.04,2020,3.845
-25.13236422885,-51.09287732573937,Brazil,Parana,4120606,Prudentópolis,846.04,2021,3.748
-25.13236422885,-51.09287732573937,Brazil,Parana,4120606,Prudentópolis,846.04,2022,3.162
-25.13236422885,-51.09287732573937,Brazil,Parana,4120606,Prudentópolis,846.04,2023,3.878
-25.13236422885,-51.09287732573937,Brazil,Parana,4120606,Prudentópolis,846.04,2024,3.52
-24.32172744365,-53.1757004095648,Brazil,Parana,4120655,Quarto Centenário,445.62,2016,3.461
-24.32172744365,-53.1757004095648,Brazil,Parana,4120655,Quarto Centenário,445.62,2017,4.09
-24.32172744365,-53.1757004095648,Brazil,Parana,4120655,Quarto Centenário,445.62,2018,3.719
-24.32172744365,-53.1757004095648,Brazil,Parana,4120655,Quarto Centenário,445.62,2019,3.1
-24.32172744365,-53.1757004095648,Brazil,Parana,4120655,Quarto Centenário,445.62,2020,4.0
-24.32172744365,-53.1757004095648,Brazil,Parana,4120655,Quarto Centenário,445.62,2021,4.0
-24.32172744365,-53.1757004095648,Brazil,Parana,4120655,Quarto Centenário,445.62,2022,1.2
-24.32172744365,-53.1757004095648,Brazil,Parana,4120655,Quarto Centenário,445.62,2023,4.46
-24.32172744365,-53.1757004095648,Brazil,Parana,4120655,Quarto Centenário,445.62,2024,3.5
-23.5560846393,-49.97796095799667,Brazil,Parana,4120705,Quatiguá,555.51,2016,3.0
-23.5560846393,-49.97796095799667,Brazil,Parana,4120705,Quatiguá,555.51,2020,3.4
-23.5560846393,-49.97796095799667,Brazil,Parana,4120705,Quatiguá,555.51,2021,3.849
-23.5560846393,-49.97796095799667,Brazil,Parana,4120705,Quatiguá,555.51,2022,3.85
-23.5560846393,-49.97796095799667,Brazil,Parana,4120705,Quatiguá,555.51,2023,3.85
-23.5560846393,-49.97796095799667,Brazil,Parana,4120705,Quatiguá,555.51,2024,3.85
-25.37425576365,-49.01920217874832,Brazil,Parana,4120804,Quatro Barras,328.09,2023,3.6
-25.37425576365,-49.01920217874832,Brazil,Parana,4120804,Quatro Barras,328.09,2024,3.6
-24.57200100665,-53.96422841989417,Brazil,Parana,4120853,Quatro Pontes,430.2,2016,2.993
-24.57200100665,-53.96422841989417,Brazil,Parana,4120853,Quatro Pontes,430.2,2017,4.09
-24.57200100665,-53.96422841989417,Brazil,Parana,4120853,Quatro Pontes,430.2,2018,3.6
-24.57200100665,-53.96422841989417,Brazil,Parana,4120853,Quatro Pontes,430.2,2019,2.1
-24.57200100665,-53.96422841989417,Brazil,Parana,4120853,Quatro Pontes,430.2,2020,3.75
-24.57200100665,-53.96422841989417,Brazil,Parana,4120853,Quatro Pontes,430.2,2021,3.4
-24.57200100665,-53.96422841989417,Brazil,Parana,4120853,Quatro Pontes,430.2,2022,0.813
-24.57200100665,-53.96422841989417,Brazil,Parana,4120853,Quatro Pontes,430.2,2023,2.58
-24.57200100665,-53.96422841989417,Brazil,Parana,4120853,Quatro Pontes,430.2,2024,3.1
-25.4464052404,-52.95828325670596,Brazil,Parana,4120903,Quedas do Iguaçu,504.0,2016,3.147
-25.4464052404,-52.95828325670596,Brazil,Parana,4120903,Quedas do Iguaçu,504.0,2017,4.0
-25.4464052404,-52.95828325670596,Brazil,Parana,4120903,Quedas do Iguaçu,504.0,2018,3.84
-25.4464052404,-52.95828325670596,Brazil,Parana,4120903,Quedas do Iguaçu,504.0,2019,3.22
-25.4464052404,-52.95828325670596,Brazil,Parana,4120903,Quedas do Iguaçu,504.0,2020,4.09
-25.4464052404,-52.95828325670596,Brazil,Parana,4120903,Quedas do Iguaçu,504.0,2021,3.6
-25.4464052404,-52.95828325670596,Brazil,Parana,4120903,Quedas do Iguaçu,504.0,2022,1.62
-25.4464052404,-52.95828325670596,Brazil,Parana,4120903,Quedas do Iguaçu,504.0,2023,3.8
-25.4464052404,-52.95828325670596,Brazil,Parana,4120903,Quedas do Iguaçu,504.0,2024,4.171
-23.0708195923,-53.5321017618096,Brazil,Parana,4121000,Querência do Norte,299.64,2016,3.2
-23.0708195923,-53.5321017618096,Brazil,Parana,4121000,Querência do Norte,299.64,2017,3.25
-23.0708195923,-53.5321017618096,Brazil,Parana,4121000,Querência do Norte,299.64,2018,3.2
-23.0708195923,-53.5321017618096,Brazil,Parana,4121000,Querência do Norte,299.64,2019,2.03
-23.0708195923,-53.5321017618096,Brazil,Parana,4121000,Querência do Norte,299.64,2020,3.0
-23.0708195923,-53.5321017618096,Brazil,Parana,4121000,Querência do Norte,299.64,2021,2.8
-23.0708195923,-53.5321017618096,Brazil,Parana,4121000,Querência do Norte,299.64,2022,0.48
-23.0708195923,-53.5321017618096,Brazil,Parana,4121000,Querência do Norte,299.64,2023,3.2
-23.0708195923,-53.5321017618096,Brazil,Parana,4121000,Querência do Norte,299.64,2024,1.5
-23.8231719734,-52.12366443611025,Brazil,Parana,4121109,Quinta do Sol,435.58,2016,3.058
-23.8231719734,-52.12366443611025,Brazil,Parana,4121109,Quinta do Sol,435.58,2017,3.6
-23.8231719734,-52.12366443611025,Brazil,Parana,4121109,Quinta do Sol,435.58,2018,3.347
-23.8231719734,-52.12366443611025,Brazil,Parana,4121109,Quinta do Sol,435.58,2019,2.4
-23.8231719734,-52.12366443611025,Brazil,Parana,4121109,Quinta do Sol,435.58,2020,3.6
-23.8231719734,-52.12366443611025,Brazil,Parana,4121109,Quinta do Sol,435.58,2021,3.2
-23.8231719734,-52.12366443611025,Brazil,Parana,4121109,Quinta do Sol,435.58,2022,1.5
-23.8231719734,-52.12366443611025,Brazil,Parana,4121109,Quinta do Sol,435.58,2023,4.2
-23.8231719734,-52.12366443611025,Brazil,Parana,4121109,Quinta do Sol,435.58,2024,2.7
-25.9195331538,-49.52384409601318,Brazil,Parana,4121208,Quitandinha,849.62,2016,3.3
-25.9195331538,-49.52384409601318,Brazil,Parana,4121208,Quitandinha,849.62,2017,3.3
-25.9195331538,-49.52384409601318,Brazil,Parana,4121208,Quitandinha,849.62,2018,3.75
-25.9195331538,-49.52384409601318,Brazil,Parana,4121208,Quitandinha,849.62,2019,3.75
-25.9195331538,-49.52384409601318,Brazil,Parana,4121208,Quitandinha,849.62,2020,3.85
-25.9195331538,-49.52384409601318,Brazil,Parana,4121208,Quitandinha,849.62,2021,3.915
-25.9195331538,-49.52384409601318,Brazil,Parana,4121208,Quitandinha,849.62,2022,3.85
-25.9195331538,-49.52384409601318,Brazil,Parana,4121208,Quitandinha,849.62,2023,3.6
-25.9195331538,-49.52384409601318,Brazil,Parana,4121208,Quitandinha,849.62,2024,3.267
-25.0953421109,-54.08372284673077,Brazil,Parana,4121257,Ramilândia,257.01,2016,2.958
-25.0953421109,-54.08372284673077,Brazil,Parana,4121257,Ramilândia,257.01,2017,3.6
-25.0953421109,-54.08372284673077,Brazil,Parana,4121257,Ramilândia,257.01,2018,3.0
-25.0953421109,-54.08372284673077,Brazil,Parana,4121257,Ramilândia,257.01,2019,2.6
-25.0953421109,-54.08372284673077,Brazil,Parana,4121257,Ramilândia,257.01,2020,3.719
-25.0953421109,-54.08372284673077,Brazil,Parana,4121257,Ramilândia,257.01,2021,3.347
-25.0953421109,-54.08372284673077,Brazil,Parana,4121257,Ramilândia,257.01,2022,0.86
-25.0953421109,-54.08372284673077,Brazil,Parana,4121257,Ramilândia,257.01,2023,3.719
-25.0953421109,-54.08372284673077,Brazil,Parana,4121257,Ramilândia,257.01,2024,2.976
-23.06415692265,-50.93026889336242,Brazil,Parana,4121307,Rancho Alegre,453.47,2016,3.0
-23.06415692265,-50.93026889336242,Brazil,Parana,4121307,Rancho Alegre,453.47,2017,3.48
-23.06415692265,-50.93026889336242,Brazil,Parana,4121307,Rancho Alegre,453.47,2018,3.18
-23.06415692265,-50.93026889336242,Brazil,Parana,4121307,Rancho Alegre,453.47,2019,2.88
-23.06415692265,-50.93026889336242,Brazil,Parana,4121307,Rancho Alegre,453.47,2020,3.24
-23.06415692265,-50.93026889336242,Brazil,Parana,4121307,Rancho Alegre,453.47,2021,3.24
-23.06415692265,-50.93026889336242,Brazil,Parana,4121307,Rancho Alegre,453.47,2022,2.26
-23.06415692265,-50.93026889336242,Brazil,Parana,4121307,Rancho Alegre,453.47,2023,3.714
-23.06415692265,-50.93026889336242,Brazil,Parana,4121307,Rancho Alegre,453.47,2024,1.83
-24.2693770384,-52.93207824259805,Brazil,Parana,4121356,Rancho Alegre D'Oeste,445.62,2016,3.373
-24.2693770384,-52.93207824259805,Brazil,Parana,4121356,Rancho Alegre D'Oeste,445.62,2017,4.09
-24.2693770384,-52.93207824259805,Brazil,Parana,4121356,Rancho Alegre D'Oeste,445.62,2018,3.632
-24.2693770384,-52.93207824259805,Brazil,Parana,4121356,Rancho Alegre D'Oeste,445.62,2019,2.75
-24.2693770384,-52.93207824259805,Brazil,Parana,4121356,Rancho Alegre D'Oeste,445.62,2020,3.75
-24.2693770384,-52.93207824259805,Brazil,Parana,4121356,Rancho Alegre D'Oeste,445.62,2021,3.835
-24.2693770384,-52.93207824259805,Brazil,Parana,4121356,Rancho Alegre D'Oeste,445.62,2022,1.455
-24.2693770384,-52.93207824259805,Brazil,Parana,4121356,Rancho Alegre D'Oeste,445.62,2023,4.496
-24.2693770384,-52.93207824259805,Brazil,Parana,4121356,Rancho Alegre D'Oeste,445.62,2024,3.35
-25.66899471595,-53.55015708983734,Brazil,Parana,4121406,Realeza,397.26,2016,3.176
-25.66899471595,-53.55015708983734,Brazil,Parana,4121406,Realeza,397.26,2017,3.9
-25.66899471595,-53.55015708983734,Brazil,Parana,4121406,Realeza,397.26,2018,3.6
-25.66899471595,-53.55015708983734,Brazil,Parana,4121406,Realeza,397.26,2019,3.7
-25.66899471595,-53.55015708983734,Brazil,Parana,4121406,Realeza,397.26,2020,3.993
-25.66899471595,-53.55015708983734,Brazil,Parana,4121406,Realeza,397.26,2021,4.0
-25.66899471595,-53.55015708983734,Brazil,Parana,4121406,Realeza,397.26,2022,0.78
-25.66899471595,-53.55015708983734,Brazil,Parana,4121406,Realeza,397.26,2023,4.038
-25.66899471595,-53.55015708983734,Brazil,Parana,4121406,Realeza,397.26,2024,3.988
-25.66850516085,-50.57893845773436,Brazil,Parana,4121505,Rebouças,848.71,2016,3.083
-25.66850516085,-50.57893845773436,Brazil,Parana,4121505,Rebouças,848.71,2017,3.65
-25.66850516085,-50.57893845773436,Brazil,Parana,4121505,Rebouças,848.71,2018,3.4
-25.66850516085,-50.57893845773436,Brazil,Parana,4121505,Rebouças,848.71,2019,3.5
-25.66850516085,-50.57893845773436,Brazil,Parana,4121505,Rebouças,848.71,2020,3.328
-25.66850516085,-50.57893845773436,Brazil,Parana,4121505,Rebouças,848.71,2021,3.6
-25.66850516085,-50.57893845773436,Brazil,Parana,4121505,Rebouças,848.71,2022,3.6
-25.66850516085,-50.57893845773436,Brazil,Parana,4121505,Rebouças,848.71,2023,3.57
-25.66850516085,-50.57893845773436,Brazil,Parana,4121505,Rebouças,848.71,2024,3.717
-26.2202308095,-52.95802649825033,Brazil,Parana,4121604,Renascença,627.56,2016,3.136
-26.2202308095,-52.95802649825033,Brazil,Parana,4121604,Renascença,627.56,2017,4.0
-26.2202308095,-52.95802649825033,Brazil,Parana,4121604,Renascença,627.56,2018,4.0
-26.2202308095,-52.95802649825033,Brazil,Parana,4121604,Renascença,627.56,2019,3.5
-26.2202308095,-52.95802649825033,Brazil,Parana,4121604,Renascença,627.56,2020,4.198
-26.2202308095,-52.95802649825033,Brazil,Parana,4121604,Renascença,627.56,2021,3.888
-26.2202308095,-52.95802649825033,Brazil,Parana,4121604,Renascença,627.56,2022,1.512
-26.2202308095,-52.95802649825033,Brazil,Parana,4121604,Renascença,627.56,2023,3.996
-26.2202308095,-52.95802649825033,Brazil,Parana,4121604,Renascença,627.56,2024,3.252
-24.59354307045,-50.93649359195776,Brazil,Parana,4121703,Reserva,800.8,2016,2.987
-24.59354307045,-50.93649359195776,Brazil,Parana,4121703,Reserva,800.8,2017,3.6
-24.59354307045,-50.93649359195776,Brazil,Parana,4121703,Reserva,800.8,2018,3.65
-24.59354307045,-50.93649359195776,Brazil,Parana,4121703,Reserva,800.8,2019,3.1
-24.59354307045,-50.93649359195776,Brazil,Parana,4121703,Reserva,800.8,2020,3.712
-24.59354307045,-50.93649359195776,Brazil,Parana,4121703,Reserva,800.8,2021,3.472
-24.59354307045,-50.93649359195776,Brazil,Parana,4121703,Reserva,800.8,2022,3.24
-24.59354307045,-50.93649359195776,Brazil,Parana,4121703,Reserva,800.8,2023,3.685
-24.59354307045,-50.93649359195776,Brazil,Parana,4121703,Reserva,800.8,2024,3.341
-25.88080537065,-51.97823596359341,Brazil,Parana,4121752,Reserva do Iguaçu,938.64,2016,3.5
-25.88080537065,-51.97823596359341,Brazil,Parana,4121752,Reserva do Iguaçu,938.64,2017,4.14
-25.88080537065,-51.97823596359341,Brazil,Parana,4121752,Reserva do Iguaçu,938.64,2018,3.82
-25.88080537065,-51.97823596359341,Brazil,Parana,4121752,Reserva do Iguaçu,938.64,2019,3.8
-25.88080537065,-51.97823596359341,Brazil,Parana,4121752,Reserva do Iguaçu,938.64,2020,4.1
-25.88080537065,-51.97823596359341,Brazil,Parana,4121752,Reserva do Iguaçu,938.64,2021,3.9
-25.88080537065,-51.97823596359341,Brazil,Parana,4121752,Reserva do Iguaçu,938.64,2022,3.473
-25.88080537065,-51.97823596359341,Brazil,Parana,4121752,Reserva do Iguaçu,938.64,2023,4.1
-25.88080537065,-51.97823596359341,Brazil,Parana,4121752,Reserva do Iguaçu,938.64,2024,4.0
-23.2792165258,-49.7272287560924,Brazil,Parana,4121802,Ribeirão Claro,555.51,2016,3.385
-23.2792165258,-49.7272287560924,Brazil,Parana,4121802,Ribeirão Claro,555.51,2017,2.769
-23.2792165258,-49.7272287560924,Brazil,Parana,4121802,Ribeirão Claro,555.51,2018,5.0
-23.2792165258,-49.7272287560924,Brazil,Parana,4121802,Ribeirão Claro,555.51,2019,3.2
-23.2792165258,-49.7272287560924,Brazil,Parana,4121802,Ribeirão Claro,555.51,2020,3.2
-23.2792165258,-49.7272287560924,Brazil,Parana,4121802,Ribeirão Claro,555.51,2021,3.98
-23.2792165258,-49.7272287560924,Brazil,Parana,4121802,Ribeirão Claro,555.51,2022,3.85
-23.2792165258,-49.7272287560924,Brazil,Parana,4121802,Ribeirão Claro,555.51,2023,3.85
-23.2792165258,-49.7272287560924,Brazil,Parana,4121802,Ribeirão Claro,555.51,2024,3.85
-23.42242753365,-50.36958581218135,Brazil,Parana,4121901,Ribeirão do Pinhal,609.72,2016,2.64
-23.42242753365,-50.36958581218135,Brazil,Parana,4121901,Ribeirão do Pinhal,609.72,2017,3.42
-23.42242753365,-50.36958581218135,Brazil,Parana,4121901,Ribeirão do Pinhal,609.72,2018,2.7
-23.42242753365,-50.36958581218135,Brazil,Parana,4121901,Ribeirão do Pinhal,609.72,2019,3.3
-23.42242753365,-50.36958581218135,Brazil,Parana,4121901,Ribeirão do Pinhal,609.72,2020,3.36
-23.42242753365,-50.36958581218135,Brazil,Parana,4121901,Ribeirão do Pinhal,609.72,2021,2.727
-23.42242753365,-50.36958581218135,Brazil,Parana,4121901,Ribeirão do Pinhal,609.72,2022,3.36
-23.42242753365,-50.36958581218135,Brazil,Parana,4121901,Ribeirão do Pinhal,609.72,2023,3.6
-23.42242753365,-50.36958581218135,Brazil,Parana,4121901,Ribeirão do Pinhal,609.72,2024,2.756
-25.7306563821,-50.81177489556583,Brazil,Parana,4122008,Rio Azul,848.71,2016,3.113
-25.7306563821,-50.81177489556583,Brazil,Parana,4122008,Rio Azul,848.71,2017,3.5
-25.7306563821,-50.81177489556583,Brazil,Parana,4122008,Rio Azul,848.71,2018,3.25
-25.7306563821,-50.81177489556583,Brazil,Parana,4122008,Rio Azul,848.71,2019,3.5
-25.7306563821,-50.81177489556583,Brazil,Parana,4122008,Rio Azul,848.71,2020,3.281
-25.7306563821,-50.81177489556583,Brazil,Parana,4122008,Rio Azul,848.71,2021,3.6
-25.7306563821,-50.81177489556583,Brazil,Parana,4122008,Rio Azul,848.71,2022,3.6
-25.7306563821,-50.81177489556583,Brazil,Parana,4122008,Rio Azul,848.71,2023,3.6
-25.7306563821,-50.81177489556583,Brazil,Parana,4122008,Rio Azul,848.71,2024,3.9
-23.79166518815,-51.42467123648809,Brazil,Parana,4122107,Rio Bom,674.86,2016,2.23
-23.79166518815,-51.42467123648809,Brazil,Parana,4122107,Rio Bom,674.86,2017,3.7
-23.79166518815,-51.42467123648809,Brazil,Parana,4122107,Rio Bom,674.86,2018,3.4
-23.79166518815,-51.42467123648809,Brazil,Parana,4122107,Rio Bom,674.86,2019,3.3
-23.79166518815,-51.42467123648809,Brazil,Parana,4122107,Rio Bom,674.86,2020,4.09
-23.79166518815,-51.42467123648809,Brazil,Parana,4122107,Rio Bom,674.86,2021,3.9
-23.79166518815,-51.42467123648809,Brazil,Parana,4122107,Rio Bom,674.86,2022,3.5
-23.79166518815,-51.42467123648809,Brazil,Parana,4122107,Rio Bom,674.86,2023,3.8
-23.79166518815,-51.42467123648809,Brazil,Parana,4122107,Rio Bom,674.86,2024,3.3
-25.55123098735,-52.61496758262702,Brazil,Parana,4122156,Rio Bonito do Iguaçu,706.5,2016,3.22
-25.55123098735,-52.61496758262702,Brazil,Parana,4122156,Rio Bonito do Iguaçu,706.5,2017,3.7
-25.55123098735,-52.61496758262702,Brazil,Parana,4122156,Rio Bonito do Iguaçu,706.5,2018,3.6
-25.55123098735,-52.61496758262702,Brazil,Parana,4122156,Rio Bonito do Iguaçu,706.5,2019,3.46
-25.55123098735,-52.61496758262702,Brazil,Parana,4122156,Rio Bonito do Iguaçu,706.5,2020,3.968
-25.55123098735,-52.61496758262702,Brazil,Parana,4122156,Rio Bonito do Iguaçu,706.5,2021,3.472
-25.55123098735,-52.61496758262702,Brazil,Parana,4122156,Rio Bonito do Iguaçu,706.5,2022,3.6
-25.55123098735,-52.61496758262702,Brazil,Parana,4122156,Rio Bonito do Iguaçu,706.5,2023,4.09
-25.55123098735,-52.61496758262702,Brazil,Parana,4122156,Rio Bonito do Iguaçu,706.5,2024,3.684
-24.34361354745,-51.31501234960781,Brazil,Parana,4122172,Rio Branco do Ivaí,681.15,2016,2.2
-24.34361354745,-51.31501234960781,Brazil,Parana,4122172,Rio Branco do Ivaí,681.15,2017,2.2
-24.34361354745,-51.31501234960781,Brazil,Parana,4122172,Rio Branco do Ivaí,681.15,2018,2.2
-24.34361354745,-51.31501234960781,Brazil,Parana,4122172,Rio Branco do Ivaí,681.15,2019,1.87
-24.34361354745,-51.31501234960781,Brazil,Parana,4122172,Rio Branco do Ivaí,681.15,2020,3.6
-24.34361354745,-51.31501234960781,Brazil,Parana,4122172,Rio Branco do Ivaí,681.15,2021,2.2
-24.34361354745,-51.31501234960781,Brazil,Parana,4122172,Rio Branco do Ivaí,681.15,2022,1.859
-24.34361354745,-51.31501234960781,Brazil,Parana,4122172,Rio Branco do Ivaí,681.15,2023,3.2
-24.34361354745,-51.31501234960781,Brazil,Parana,4122172,Rio Branco do Ivaí,681.15,2024,2.75
-25.05597667685,-49.38014904605919,Brazil,Parana,4122206,Rio Branco do Sul,815.04,2016,3.167
-25.05597667685,-49.38014904605919,Brazil,Parana,4122206,Rio Branco do Sul,815.04,2017,3.7
-25.05597667685,-49.38014904605919,Brazil,Parana,4122206,Rio Branco do Sul,815.04,2018,3.42
-25.05597667685,-49.38014904605919,Brazil,Parana,4122206,Rio Branco do Sul,815.04,2019,3.38
-25.05597667685,-49.38014904605919,Brazil,Parana,4122206,Rio Branco do Sul,815.04,2020,3.434
-25.05597667685,-49.38014904605919,Brazil,Parana,4122206,Rio Branco do Sul,815.04,2021,3.26
-25.05597667685,-49.38014904605919,Brazil,Parana,4122206,Rio Branco do Sul,815.04,2022,3.4
-25.05597667685,-49.38014904605919,Brazil,Parana,4122206,Rio Branco do Sul,815.04,2023,3.6
-25.05597667685,-49.38014904605919,Brazil,Parana,4122206,Rio Branco do Sul,815.04,2024,3.141
-26.0901930779,-49.66553272818364,Brazil,Parana,4122305,Rio Negro,849.62,2016,3.27
-26.0901930779,-49.66553272818364,Brazil,Parana,4122305,Rio Negro,849.62,2017,3.27
-26.0901930779,-49.66553272818364,Brazil,Parana,4122305,Rio Negro,849.62,2018,3.749
-26.0901930779,-49.66553272818364,Brazil,Parana,4122305,Rio Negro,849.62,2019,3.78
-26.0901930779,-49.66553272818364,Brazil,Parana,4122305,Rio Negro,849.62,2020,4.017
-26.0901930779,-49.66553272818364,Brazil,Parana,4122305,Rio Negro,849.62,2021,3.52
-26.0901930779,-49.66553272818364,Brazil,Parana,4122305,Rio Negro,849.62,2022,3.95
-26.0901930779,-49.66553272818364,Brazil,Parana,4122305,Rio Negro,849.62,2023,3.65
-26.0901930779,-49.66553272818364,Brazil,Parana,4122305,Rio Negro,849.62,2024,3.284
-23.2825532884,-51.42677598355831,Brazil,Parana,4122404,Rolândia,631.22,2016,2.85
-23.2825532884,-51.42677598355831,Brazil,Parana,4122404,Rolândia,631.22,2017,3.85
-23.2825532884,-51.42677598355831,Brazil,Parana,4122404,Rolândia,631.22,2018,3.65
-23.2825532884,-51.42677598355831,Brazil,Parana,4122404,Rolândia,631.22,2019,3.42
-23.2825532884,-51.42677598355831,Brazil,Parana,4122404,Rolândia,631.22,2020,3.5
-23.2825532884,-51.42677598355831,Brazil,Parana,4122404,Rolândia,631.22,2021,3.48
-23.2825532884,-51.42677598355831,Brazil,Parana,4122404,Rolândia,631.22,2022,3.3
-23.2825532884,-51.42677598355831,Brazil,Parana,4122404,Rolândia,631.22,2023,3.95
-23.2825532884,-51.42677598355831,Brazil,Parana,4122404,Rolândia,631.22,2024,3.35
-24.57152336785,-52.28286323586039,Brazil,Parana,4122503,Roncador,607.89,2016,3.088
-24.57152336785,-52.28286323586039,Brazil,Parana,4122503,Roncador,607.89,2017,3.2
-24.57152336785,-52.28286323586039,Brazil,Parana,4122503,Roncador,607.89,2018,3.625
-24.57152336785,-52.28286323586039,Brazil,Parana,4122503,Roncador,607.89,2019,3.5
-24.57152336785,-52.28286323586039,Brazil,Parana,4122503,Roncador,607.89,2020,4.2
-24.57152336785,-52.28286323586039,Brazil,Parana,4122503,Roncador,607.89,2021,3.8
-24.57152336785,-52.28286323586039,Brazil,Parana,4122503,Roncador,607.89,2022,2.72
-24.57152336785,-52.28286323586039,Brazil,Parana,4122503,Roncador,607.89,2023,3.722
-24.57152336785,-52.28286323586039,Brazil,Parana,4122503,Roncador,607.89,2024,3.67
-23.4667352751,-52.80938712674836,Brazil,Parana,4122602,Rondon,391.47,2016,3.0
-23.4667352751,-52.80938712674836,Brazil,Parana,4122602,Rondon,391.47,2017,3.0
-23.4667352751,-52.80938712674836,Brazil,Parana,4122602,Rondon,391.47,2018,3.199
-23.4667352751,-52.80938712674836,Brazil,Parana,4122602,Rondon,391.47,2019,1.7
-23.4667352751,-52.80938712674836,Brazil,Parana,4122602,Rondon,391.47,2020,3.3
-23.4667352751,-52.80938712674836,Brazil,Parana,4122602,Rondon,391.47,2021,2.6
-23.4667352751,-52.80938712674836,Brazil,Parana,4122602,Rondon,391.47,2022,1.0
-23.4667352751,-52.80938712674836,Brazil,Parana,4122602,Rondon,391.47,2023,2.5
-23.4667352751,-52.80938712674836,Brazil,Parana,4122602,Rondon,391.47,2024,2.7
-24.3137262069,-51.17845406097472,Brazil,Parana,4122651,Rosário do Ivaí,681.15,2016,2.0
-24.3137262069,-51.17845406097472,Brazil,Parana,4122651,Rosário do Ivaí,681.15,2017,2.0
-24.3137262069,-51.17845406097472,Brazil,Parana,4122651,Rosário do Ivaí,681.15,2018,2.0
-24.3137262069,-51.17845406097472,Brazil,Parana,4122651,Rosário do Ivaí,681.15,2019,1.7
-24.3137262069,-51.17845406097472,Brazil,Parana,4122651,Rosário do Ivaí,681.15,2020,3.5
-24.3137262069,-51.17845406097472,Brazil,Parana,4122651,Rosário do Ivaí,681.15,2021,2.977
-24.3137262069,-51.17845406097472,Brazil,Parana,4122651,Rosário do Ivaí,681.15,2022,1.859
-24.3137262069,-51.17845406097472,Brazil,Parana,4122651,Rosário do Ivaí,681.15,2023,3.2
-24.3137262069,-51.17845406097472,Brazil,Parana,4122651,Rosário do Ivaí,681.15,2024,2.7
-23.3473368231,-51.57889597314033,Brazil,Parana,4122701,Sabáudia,489.73,2016,2.4
-23.3473368231,-51.57889597314033,Brazil,Parana,4122701,Sabáudia,489.73,2017,3.8
-23.3473368231,-51.57889597314033,Brazil,Parana,4122701,Sabáudia,489.73,2018,3.5
-23.3473368231,-51.57889597314033,Brazil,Parana,4122701,Sabáudia,489.73,2019,3.1
-23.3473368231,-51.57889597314033,Brazil,Parana,4122701,Sabáudia,489.73,2020,3.5
-23.3473368231,-51.57889597314033,Brazil,Parana,4122701,Sabáudia,489.73,2021,3.5
-23.3473368231,-51.57889597314033,Brazil,Parana,4122701,Sabáudia,489.73,2022,3.1
-23.3473368231,-51.57889597314033,Brazil,Parana,4122701,Sabáudia,489.73,2023,3.7
-23.3473368231,-51.57889597314033,Brazil,Parana,4122701,Sabáudia,489.73,2024,2.85
-26.1333012698,-53.41084952570058,Brazil,Parana,4122800,Salgado Filho,627.56,2016,3.2
-26.1333012698,-53.41084952570058,Brazil,Parana,4122800,Salgado Filho,627.56,2017,3.8
-26.1333012698,-53.41084952570058,Brazil,Parana,4122800,Salgado Filho,627.56,2018,3.6
-26.1333012698,-53.41084952570058,Brazil,Parana,4122800,Salgado Filho,627.56,2019,3.21
-26.1333012698,-53.41084952570058,Brazil,Parana,4122800,Salgado Filho,627.56,2020,3.755
-26.1333012698,-53.41084952570058,Brazil,Parana,4122800,Salgado Filho,627.56,2021,3.8
-26.1333012698,-53.41084952570058,Brazil,Parana,4122800,Salgado Filho,627.56,2022,1.3
-26.1333012698,-53.41084952570058,Brazil,Parana,4122800,Salgado Filho,627.56,2023,3.847
-26.1333012698,-53.41084952570058,Brazil,Parana,4122800,Salgado Filho,627.56,2024,3.486
-23.6210536464,-49.70369588579973,Brazil,Parana,4122909,Salto do Itararé,555.51,2016,2.975
-23.6210536464,-49.70369588579973,Brazil,Parana,4122909,Salto do Itararé,555.51,2017,3.2
-23.6210536464,-49.70369588579973,Brazil,Parana,4122909,Salto do Itararé,555.51,2018,3.4
-23.6210536464,-49.70369588579973,Brazil,Parana,4122909,Salto do Itararé,555.51,2019,3.4
-23.6210536464,-49.70369588579973,Brazil,Parana,4122909,Salto do Itararé,555.51,2020,3.4
-23.6210536464,-49.70369588579973,Brazil,Parana,4122909,Salto do Itararé,555.51,2021,3.9
-23.6210536464,-49.70369588579973,Brazil,Parana,4122909,Salto do Itararé,555.51,2022,3.8
-23.6210536464,-49.70369588579973,Brazil,Parana,4122909,Salto do Itararé,555.51,2023,3.8
-23.6210536464,-49.70369588579973,Brazil,Parana,4122909,Salto do Itararé,555.51,2024,3.8
-25.77409176025,-53.24525217307284,Brazil,Parana,4123006,Salto do Lontra,627.56,2016,3.384
-25.77409176025,-53.24525217307284,Brazil,Parana,4123006,Salto do Lontra,627.56,2017,3.9
-25.77409176025,-53.24525217307284,Brazil,Parana,4123006,Salto do Lontra,627.56,2018,4.0
-25.77409176025,-53.24525217307284,Brazil,Parana,4123006,Salto do Lontra,627.56,2019,2.73
-25.77409176025,-53.24525217307284,Brazil,Parana,4123006,Salto do Lontra,627.56,2020,4.2
-25.77409176025,-53.24525217307284,Brazil,Parana,4123006,Salto do Lontra,627.56,2021,4.076
-25.77409176025,-53.24525217307284,Brazil,Parana,4123006,Salto do Lontra,627.56,2022,1.0
-25.77409176025,-53.24525217307284,Brazil,Parana,4123006,Salto do Lontra,627.56,2023,4.193
-25.77409176025,-53.24525217307284,Brazil,Parana,4123006,Salto do Lontra,627.56,2024,3.954
-23.254710756,-50.40958420838059,Brazil,Parana,4123105,Santa Amélia,609.72,2016,2.82
-23.254710756,-50.40958420838059,Brazil,Parana,4123105,Santa Amélia,609.72,2017,3.54
-23.254710756,-50.40958420838059,Brazil,Parana,4123105,Santa Amélia,609.72,2018,3.24
-23.254710756,-50.40958420838059,Brazil,Parana,4123105,Santa Amélia,609.72,2019,2.88
-23.254710756,-50.40958420838059,Brazil,Parana,4123105,Santa Amélia,609.72,2020,3.48
-23.254710756,-50.40958420838059,Brazil,Parana,4123105,Santa Amélia,609.72,2021,3.48
-23.254710756,-50.40958420838059,Brazil,Parana,4123105,Santa Amélia,609.72,2022,3.42
-23.254710756,-50.40958420838059,Brazil,Parana,4123105,Santa Amélia,609.72,2023,3.714
-23.254710756,-50.40958420838059,Brazil,Parana,4123105,Santa Amélia,609.72,2024,1.891
-23.54227638575,-50.80366421779962,Brazil,Parana,4123204,Santa Cecília do Pavão,609.72,2016,2.82
-23.54227638575,-50.80366421779962,Brazil,Parana,4123204,Santa Cecília do Pavão,609.72,2017,3.72
-23.54227638575,-50.80366421779962,Brazil,Parana,4123204,Santa Cecília do Pavão,609.72,2018,3.18
-23.54227638575,-50.80366421779962,Brazil,Parana,4123204,Santa Cecília do Pavão,609.72,2019,2.64
-23.54227638575,-50.80366421779962,Brazil,Parana,4123204,Santa Cecília do Pavão,609.72,2020,3.48
-23.54227638575,-50.80366421779962,Brazil,Parana,4123204,Santa Cecília do Pavão,609.72,2021,3.48
-23.54227638575,-50.80366421779962,Brazil,Parana,4123204,Santa Cecília do Pavão,609.72,2022,3.48
-23.54227638575,-50.80366421779962,Brazil,Parana,4123204,Santa Cecília do Pavão,609.72,2023,3.714
-23.54227638575,-50.80366421779962,Brazil,Parana,4123204,Santa Cecília do Pavão,609.72,2024,1.89
-23.0789802224,-53.36987021606556,Brazil,Parana,4123303,Santa Cruz de Monte Castelo,328.34,2016,3.1
-23.0789802224,-53.36987021606556,Brazil,Parana,4123303,Santa Cruz de Monte Castelo,328.34,2017,3.25
-23.0789802224,-53.36987021606556,Brazil,Parana,4123303,Santa Cruz de Monte Castelo,328.34,2018,3.2
-23.0789802224,-53.36987021606556,Brazil,Parana,4123303,Santa Cruz de Monte Castelo,328.34,2019,2.03
-23.0789802224,-53.36987021606556,Brazil,Parana,4123303,Santa Cruz de Monte Castelo,328.34,2020,3.0
-23.0789802224,-53.36987021606556,Brazil,Parana,4123303,Santa Cruz de Monte Castelo,328.34,2021,3.0
-23.0789802224,-53.36987021606556,Brazil,Parana,4123303,Santa Cruz de Monte Castelo,328.34,2022,0.48
-23.0789802224,-53.36987021606556,Brazil,Parana,4123303,Santa Cruz de Monte Castelo,328.34,2023,3.0
-23.0789802224,-53.36987021606556,Brazil,Parana,4123303,Santa Cruz de Monte Castelo,328.34,2024,2.0
-23.0666133694,-51.83564704556608,Brazil,Parana,4123402,Santa Fé,442.02,2016,3.1
-23.0666133694,-51.83564704556608,Brazil,Parana,4123402,Santa Fé,442.02,2017,3.5
-23.0666133694,-51.83564704556608,Brazil,Parana,4123402,Santa Fé,442.02,2018,3.47
-23.0666133694,-51.83564704556608,Brazil,Parana,4123402,Santa Fé,442.02,2019,2.5
-23.0666133694,-51.83564704556608,Brazil,Parana,4123402,Santa Fé,442.02,2020,3.51
-23.0666133694,-51.83564704556608,Brazil,Parana,4123402,Santa Fé,442.02,2021,3.0
-23.0666133694,-51.83564704556608,Brazil,Parana,4123402,Santa Fé,442.02,2022,1.05
-23.0666133694,-51.83564704556608,Brazil,Parana,4123402,Santa Fé,442.02,2023,3.77
-23.0666133694,-51.83564704556608,Brazil,Parana,4123402,Santa Fé,442.02,2024,2.235
-24.86247351615,-54.31170139434028,Brazil,Parana,4123501,Santa Helena,257.01,2016,3.213
-24.86247351615,-54.31170139434028,Brazil,Parana,4123501,Santa Helena,257.01,2017,3.1
-24.86247351615,-54.31170139434028,Brazil,Parana,4123501,Santa Helena,257.01,2018,3.173
-24.86247351615,-54.31170139434028,Brazil,Parana,4123501,Santa Helena,257.01,2019,1.8
-24.86247351615,-54.31170139434028,Brazil,Parana,4123501,Santa Helena,257.01,2020,3.72
-24.86247351615,-54.31170139434028,Brazil,Parana,4123501,Santa Helena,257.01,2021,3.3
-24.86247351615,-54.31170139434028,Brazil,Parana,4123501,Santa Helena,257.01,2022,0.722
-24.86247351615,-54.31170139434028,Brazil,Parana,4123501,Santa Helena,257.01,2023,2.4
-24.86247351615,-54.31170139434028,Brazil,Parana,4123501,Santa Helena,257.01,2024,3.35
-22.71516003935,-51.89785996718626,Brazil,Parana,4123600,Santa Inês,373.21,2016,3.249
-22.71516003935,-51.89785996718626,Brazil,Parana,4123600,Santa Inês,373.21,2017,3.5
-22.71516003935,-51.89785996718626,Brazil,Parana,4123600,Santa Inês,373.21,2018,3.471
-22.71516003935,-51.89785996718626,Brazil,Parana,4123600,Santa Inês,373.21,2019,1.76
-22.71516003935,-51.89785996718626,Brazil,Parana,4123600,Santa Inês,373.21,2020,3.0
-22.71516003935,-51.89785996718626,Brazil,Parana,4123600,Santa Inês,373.21,2021,3.0
-22.71516003935,-51.89785996718626,Brazil,Parana,4123600,Santa Inês,373.21,2022,1.2
-22.71516003935,-51.89785996718626,Brazil,Parana,4123600,Santa Inês,373.21,2023,3.72
-22.71516003935,-51.89785996718626,Brazil,Parana,4123600,Santa Inês,373.21,2024,1.5
-23.1186617459,-53.2469648691613,Brazil,Parana,4123709,Santa Isabel do Ivaí,328.34,2016,3.3
-23.1186617459,-53.2469648691613,Brazil,Parana,4123709,Santa Isabel do Ivaí,328.34,2017,3.3
-23.1186617459,-53.2469648691613,Brazil,Parana,4123709,Santa Isabel do Ivaí,328.34,2018,3.7
-23.1186617459,-53.2469648691613,Brazil,Parana,4123709,Santa Isabel do Ivaí,328.34,2019,2.2
-23.1186617459,-53.2469648691613,Brazil,Parana,4123709,Santa Isabel do Ivaí,328.34,2020,3.0
-23.1186617459,-53.2469648691613,Brazil,Parana,4123709,Santa Isabel do Ivaí,328.34,2021,3.0
-23.1186617459,-53.2469648691613,Brazil,Parana,4123709,Santa Isabel do Ivaí,328.34,2022,0.5
-23.1186617459,-53.2469648691613,Brazil,Parana,4123709,Santa Isabel do Ivaí,328.34,2023,3.2
-23.1186617459,-53.2469648691613,Brazil,Parana,4123709,Santa Isabel do Ivaí,328.34,2024,3.1
-25.7762128339,-53.42222786984522,Brazil,Parana,4123808,Santa Izabel do Oeste,627.56,2016,3.093
-25.7762128339,-53.42222786984522,Brazil,Parana,4123808,Santa Izabel do Oeste,627.56,2017,3.72
-25.7762128339,-53.42222786984522,Brazil,Parana,4123808,Santa Izabel do Oeste,627.56,2018,3.6
-25.7762128339,-53.42222786984522,Brazil,Parana,4123808,Santa Izabel do Oeste,627.56,2019,3.21
-25.7762128339,-53.42222786984522,Brazil,Parana,4123808,Santa Izabel do Oeste,627.56,2020,3.95
-25.7762128339,-53.42222786984522,Brazil,Parana,4123808,Santa Izabel do Oeste,627.56,2021,4.1
-25.7762128339,-53.42222786984522,Brazil,Parana,4123808,Santa Izabel do Oeste,627.56,2022,0.87
-25.7762128339,-53.42222786984522,Brazil,Parana,4123808,Santa Izabel do Oeste,627.56,2023,3.67
-25.7762128339,-53.42222786984522,Brazil,Parana,4123808,Santa Izabel do Oeste,627.56,2024,4.0
-25.39268296905,-53.55961920585469,Brazil,Parana,4123824,Santa Lúcia,397.26,2016,3.583
-25.39268296905,-53.55961920585469,Brazil,Parana,4123824,Santa Lúcia,397.26,2017,3.5
-25.39268296905,-53.55961920585469,Brazil,Parana,4123824,Santa Lúcia,397.26,2018,3.471
-25.39268296905,-53.55961920585469,Brazil,Parana,4123824,Santa Lúcia,397.26,2019,4.09
-25.39268296905,-53.55961920585469,Brazil,Parana,4123824,Santa Lúcia,397.26,2020,4.15
-25.39268296905,-53.55961920585469,Brazil,Parana,4123824,Santa Lúcia,397.26,2021,3.093
-25.39268296905,-53.55961920585469,Brazil,Parana,4123824,Santa Lúcia,397.26,2022,3.517
-25.39268296905,-53.55961920585469,Brazil,Parana,4123824,Santa Lúcia,397.26,2023,3.521
-25.39268296905,-53.55961920585469,Brazil,Parana,4123824,Santa Lúcia,397.26,2024,3.529
-24.9083461523,-51.9362017433449,Brazil,Parana,4123857,Santa Maria do Oeste,923.44,2016,3.0
-24.9083461523,-51.9362017433449,Brazil,Parana,4123857,Santa Maria do Oeste,923.44,2017,3.75
-24.9083461523,-51.9362017433449,Brazil,Parana,4123857,Santa Maria do Oeste,923.44,2018,3.45
-24.9083461523,-51.9362017433449,Brazil,Parana,4123857,Santa Maria do Oeste,923.44,2019,3.1
-24.9083461523,-51.9362017433449,Brazil,Parana,4123857,Santa Maria do Oeste,923.44,2020,3.85
-24.9083461523,-51.9362017433449,Brazil,Parana,4123857,Santa Maria do Oeste,923.44,2021,3.05
-24.9083461523,-51.9362017433449,Brazil,Parana,4123857,Santa Maria do Oeste,923.44,2022,3.05
-24.9083461523,-51.9362017433449,Brazil,Parana,4123857,Santa Maria do Oeste,923.44,2023,3.4
-24.9083461523,-51.9362017433449,Brazil,Parana,4123857,Santa Maria do Oeste,923.44,2024,3.72
-23.05316596785,-50.52692139667104,Brazil,Parana,4123907,Santa Mariana,453.47,2016,2.88
-23.05316596785,-50.52692139667104,Brazil,Parana,4123907,Santa Mariana,453.47,2017,3.72
-23.05316596785,-50.52692139667104,Brazil,Parana,4123907,Santa Mariana,453.47,2018,3.18
-23.05316596785,-50.52692139667104,Brazil,Parana,4123907,Santa Mariana,453.47,2019,2.901
-23.05316596785,-50.52692139667104,Brazil,Parana,4123907,Santa Mariana,453.47,2020,3.24
-23.05316596785,-50.52692139667104,Brazil,Parana,4123907,Santa Mariana,453.47,2021,3.24
-23.05316596785,-50.52692139667104,Brazil,Parana,4123907,Santa Mariana,453.47,2022,1.92
-23.05316596785,-50.52692139667104,Brazil,Parana,4123907,Santa Mariana,453.47,2023,3.714
-23.05316596785,-50.52692139667104,Brazil,Parana,4123907,Santa Mariana,453.47,2024,1.89
-23.14593724725,-53.10786797576507,Brazil,Parana,4123956,Santa Mônica,328.34,2016,3.0
-23.14593724725,-53.10786797576507,Brazil,Parana,4123956,Santa Mônica,328.34,2017,3.0
-23.14593724725,-53.10786797576507,Brazil,Parana,4123956,Santa Mônica,328.34,2018,3.7
-23.14593724725,-53.10786797576507,Brazil,Parana,4123956,Santa Mônica,328.34,2019,2.2
-23.14593724725,-53.10786797576507,Brazil,Parana,4123956,Santa Mônica,328.34,2020,3.2
-23.14593724725,-53.10786797576507,Brazil,Parana,4123956,Santa Mônica,328.34,2021,3.0
-23.14593724725,-53.10786797576507,Brazil,Parana,4123956,Santa Mônica,328.34,2022,0.75
-23.14593724725,-53.10786797576507,Brazil,Parana,4123956,Santa Mônica,328.34,2023,3.2
-23.14593724725,-53.10786797576507,Brazil,Parana,4123956,Santa Mônica,328.34,2024,2.975
-23.7483872743,-49.62922886211253,Brazil,Parana,4124004,Santana do Itararé,599.62,2016,2.8
-23.7483872743,-49.62922886211253,Brazil,Parana,4124004,Santana do Itararé,599.62,2017,2.8
-23.7483872743,-49.62922886211253,Brazil,Parana,4124004,Santana do Itararé,599.62,2018,2.2
-23.7483872743,-49.62922886211253,Brazil,Parana,4124004,Santana do Itararé,599.62,2019,2.2
-23.7483872743,-49.62922886211253,Brazil,Parana,4124004,Santana do Itararé,599.62,2020,3.5
-23.7483872743,-49.62922886211253,Brazil,Parana,4124004,Santana do Itararé,599.62,2021,3.85
-23.7483872743,-49.62922886211253,Brazil,Parana,4124004,Santana do Itararé,599.62,2022,3.65
-23.7483872743,-49.62922886211253,Brazil,Parana,4124004,Santana do Itararé,599.62,2023,3.65
-23.7483872743,-49.62922886211253,Brazil,Parana,4124004,Santana do Itararé,599.62,2024,2.36
-25.02017097785,-53.6138378566327,Brazil,Parana,4124020,Santa Tereza do Oeste,523.8,2016,3.756
-25.02017097785,-53.6138378566327,Brazil,Parana,4124020,Santa Tereza do Oeste,523.8,2017,3.967
-25.02017097785,-53.6138378566327,Brazil,Parana,4124020,Santa Tereza do Oeste,523.8,2018,3.45
-25.02017097785,-53.6138378566327,Brazil,Parana,4124020,Santa Tereza do Oeste,523.8,2019,3.2
-25.02017097785,-53.6138378566327,Brazil,Parana,4124020,Santa Tereza do Oeste,523.8,2020,4.35
-25.02017097785,-53.6138378566327,Brazil,Parana,4124020,Santa Tereza do Oeste,523.8,2021,3.554
-25.02017097785,-53.6138378566327,Brazil,Parana,4124020,Santa Tereza do Oeste,523.8,2022,3.395
-25.02017097785,-53.6138378566327,Brazil,Parana,4124020,Santa Tereza do Oeste,523.8,2023,3.45
-25.02017097785,-53.6138378566327,Brazil,Parana,4124020,Santa Tereza do Oeste,523.8,2024,3.466
-25.4395514236,-54.42305876369702,Brazil,Parana,4124053,Santa Terezinha de Itaipu,247.46,2016,3.328
-25.4395514236,-54.42305876369702,Brazil,Parana,4124053,Santa Terezinha de Itaipu,247.46,2017,3.439
-25.4395514236,-54.42305876369702,Brazil,Parana,4124053,Santa Terezinha de Itaipu,247.46,2018,3.347
-25.4395514236,-54.42305876369702,Brazil,Parana,4124053,Santa Terezinha de Itaipu,247.46,2019,3.2
-25.4395514236,-54.42305876369702,Brazil,Parana,4124053,Santa Terezinha de Itaipu,247.46,2020,4.2
-25.4395514236,-54.42305876369702,Brazil,Parana,4124053,Santa Terezinha de Itaipu,247.46,2021,3.471
-25.4395514236,-54.42305876369702,Brazil,Parana,4124053,Santa Terezinha de Itaipu,247.46,2022,0.7
-25.4395514236,-54.42305876369702,Brazil,Parana,4124053,Santa Terezinha de Itaipu,247.46,2023,3.223
-25.4395514236,-54.42305876369702,Brazil,Parana,4124053,Santa Terezinha de Itaipu,247.46,2024,3.337
-23.28809766205,-50.07606504601677,Brazil,Parana,4124103,Santo Antônio da Platina,555.51,2016,2.8
-23.28809766205,-50.07606504601677,Brazil,Parana,4124103,Santo Antônio da Platina,555.51,2017,3.8
-23.28809766205,-50.07606504601677,Brazil,Parana,4124103,Santo Antônio da Platina,555.51,2018,2.6
-23.28809766205,-50.07606504601677,Brazil,Parana,4124103,Santo Antônio da Platina,555.51,2019,2.8
-23.28809766205,-50.07606504601677,Brazil,Parana,4124103,Santo Antônio da Platina,555.51,2020,3.5
-23.28809766205,-50.07606504601677,Brazil,Parana,4124103,Santo Antônio da Platina,555.51,2021,3.9
-23.28809766205,-50.07606504601677,Brazil,Parana,4124103,Santo Antônio da Platina,555.51,2022,3.9
-23.28809766205,-50.07606504601677,Brazil,Parana,4124103,Santo Antônio da Platina,555.51,2023,3.68
-23.28809766205,-50.07606504601677,Brazil,Parana,4124103,Santo Antônio da Platina,555.51,2024,3.68
-22.6998946468,-52.35115522688239,Brazil,Parana,4124202,Santo Antônio do Caiuá,333.24,2017,3.0
-22.6998946468,-52.35115522688239,Brazil,Parana,4124202,Santo Antônio do Caiuá,333.24,2018,3.22
-22.6998946468,-52.35115522688239,Brazil,Parana,4124202,Santo Antônio do Caiuá,333.24,2019,1.701
-22.6998946468,-52.35115522688239,Brazil,Parana,4124202,Santo Antônio do Caiuá,333.24,2020,3.0
-22.6998946468,-52.35115522688239,Brazil,Parana,4124202,Santo Antônio do Caiuá,333.24,2021,3.0
-22.6998946468,-52.35115522688239,Brazil,Parana,4124202,Santo Antônio do Caiuá,333.24,2022,2.764
-22.6998946468,-52.35115522688239,Brazil,Parana,4124202,Santo Antônio do Caiuá,333.24,2023,3.341
-22.6998946468,-52.35115522688239,Brazil,Parana,4124202,Santo Antônio do Caiuá,333.24,2024,3.597
-23.58634469705,-50.64028866794928,Brazil,Parana,4124301,Santo Antônio do Paraíso,609.72,2016,2.88
-23.58634469705,-50.64028866794928,Brazil,Parana,4124301,Santo Antônio do Paraíso,609.72,2017,3.9
-23.58634469705,-50.64028866794928,Brazil,Parana,4124301,Santo Antônio do Paraíso,609.72,2018,3.96
-23.58634469705,-50.64028866794928,Brazil,Parana,4124301,Santo Antônio do Paraíso,609.72,2019,2.76
-23.58634469705,-50.64028866794928,Brazil,Parana,4124301,Santo Antônio do Paraíso,609.72,2020,3.54
-23.58634469705,-50.64028866794928,Brazil,Parana,4124301,Santo Antônio do Paraíso,609.72,2021,3.54
-23.58634469705,-50.64028866794928,Brazil,Parana,4124301,Santo Antônio do Paraíso,609.72,2022,3.48
-23.58634469705,-50.64028866794928,Brazil,Parana,4124301,Santo Antônio do Paraíso,609.72,2023,3.714
-23.58634469705,-50.64028866794928,Brazil,Parana,4124301,Santo Antônio do Paraíso,609.72,2024,1.89
-26.0632568083,-53.63390160226541,Brazil,Parana,4124400,Santo Antônio do Sudoeste,492.74,2016,3.387
-26.0632568083,-53.63390160226541,Brazil,Parana,4124400,Santo Antônio do Sudoeste,492.74,2017,3.8
-26.0632568083,-53.63390160226541,Brazil,Parana,4124400,Santo Antônio do Sudoeste,492.74,2018,3.5
-26.0632568083,-53.63390160226541,Brazil,Parana,4124400,Santo Antônio do Sudoeste,492.74,2019,3.03
-26.0632568083,-53.63390160226541,Brazil,Parana,4124400,Santo Antônio do Sudoeste,492.74,2020,4.296
-26.0632568083,-53.63390160226541,Brazil,Parana,4124400,Santo Antônio do Sudoeste,492.74,2021,4.1
-26.0632568083,-53.63390160226541,Brazil,Parana,4124400,Santo Antônio do Sudoeste,492.74,2022,0.9
-26.0632568083,-53.63390160226541,Brazil,Parana,4124400,Santo Antônio do Sudoeste,492.74,2023,3.893
-26.0632568083,-53.63390160226541,Brazil,Parana,4124400,Santo Antônio do Sudoeste,492.74,2024,4.0
-22.72612983565,-51.80727859848825,Brazil,Parana,4124509,Santo Inácio,373.21,2016,3.25
-22.72612983565,-51.80727859848825,Brazil,Parana,4124509,Santo Inácio,373.21,2017,3.35
-22.72612983565,-51.80727859848825,Brazil,Parana,4124509,Santo Inácio,373.21,2018,3.35
-22.72612983565,-51.80727859848825,Brazil,Parana,4124509,Santo Inácio,373.21,2019,1.785
-22.72612983565,-51.80727859848825,Brazil,Parana,4124509,Santo Inácio,373.21,2020,3.297
-22.72612983565,-51.80727859848825,Brazil,Parana,4124509,Santo Inácio,373.21,2021,3.0
-22.72612983565,-51.80727859848825,Brazil,Parana,4124509,Santo Inácio,373.21,2022,1.3
-22.72612983565,-51.80727859848825,Brazil,Parana,4124509,Santo Inácio,373.21,2023,3.8
-22.72612983565,-51.80727859848825,Brazil,Parana,4124509,Santo Inácio,373.21,2024,1.2
-23.37044307425,-52.47040887566701,Brazil,Parana,4124608,São Carlos do Ivaí,391.47,2016,3.0
-23.37044307425,-52.47040887566701,Brazil,Parana,4124608,São Carlos do Ivaí,391.47,2017,2.8
-23.37044307425,-52.47040887566701,Brazil,Parana,4124608,São Carlos do Ivaí,391.47,2018,3.15
-23.37044307425,-52.47040887566701,Brazil,Parana,4124608,São Carlos do Ivaí,391.47,2019,2.23
-23.37044307425,-52.47040887566701,Brazil,Parana,4124608,São Carlos do Ivaí,391.47,2020,3.3
-23.37044307425,-52.47040887566701,Brazil,Parana,4124608,São Carlos do Ivaí,391.47,2021,2.7
-23.37044307425,-52.47040887566701,Brazil,Parana,4124608,São Carlos do Ivaí,391.47,2022,1.5
-23.37044307425,-52.47040887566701,Brazil,Parana,4124608,São Carlos do Ivaí,391.47,2023,3.1
-23.37044307425,-52.47040887566701,Brazil,Parana,4124608,São Carlos do Ivaí,391.47,2024,2.85
-23.70607557695,-50.74745740178213,Brazil,Parana,4124707,São Jerônimo da Serra,609.72,2016,2.64
-23.70607557695,-50.74745740178213,Brazil,Parana,4124707,São Jerônimo da Serra,609.72,2017,3.84
-23.70607557695,-50.74745740178213,Brazil,Parana,4124707,São Jerônimo da Serra,609.72,2018,3.24
-23.70607557695,-50.74745740178213,Brazil,Parana,4124707,São Jerônimo da Serra,609.72,2019,2.46
-23.70607557695,-50.74745740178213,Brazil,Parana,4124707,São Jerônimo da Serra,609.72,2020,3.54
-23.70607557695,-50.74745740178213,Brazil,Parana,4124707,São Jerônimo da Serra,609.72,2021,3.54
-23.70607557695,-50.74745740178213,Brazil,Parana,4124707,São Jerônimo da Serra,609.72,2022,3.48
-23.70607557695,-50.74745740178213,Brazil,Parana,4124707,São Jerônimo da Serra,609.72,2023,3.714
-23.70607557695,-50.74745740178213,Brazil,Parana,4124707,São Jerônimo da Serra,609.72,2024,1.89
-25.7422031407,-52.78219144346318,Brazil,Parana,4124806,São João,706.5,2016,3.182
-25.7422031407,-52.78219144346318,Brazil,Parana,4124806,São João,706.5,2017,3.893
-25.7422031407,-52.78219144346318,Brazil,Parana,4124806,São João,706.5,2018,3.717
-25.7422031407,-52.78219144346318,Brazil,Parana,4124806,São João,706.5,2019,3.35
-25.7422031407,-52.78219144346318,Brazil,Parana,4124806,São João,706.5,2020,3.794
-25.7422031407,-52.78219144346318,Brazil,Parana,4124806,São João,706.5,2021,3.197
-25.7422031407,-52.78219144346318,Brazil,Parana,4124806,São João,706.5,2022,1.857
-25.7422031407,-52.78219144346318,Brazil,Parana,4124806,São João,706.5,2023,4.159
-25.7422031407,-52.78219144346318,Brazil,Parana,4124806,São João,706.5,2024,3.687
-22.82525498935,-52.32893684746402,Brazil,Parana,4124905,São João do Caiuá,425.62,2016,2.8
-22.82525498935,-52.32893684746402,Brazil,Parana,4124905,São João do Caiuá,425.62,2018,3.125
-22.82525498935,-52.32893684746402,Brazil,Parana,4124905,São João do Caiuá,425.62,2019,1.902
-22.82525498935,-52.32893684746402,Brazil,Parana,4124905,São João do Caiuá,425.62,2020,0.903
-22.82525498935,-52.32893684746402,Brazil,Parana,4124905,São João do Caiuá,425.62,2022,0.983
-22.82525498935,-52.32893684746402,Brazil,Parana,4124905,São João do Caiuá,425.62,2023,2.111
-24.001842699,-51.83780410644449,Brazil,Parana,4125001,São João do Ivaí,435.58,2016,2.48
-24.001842699,-51.83780410644449,Brazil,Parana,4125001,São João do Ivaí,435.58,2017,3.5
-24.001842699,-51.83780410644449,Brazil,Parana,4125001,São João do Ivaí,435.58,2018,3.5
-24.001842699,-51.83780410644449,Brazil,Parana,4125001,São João do Ivaí,435.58,2019,2.479
-24.001842699,-51.83780410644449,Brazil,Parana,4125001,São João do Ivaí,435.58,2020,4.29
-24.001842699,-51.83780410644449,Brazil,Parana,4125001,São João do Ivaí,435.58,2021,3.024
-24.001842699,-51.83780410644449,Brazil,Parana,4125001,São João do Ivaí,435.58,2022,1.859
-24.001842699,-51.83780410644449,Brazil,Parana,4125001,São João do Ivaí,435.58,2023,3.4
-24.001842699,-51.83780410644449,Brazil,Parana,4125001,São João do Ivaí,435.58,2024,3.15
-25.68219804485,-50.30341844737747,Brazil,Parana,4125100,São João do Triunfo,866.52,2016,3.4
-25.68219804485,-50.30341844737747,Brazil,Parana,4125100,São João do Triunfo,866.52,2017,3.7
-25.68219804485,-50.30341844737747,Brazil,Parana,4125100,São João do Triunfo,866.52,2018,3.7
-25.68219804485,-50.30341844737747,Brazil,Parana,4125100,São João do Triunfo,866.52,2019,3.2
-25.68219804485,-50.30341844737747,Brazil,Parana,4125100,São João do Triunfo,866.52,2020,4.0
-25.68219804485,-50.30341844737747,Brazil,Parana,4125100,São João do Triunfo,866.52,2021,3.558
-25.68219804485,-50.30341844737747,Brazil,Parana,4125100,São João do Triunfo,866.52,2022,3.669
-25.68219804485,-50.30341844737747,Brazil,Parana,4125100,São João do Triunfo,866.52,2023,3.872
-25.68219804485,-50.30341844737747,Brazil,Parana,4125100,São João do Triunfo,866.52,2024,3.386
-25.66027033525,-52.92931906181609,Brazil,Parana,4125209,São Jorge d'Oeste,504.0,2016,3.475
-25.66027033525,-52.92931906181609,Brazil,Parana,4125209,São Jorge d'Oeste,504.0,2017,3.7
-25.66027033525,-52.92931906181609,Brazil,Parana,4125209,São Jorge d'Oeste,504.0,2018,3.7
-25.66027033525,-52.92931906181609,Brazil,Parana,4125209,São Jorge d'Oeste,504.0,2019,2.52
-25.66027033525,-52.92931906181609,Brazil,Parana,4125209,São Jorge d'Oeste,504.0,2020,3.85
-25.66027033525,-52.92931906181609,Brazil,Parana,4125209,São Jorge d'Oeste,504.0,2021,3.8
-25.66027033525,-52.92931906181609,Brazil,Parana,4125209,São Jorge d'Oeste,504.0,2022,0.806
-25.66027033525,-52.92931906181609,Brazil,Parana,4125209,São Jorge d'Oeste,504.0,2023,4.39
-25.66027033525,-52.92931906181609,Brazil,Parana,4125209,São Jorge d'Oeste,504.0,2024,3.07
-23.43367867555,-52.34632543146414,Brazil,Parana,4125308,São Jorge do Ivaí,391.47,2016,2.829
-23.43367867555,-52.34632543146414,Brazil,Parana,4125308,São Jorge do Ivaí,391.47,2017,3.6
-23.43367867555,-52.34632543146414,Brazil,Parana,4125308,São Jorge do Ivaí,391.47,2018,3.475
-23.43367867555,-52.34632543146414,Brazil,Parana,4125308,São Jorge do Ivaí,391.47,2019,2.5
-23.43367867555,-52.34632543146414,Brazil,Parana,4125308,São Jorge do Ivaí,391.47,2020,3.4
-23.43367867555,-52.34632543146414,Brazil,Parana,4125308,São Jorge do Ivaí,391.47,2021,3.35
-23.43367867555,-52.34632543146414,Brazil,Parana,4125308,São Jorge do Ivaí,391.47,2022,1.25
-23.43367867555,-52.34632543146414,Brazil,Parana,4125308,São Jorge do Ivaí,391.47,2023,4.452
-23.43367867555,-52.34632543146414,Brazil,Parana,4125308,São Jorge do Ivaí,391.47,2024,3.2
-23.7229690851,-53.95399695496187,Brazil,Parana,4125357,São Jorge do Patrocínio,314.4,2016,2.5
-23.7229690851,-53.95399695496187,Brazil,Parana,4125357,São Jorge do Patrocínio,314.4,2017,2.902
-23.7229690851,-53.95399695496187,Brazil,Parana,4125357,São Jorge do Patrocínio,314.4,2018,3.4
-23.7229690851,-53.95399695496187,Brazil,Parana,4125357,São Jorge do Patrocínio,314.4,2019,1.8
-23.7229690851,-53.95399695496187,Brazil,Parana,4125357,São Jorge do Patrocínio,314.4,2020,3.2
-23.7229690851,-53.95399695496187,Brazil,Parana,4125357,São Jorge do Patrocínio,314.4,2021,3.0
-23.7229690851,-53.95399695496187,Brazil,Parana,4125357,São Jorge do Patrocínio,314.4,2022,0.6
-23.7229690851,-53.95399695496187,Brazil,Parana,4125357,São Jorge do Patrocínio,314.4,2023,3.0
-23.7229690851,-53.95399695496187,Brazil,Parana,4125357,São Jorge do Patrocínio,314.4,2024,2.5
-23.9528444534,-49.64781150531075,Brazil,Parana,4125407,São José da Boa Vista,704.37,2016,3.0
-23.9528444534,-49.64781150531075,Brazil,Parana,4125407,São José da Boa Vista,704.37,2017,3.8
-23.9528444534,-49.64781150531075,Brazil,Parana,4125407,São José da Boa Vista,704.37,2018,3.8
-23.9528444534,-49.64781150531075,Brazil,Parana,4125407,São José da Boa Vista,704.37,2019,3.8
-23.9528444534,-49.64781150531075,Brazil,Parana,4125407,São José da Boa Vista,704.37,2020,3.8
-23.9528444534,-49.64781150531075,Brazil,Parana,4125407,São José da Boa Vista,704.37,2021,3.966
-23.9528444534,-49.64781150531075,Brazil,Parana,4125407,São José da Boa Vista,704.37,2022,3.64
-23.9528444534,-49.64781150531075,Brazil,Parana,4125407,São José da Boa Vista,704.37,2023,3.64
-23.9528444534,-49.64781150531075,Brazil,Parana,4125407,São José da Boa Vista,704.37,2024,2.38
-24.8150625252,-54.11902056597167,Brazil,Parana,4125456,São José das Palmeiras,257.01,2016,3.208
-24.8150625252,-54.11902056597167,Brazil,Parana,4125456,São José das Palmeiras,257.01,2017,3.7
-24.8150625252,-54.11902056597167,Brazil,Parana,4125456,São José das Palmeiras,257.01,2018,3.5
-24.8150625252,-54.11902056597167,Brazil,Parana,4125456,São José das Palmeiras,257.01,2019,2.23
-24.8150625252,-54.11902056597167,Brazil,Parana,4125456,São José das Palmeiras,257.01,2020,3.85
-24.8150625252,-54.11902056597167,Brazil,Parana,4125456,São José das Palmeiras,257.01,2021,3.85
-24.8150625252,-54.11902056597167,Brazil,Parana,4125456,São José das Palmeiras,257.01,2022,0.901
-24.8150625252,-54.11902056597167,Brazil,Parana,4125456,São José das Palmeiras,257.01,2023,2.6
-24.8150625252,-54.11902056597167,Brazil,Parana,4125456,São José das Palmeiras,257.01,2024,2.61
-25.6498066695,-49.10837297394617,Brazil,Parana,4125506,São José dos Pinhais,905.85,2016,3.4
-25.6498066695,-49.10837297394617,Brazil,Parana,4125506,São José dos Pinhais,905.85,2017,3.6
-25.6498066695,-49.10837297394617,Brazil,Parana,4125506,São José dos Pinhais,905.85,2018,3.42
-25.6498066695,-49.10837297394617,Brazil,Parana,4125506,São José dos Pinhais,905.85,2019,3.48
-25.6498066695,-49.10837297394617,Brazil,Parana,4125506,São José dos Pinhais,905.85,2020,3.539
-25.6498066695,-49.10837297394617,Brazil,Parana,4125506,São José dos Pinhais,905.85,2021,3.357
-25.6498066695,-49.10837297394617,Brazil,Parana,4125506,São José dos Pinhais,905.85,2022,3.505
-25.6498066695,-49.10837297394617,Brazil,Parana,4125506,São José dos Pinhais,905.85,2023,3.88
-25.6498066695,-49.10837297394617,Brazil,Parana,4125506,São José dos Pinhais,905.85,2024,3.36
-23.3791058673,-52.60244854002057,Brazil,Parana,4125555,São Manoel do Paraná,391.47,2016,3.0
-23.3791058673,-52.60244854002057,Brazil,Parana,4125555,São Manoel do Paraná,391.47,2017,3.4
-23.3791058673,-52.60244854002057,Brazil,Parana,4125555,São Manoel do Paraná,391.47,2018,3.4
-23.3791058673,-52.60244854002057,Brazil,Parana,4125555,São Manoel do Paraná,391.47,2019,2.0
-23.3791058673,-52.60244854002057,Brazil,Parana,4125555,São Manoel do Paraná,391.47,2020,3.25
-23.3791058673,-52.60244854002057,Brazil,Parana,4125555,São Manoel do Paraná,391.47,2021,2.6
-23.3791058673,-52.60244854002057,Brazil,Parana,4125555,São Manoel do Paraná,391.47,2022,1.0
-23.3791058673,-52.60244854002057,Brazil,Parana,4125555,São Manoel do Paraná,391.47,2023,2.633
-23.3791058673,-52.60244854002057,Brazil,Parana,4125555,São Manoel do Paraná,391.47,2024,3.2
-25.93259763995,-50.44052914273517,Brazil,Parana,4125605,São Mateus do Sul,834.26,2016,3.096
-25.93259763995,-50.44052914273517,Brazil,Parana,4125605,São Mateus do Sul,834.26,2017,3.57
-25.93259763995,-50.44052914273517,Brazil,Parana,4125605,São Mateus do Sul,834.26,2018,3.1
-25.93259763995,-50.44052914273517,Brazil,Parana,4125605,São Mateus do Sul,834.26,2019,3.2
-25.93259763995,-50.44052914273517,Brazil,Parana,4125605,São Mateus do Sul,834.26,2020,3.549
-25.93259763995,-50.44052914273517,Brazil,Parana,4125605,São Mateus do Sul,834.26,2021,3.3
-25.93259763995,-50.44052914273517,Brazil,Parana,4125605,São Mateus do Sul,834.26,2022,2.905
-25.93259763995,-50.44052914273517,Brazil,Parana,4125605,São Mateus do Sul,834.26,2023,2.91
-25.93259763995,-50.44052914273517,Brazil,Parana,4125605,São Mateus do Sul,834.26,2024,3.035
-25.3961546884,-54.2658716514027,Brazil,Parana,4125704,São Miguel do Iguaçu,247.46,2016,3.435
-25.3961546884,-54.2658716514027,Brazil,Parana,4125704,São Miguel do Iguaçu,247.46,2017,3.256
-25.3961546884,-54.2658716514027,Brazil,Parana,4125704,São Miguel do Iguaçu,247.46,2018,3.6
-25.3961546884,-54.2658716514027,Brazil,Parana,4125704,São Miguel do Iguaçu,247.46,2019,1.439
-25.3961546884,-54.2658716514027,Brazil,Parana,4125704,São Miguel do Iguaçu,247.46,2020,4.214
-25.3961546884,-54.2658716514027,Brazil,Parana,4125704,São Miguel do Iguaçu,247.46,2021,3.471
-25.3961546884,-54.2658716514027,Brazil,Parana,4125704,São Miguel do Iguaçu,247.46,2022,0.78
-25.3961546884,-54.2658716514027,Brazil,Parana,4125704,São Miguel do Iguaçu,247.46,2023,2.603
-25.3961546884,-54.2658716514027,Brazil,Parana,4125704,São Miguel do Iguaçu,247.46,2024,2.582
-24.88667147835,-53.94505901939404,Brazil,Parana,4125753,São Pedro do Iguaçu,523.8,2016,3.342
-24.88667147835,-53.94505901939404,Brazil,Parana,4125753,São Pedro do Iguaçu,523.8,2017,3.97
-24.88667147835,-53.94505901939404,Brazil,Parana,4125753,São Pedro do Iguaçu,523.8,2018,3.1
-24.88667147835,-53.94505901939404,Brazil,Parana,4125753,São Pedro do Iguaçu,523.8,2019,2.6
-24.88667147835,-53.94505901939404,Brazil,Parana,4125753,São Pedro do Iguaçu,523.8,2020,4.0
-24.88667147835,-53.94505901939404,Brazil,Parana,4125753,São Pedro do Iguaçu,523.8,2021,3.4
-24.88667147835,-53.94505901939404,Brazil,Parana,4125753,São Pedro do Iguaçu,523.8,2022,1.248
-24.88667147835,-53.94505901939404,Brazil,Parana,4125753,São Pedro do Iguaçu,523.8,2023,3.35
-24.88667147835,-53.94505901939404,Brazil,Parana,4125753,São Pedro do Iguaçu,523.8,2024,3.35
-23.82916666965,-51.88274399804302,Brazil,Parana,4125803,São Pedro do Ivaí,435.58,2016,2.48
-23.82916666965,-51.88274399804302,Brazil,Parana,4125803,São Pedro do Ivaí,435.58,2017,3.5
-23.82916666965,-51.88274399804302,Brazil,Parana,4125803,São Pedro do Ivaí,435.58,2018,3.6
-23.82916666965,-51.88274399804302,Brazil,Parana,4125803,São Pedro do Ivaí,435.58,2019,3.27
-23.82916666965,-51.88274399804302,Brazil,Parana,4125803,São Pedro do Ivaí,435.58,2020,4.29
-23.82916666965,-51.88274399804302,Brazil,Parana,4125803,São Pedro do Ivaí,435.58,2021,3.6
-23.82916666965,-51.88274399804302,Brazil,Parana,4125803,São Pedro do Ivaí,435.58,2022,3.96
-23.82916666965,-51.88274399804302,Brazil,Parana,4125803,São Pedro do Ivaí,435.58,2023,3.6
-23.82916666965,-51.88274399804302,Brazil,Parana,4125803,São Pedro do Ivaí,435.58,2024,2.7
-22.78154667295,-53.17563099803273,Brazil,Parana,4125902,São Pedro do Paraná,328.34,2017,2.5
-22.78154667295,-53.17563099803273,Brazil,Parana,4125902,São Pedro do Paraná,328.34,2018,2.5
-22.78154667295,-53.17563099803273,Brazil,Parana,4125902,São Pedro do Paraná,328.34,2019,1.3
-22.78154667295,-53.17563099803273,Brazil,Parana,4125902,São Pedro do Paraná,328.34,2020,3.0
-22.78154667295,-53.17563099803273,Brazil,Parana,4125902,São Pedro do Paraná,328.34,2021,2.729
-22.78154667295,-53.17563099803273,Brazil,Parana,4125902,São Pedro do Paraná,328.34,2022,0.9
-22.78154667295,-53.17563099803273,Brazil,Parana,4125902,São Pedro do Paraná,328.34,2023,3.2
-22.78154667295,-53.17563099803273,Brazil,Parana,4125902,São Pedro do Paraná,328.34,2024,2.7
-23.45513484915,-50.70978727286205,Brazil,Parana,4126009,São Sebastião da Amoreira,609.72,2016,2.88
-23.45513484915,-50.70978727286205,Brazil,Parana,4126009,São Sebastião da Amoreira,609.72,2017,3.48
-23.45513484915,-50.70978727286205,Brazil,Parana,4126009,São Sebastião da Amoreira,609.72,2018,3.3
-23.45513484915,-50.70978727286205,Brazil,Parana,4126009,São Sebastião da Amoreira,609.72,2019,2.7
-23.45513484915,-50.70978727286205,Brazil,Parana,4126009,São Sebastião da Amoreira,609.72,2020,3.54
-23.45513484915,-50.70978727286205,Brazil,Parana,4126009,São Sebastião da Amoreira,609.72,2021,3.54
-23.45513484915,-50.70978727286205,Brazil,Parana,4126009,São Sebastião da Amoreira,609.72,2022,3.3
-23.45513484915,-50.70978727286205,Brazil,Parana,4126009,São Sebastião da Amoreira,609.72,2023,3.714
-23.45513484915,-50.70978727286205,Brazil,Parana,4126009,São Sebastião da Amoreira,609.72,2024,1.891
-23.5218607998,-52.57837724104334,Brazil,Parana,4126108,São Tomé,391.47,2016,2.8
-23.5218607998,-52.57837724104334,Brazil,Parana,4126108,São Tomé,391.47,2017,3.5
-23.5218607998,-52.57837724104334,Brazil,Parana,4126108,São Tomé,391.47,2018,3.2
-23.5218607998,-52.57837724104334,Brazil,Parana,4126108,São Tomé,391.47,2019,2.1
-23.5218607998,-52.57837724104334,Brazil,Parana,4126108,São Tomé,391.47,2020,3.3
-23.5218607998,-52.57837724104334,Brazil,Parana,4126108,São Tomé,391.47,2021,2.6
-23.5218607998,-52.57837724104334,Brazil,Parana,4126108,São Tomé,391.47,2022,1.0
-23.5218607998,-52.57837724104334,Brazil,Parana,4126108,São Tomé,391.47,2023,2.633
-23.5218607998,-52.57837724104334,Brazil,Parana,4126108,São Tomé,391.47,2024,3.5
-23.88213185045,-50.63570313546293,Brazil,Parana,4126207,Sapopema,756.19,2016,2.52
-23.88213185045,-50.63570313546293,Brazil,Parana,4126207,Sapopema,756.19,2017,3.3
-23.88213185045,-50.63570313546293,Brazil,Parana,4126207,Sapopema,756.19,2018,3.24
-23.88213185045,-50.63570313546293,Brazil,Parana,4126207,Sapopema,756.19,2019,3.3
-23.88213185045,-50.63570313546293,Brazil,Parana,4126207,Sapopema,756.19,2020,3.48
-23.88213185045,-50.63570313546293,Brazil,Parana,4126207,Sapopema,756.19,2021,3.5
-23.88213185045,-50.63570313546293,Brazil,Parana,4126207,Sapopema,756.19,2022,3.0
-23.88213185045,-50.63570313546293,Brazil,Parana,4126207,Sapopema,756.19,2023,3.4
-23.88213185045,-50.63570313546293,Brazil,Parana,4126207,Sapopema,756.19,2024,3.3
-23.4757414668,-51.87958590240945,Brazil,Parana,4126256,Sarandi,489.73,2016,2.75
-23.4757414668,-51.87958590240945,Brazil,Parana,4126256,Sarandi,489.73,2017,4.1
-23.4757414668,-51.87958590240945,Brazil,Parana,4126256,Sarandi,489.73,2018,3.715
-23.4757414668,-51.87958590240945,Brazil,Parana,4126256,Sarandi,489.73,2019,3.13
-23.4757414668,-51.87958590240945,Brazil,Parana,4126256,Sarandi,489.73,2020,3.63
-23.4757414668,-51.87958590240945,Brazil,Parana,4126256,Sarandi,489.73,2021,3.47
-23.4757414668,-51.87958590240945,Brazil,Parana,4126256,Sarandi,489.73,2022,1.1
-23.4757414668,-51.87958590240945,Brazil,Parana,4126256,Sarandi,489.73,2023,4.215
-23.4757414668,-51.87958590240945,Brazil,Parana,4126256,Sarandi,489.73,2024,3.0
-25.70919198805,-52.59122787048027,Brazil,Parana,4126272,Saudade do Iguaçu,706.5,2016,3.5
-25.70919198805,-52.59122787048027,Brazil,Parana,4126272,Saudade do Iguaçu,706.5,2017,3.9
-25.70919198805,-52.59122787048027,Brazil,Parana,4126272,Saudade do Iguaçu,706.5,2018,3.5
-25.70919198805,-52.59122787048027,Brazil,Parana,4126272,Saudade do Iguaçu,706.5,2019,3.4
-25.70919198805,-52.59122787048027,Brazil,Parana,4126272,Saudade do Iguaçu,706.5,2020,3.6
-25.70919198805,-52.59122787048027,Brazil,Parana,4126272,Saudade do Iguaçu,706.5,2021,4.0
-25.70919198805,-52.59122787048027,Brazil,Parana,4126272,Saudade do Iguaçu,706.5,2022,4.0
-25.70919198805,-52.59122787048027,Brazil,Parana,4126272,Saudade do Iguaçu,706.5,2023,3.2
-25.70919198805,-52.59122787048027,Brazil,Parana,4126272,Saudade do Iguaçu,706.5,2024,3.8
-24.2626602819,-49.44319307973905,Brazil,Parana,4126306,Sengés,852.04,2016,3.349
-24.2626602819,-49.44319307973905,Brazil,Parana,4126306,Sengés,852.04,2017,3.8
-24.2626602819,-49.44319307973905,Brazil,Parana,4126306,Sengés,852.04,2018,3.7
-24.2626602819,-49.44319307973905,Brazil,Parana,4126306,Sengés,852.04,2019,3.2
-24.2626602819,-49.44319307973905,Brazil,Parana,4126306,Sengés,852.04,2020,3.863
-24.2626602819,-49.44319307973905,Brazil,Parana,4126306,Sengés,852.04,2021,3.663
-24.2626602819,-49.44319307973905,Brazil,Parana,4126306,Sengés,852.04,2022,3.673
-24.2626602819,-49.44319307973905,Brazil,Parana,4126306,Sengés,852.04,2023,3.775
-24.2626602819,-49.44319307973905,Brazil,Parana,4126306,Sengés,852.04,2024,3.387
-25.47738067805,-54.02443491502498,Brazil,Parana,4126355,Serranópolis do Iguaçu,397.26,2016,3.56
-25.47738067805,-54.02443491502498,Brazil,Parana,4126355,Serranópolis do Iguaçu,397.26,2017,3.471
-25.47738067805,-54.02443491502498,Brazil,Parana,4126355,Serranópolis do Iguaçu,397.26,2018,4.0
-25.47738067805,-54.02443491502498,Brazil,Parana,4126355,Serranópolis do Iguaçu,397.26,2019,1.984
-25.47738067805,-54.02443491502498,Brazil,Parana,4126355,Serranópolis do Iguaçu,397.26,2020,4.338
-25.47738067805,-54.02443491502498,Brazil,Parana,4126355,Serranópolis do Iguaçu,397.26,2021,3.595
-25.47738067805,-54.02443491502498,Brazil,Parana,4126355,Serranópolis do Iguaçu,397.26,2022,0.992
-25.47738067805,-54.02443491502498,Brazil,Parana,4126355,Serranópolis do Iguaçu,397.26,2023,2.7
-25.47738067805,-54.02443491502498,Brazil,Parana,4126355,Serranópolis do Iguaçu,397.26,2024,2.924
-22.95388142685,-50.88815611359601,Brazil,Parana,4126405,Sertaneja,453.47,2016,3.0
-22.95388142685,-50.88815611359601,Brazil,Parana,4126405,Sertaneja,453.47,2017,3.48
-22.95388142685,-50.88815611359601,Brazil,Parana,4126405,Sertaneja,453.47,2018,3.18
-22.95388142685,-50.88815611359601,Brazil,Parana,4126405,Sertaneja,453.47,2019,2.88
-22.95388142685,-50.88815611359601,Brazil,Parana,4126405,Sertaneja,453.47,2020,3.36
-22.95388142685,-50.88815611359601,Brazil,Parana,4126405,Sertaneja,453.47,2021,3.36
-22.95388142685,-50.88815611359601,Brazil,Parana,4126405,Sertaneja,453.47,2022,1.927
-22.95388142685,-50.88815611359601,Brazil,Parana,4126405,Sertaneja,453.47,2023,3.714
-22.95388142685,-50.88815611359601,Brazil,Parana,4126405,Sertaneja,453.47,2024,1.89
-23.0672506355,-51.07520338795226,Brazil,Parana,4126504,Sertanópolis,454.93,2016,2.781
-23.0672506355,-51.07520338795226,Brazil,Parana,4126504,Sertanópolis,454.93,2017,3.6
-23.0672506355,-51.07520338795226,Brazil,Parana,4126504,Sertanópolis,454.93,2018,3.5
-23.0672506355,-51.07520338795226,Brazil,Parana,4126504,Sertanópolis,454.93,2019,2.6
-23.0672506355,-51.07520338795226,Brazil,Parana,4126504,Sertanópolis,454.93,2020,3.35
-23.0672506355,-51.07520338795226,Brazil,Parana,4126504,Sertanópolis,454.93,2021,3.1
-23.0672506355,-51.07520338795226,Brazil,Parana,4126504,Sertanópolis,454.93,2022,3.293
-23.0672506355,-51.07520338795226,Brazil,Parana,4126504,Sertanópolis,454.93,2023,3.227
-23.0672506355,-51.07520338795226,Brazil,Parana,4126504,Sertanópolis,454.93,2024,2.3
-23.65536142985,-49.80747061604616,Brazil,Parana,4126603,Siqueira Campos,555.51,2016,2.8
-23.65536142985,-49.80747061604616,Brazil,Parana,4126603,Siqueira Campos,555.51,2017,3.2
-23.65536142985,-49.80747061604616,Brazil,Parana,4126603,Siqueira Campos,555.51,2018,3.45
-23.65536142985,-49.80747061604616,Brazil,Parana,4126603,Siqueira Campos,555.51,2019,3.9
-23.65536142985,-49.80747061604616,Brazil,Parana,4126603,Siqueira Campos,555.51,2020,3.45
-23.65536142985,-49.80747061604616,Brazil,Parana,4126603,Siqueira Campos,555.51,2021,3.96
-23.65536142985,-49.80747061604616,Brazil,Parana,4126603,Siqueira Campos,555.51,2022,3.96
-23.65536142985,-49.80747061604616,Brazil,Parana,4126603,Siqueira Campos,555.51,2023,3.48
-23.65536142985,-49.80747061604616,Brazil,Parana,4126603,Siqueira Campos,555.51,2024,3.48
-25.6667026709,-52.72592626541272,Brazil,Parana,4126652,Sulina,706.5,2016,3.469
-25.6667026709,-52.72592626541272,Brazil,Parana,4126652,Sulina,706.5,2017,4.091
-25.6667026709,-52.72592626541272,Brazil,Parana,4126652,Sulina,706.5,2018,3.35
-25.6667026709,-52.72592626541272,Brazil,Parana,4126652,Sulina,706.5,2019,3.04
-25.6667026709,-52.72592626541272,Brazil,Parana,4126652,Sulina,706.5,2020,3.7
-25.6667026709,-52.72592626541272,Brazil,Parana,4126652,Sulina,706.5,2021,3.7
-25.6667026709,-52.72592626541272,Brazil,Parana,4126652,Sulina,706.5,2022,3.7
-25.6667026709,-52.72592626541272,Brazil,Parana,4126652,Sulina,706.5,2023,4.2
-25.6667026709,-52.72592626541272,Brazil,Parana,4126652,Sulina,706.5,2024,3.2
-23.8160251997,-51.04545053265418,Brazil,Parana,4126678,Tamarana,674.86,2016,3.18
-23.8160251997,-51.04545053265418,Brazil,Parana,4126678,Tamarana,674.86,2017,3.9
-23.8160251997,-51.04545053265418,Brazil,Parana,4126678,Tamarana,674.86,2018,3.45
-23.8160251997,-51.04545053265418,Brazil,Parana,4126678,Tamarana,674.86,2019,3.12
-23.8160251997,-51.04545053265418,Brazil,Parana,4126678,Tamarana,674.86,2020,3.6
-23.8160251997,-51.04545053265418,Brazil,Parana,4126678,Tamarana,674.86,2021,3.68
-23.8160251997,-51.04545053265418,Brazil,Parana,4126678,Tamarana,674.86,2022,3.758
-23.8160251997,-51.04545053265418,Brazil,Parana,4126678,Tamarana,674.86,2023,3.758
-23.8160251997,-51.04545053265418,Brazil,Parana,4126678,Tamarana,674.86,2024,3.3
-23.21507271355,-52.48326003882084,Brazil,Parana,4126702,Tamboara,425.62,2016,2.8
-23.21507271355,-52.48326003882084,Brazil,Parana,4126702,Tamboara,425.62,2017,3.0
-23.21507271355,-52.48326003882084,Brazil,Parana,4126702,Tamboara,425.62,2018,3.151
-23.21507271355,-52.48326003882084,Brazil,Parana,4126702,Tamboara,425.62,2019,3.0
-23.21507271355,-52.48326003882084,Brazil,Parana,4126702,Tamboara,425.62,2020,3.0
-23.21507271355,-52.48326003882084,Brazil,Parana,4126702,Tamboara,425.62,2021,3.0
-23.21507271355,-52.48326003882084,Brazil,Parana,4126702,Tamboara,425.62,2022,0.989
-23.21507271355,-52.48326003882084,Brazil,Parana,4126702,Tamboara,425.62,2023,4.401
-23.21507271355,-52.48326003882084,Brazil,Parana,4126702,Tamboara,425.62,2024,3.05
-23.64104665485,-52.87561183622736,Brazil,Parana,4126801,Tapejara,372.47,2017,3.5
-23.64104665485,-52.87561183622736,Brazil,Parana,4126801,Tapejara,372.47,2020,2.499
-23.33549137775,-53.12707813433532,Brazil,Parana,4126900,Tapira,372.47,2016,3.199
-23.33549137775,-53.12707813433532,Brazil,Parana,4126900,Tapira,372.47,2017,3.0
-23.33549137775,-53.12707813433532,Brazil,Parana,4126900,Tapira,372.47,2018,3.6
-23.33549137775,-53.12707813433532,Brazil,Parana,4126900,Tapira,372.47,2019,2.4
-23.33549137775,-53.12707813433532,Brazil,Parana,4126900,Tapira,372.47,2020,3.35
-23.33549137775,-53.12707813433532,Brazil,Parana,4126900,Tapira,372.47,2021,3.25
-23.33549137775,-53.12707813433532,Brazil,Parana,4126900,Tapira,372.47,2022,0.55
-23.33549137775,-53.12707813433532,Brazil,Parana,4126900,Tapira,372.47,2023,4.0
-23.33549137775,-53.12707813433532,Brazil,Parana,4126900,Tapira,372.47,2024,2.505
-25.31106745425,-50.42442082471541,Brazil,Parana,4127007,Teixeira Soares,848.71,2016,3.268
-25.31106745425,-50.42442082471541,Brazil,Parana,4127007,Teixeira Soares,848.71,2017,3.8
-25.31106745425,-50.42442082471541,Brazil,Parana,4127007,Teixeira Soares,848.71,2018,3.6
-25.31106745425,-50.42442082471541,Brazil,Parana,4127007,Teixeira Soares,848.71,2019,3.8
-25.31106745425,-50.42442082471541,Brazil,Parana,4127007,Teixeira Soares,848.71,2020,3.665
-25.31106745425,-50.42442082471541,Brazil,Parana,4127007,Teixeira Soares,848.71,2021,3.8
-25.31106745425,-50.42442082471541,Brazil,Parana,4127007,Teixeira Soares,848.71,2022,3.7
-25.31106745425,-50.42442082471541,Brazil,Parana,4127007,Teixeira Soares,848.71,2023,3.494
-25.31106745425,-50.42442082471541,Brazil,Parana,4127007,Teixeira Soares,848.71,2024,4.021
-24.2537138966,-50.52359137137782,Brazil,Parana,4127106,Telêmaco Borba,800.8,2016,3.2
-24.2537138966,-50.52359137137782,Brazil,Parana,4127106,Telêmaco Borba,800.8,2017,3.8
-24.2537138966,-50.52359137137782,Brazil,Parana,4127106,Telêmaco Borba,800.8,2018,3.701
-24.2537138966,-50.52359137137782,Brazil,Parana,4127106,Telêmaco Borba,800.8,2019,3.4
-24.2537138966,-50.52359137137782,Brazil,Parana,4127106,Telêmaco Borba,800.8,2020,3.7
-24.2537138966,-50.52359137137782,Brazil,Parana,4127106,Telêmaco Borba,800.8,2021,3.7
-24.2537138966,-50.52359137137782,Brazil,Parana,4127106,Telêmaco Borba,800.8,2022,3.7
-24.2537138966,-50.52359137137782,Brazil,Parana,4127106,Telêmaco Borba,800.8,2023,3.8
-24.2537138966,-50.52359137137782,Brazil,Parana,4127106,Telêmaco Borba,800.8,2024,3.4
-23.6872796718,-52.36947729502305,Brazil,Parana,4127205,Terra Boa,391.47,2016,2.43
-23.6872796718,-52.36947729502305,Brazil,Parana,4127205,Terra Boa,391.47,2017,3.5
-23.6872796718,-52.36947729502305,Brazil,Parana,4127205,Terra Boa,391.47,2018,3.3
-23.6872796718,-52.36947729502305,Brazil,Parana,4127205,Terra Boa,391.47,2019,2.1
-23.6872796718,-52.36947729502305,Brazil,Parana,4127205,Terra Boa,391.47,2020,3.0
-23.6872796718,-52.36947729502305,Brazil,Parana,4127205,Terra Boa,391.47,2021,2.6
-23.6872796718,-52.36947729502305,Brazil,Parana,4127205,Terra Boa,391.47,2022,1.0
-23.6872796718,-52.36947729502305,Brazil,Parana,4127205,Terra Boa,391.47,2023,2.667
-23.6872796718,-52.36947729502305,Brazil,Parana,4127205,Terra Boa,391.47,2024,3.0
-22.7201704869,-52.69421527648963,Brazil,Parana,4127304,Terra Rica,333.24,2016,3.0
-22.7201704869,-52.69421527648963,Brazil,Parana,4127304,Terra Rica,333.24,2017,3.0
-22.7201704869,-52.69421527648963,Brazil,Parana,4127304,Terra Rica,333.24,2018,3.0
-22.7201704869,-52.69421527648963,Brazil,Parana,4127304,Terra Rica,333.24,2019,2.799
-22.7201704869,-52.69421527648963,Brazil,Parana,4127304,Terra Rica,333.24,2020,3.0
-22.7201704869,-52.69421527648963,Brazil,Parana,4127304,Terra Rica,333.24,2021,3.0
-22.7201704869,-52.69421527648963,Brazil,Parana,4127304,Terra Rica,333.24,2022,0.6
-22.7201704869,-52.69421527648963,Brazil,Parana,4127304,Terra Rica,333.24,2023,3.0
-22.7201704869,-52.69421527648963,Brazil,Parana,4127304,Terra Rica,333.24,2024,2.35
-24.1835937184,-54.06130278731709,Brazil,Parana,4127403,Terra Roxa,315.06,2016,3.476
-24.1835937184,-54.06130278731709,Brazil,Parana,4127403,Terra Roxa,315.06,2017,3.5
-24.1835937184,-54.06130278731709,Brazil,Parana,4127403,Terra Roxa,315.06,2018,3.6
-24.1835937184,-54.06130278731709,Brazil,Parana,4127403,Terra Roxa,315.06,2019,1.85
-24.1835937184,-54.06130278731709,Brazil,Parana,4127403,Terra Roxa,315.06,2020,4.0
-24.1835937184,-54.06130278731709,Brazil,Parana,4127403,Terra Roxa,315.06,2021,3.0
-24.1835937184,-54.06130278731709,Brazil,Parana,4127403,Terra Roxa,315.06,2022,0.421
-24.1835937184,-54.06130278731709,Brazil,Parana,4127403,Terra Roxa,315.06,2023,2.6
-24.1835937184,-54.06130278731709,Brazil,Parana,4127403,Terra Roxa,315.06,2024,2.0
-24.6871587541,-50.47062743353409,Brazil,Parana,4127502,Tibagi,800.8,2016,3.418
-24.6871587541,-50.47062743353409,Brazil,Parana,4127502,Tibagi,800.8,2017,4.1
-24.6871587541,-50.47062743353409,Brazil,Parana,4127502,Tibagi,800.8,2018,3.75
-24.6871587541,-50.47062743353409,Brazil,Parana,4127502,Tibagi,800.8,2019,3.7
-24.6871587541,-50.47062743353409,Brazil,Parana,4127502,Tibagi,800.8,2020,3.955
-24.6871587541,-50.47062743353409,Brazil,Parana,4127502,Tibagi,800.8,2021,3.807
-24.6871587541,-50.47062743353409,Brazil,Parana,4127502,Tibagi,800.8,2022,3.771
-24.6871587541,-50.47062743353409,Brazil,Parana,4127502,Tibagi,800.8,2023,4.164
-24.6871587541,-50.47062743353409,Brazil,Parana,4127502,Tibagi,800.8,2024,3.832
-25.8862557957,-49.10894975226688,Brazil,Parana,4127601,Tijucas do Sul,849.62,2016,3.35
-25.8862557957,-49.10894975226688,Brazil,Parana,4127601,Tijucas do Sul,849.62,2017,4.478
-25.8862557957,-49.10894975226688,Brazil,Parana,4127601,Tijucas do Sul,849.62,2018,3.85
-25.8862557957,-49.10894975226688,Brazil,Parana,4127601,Tijucas do Sul,849.62,2019,3.85
-25.8862557957,-49.10894975226688,Brazil,Parana,4127601,Tijucas do Sul,849.62,2020,3.997
-25.8862557957,-49.10894975226688,Brazil,Parana,4127601,Tijucas do Sul,849.62,2021,3.792
-25.8862557957,-49.10894975226688,Brazil,Parana,4127601,Tijucas do Sul,849.62,2022,3.27
-25.8862557957,-49.10894975226688,Brazil,Parana,4127601,Tijucas do Sul,849.62,2023,3.8
-25.8862557957,-49.10894975226688,Brazil,Parana,4127601,Tijucas do Sul,849.62,2024,3.3
-24.6971188009,-53.80881279710822,Brazil,Parana,4127700,Toledo,430.2,2016,3.308
-24.6971188009,-53.80881279710822,Brazil,Parana,4127700,Toledo,430.2,2017,4.1
-24.6971188009,-53.80881279710822,Brazil,Parana,4127700,Toledo,430.2,2018,3.35
-24.6971188009,-53.80881279710822,Brazil,Parana,4127700,Toledo,430.2,2019,2.09
-24.6971188009,-53.80881279710822,Brazil,Parana,4127700,Toledo,430.2,2020,4.0
-24.6971188009,-53.80881279710822,Brazil,Parana,4127700,Toledo,430.2,2021,3.35
-24.6971188009,-53.80881279710822,Brazil,Parana,4127700,Toledo,430.2,2022,0.8
-24.6971188009,-53.80881279710822,Brazil,Parana,4127700,Toledo,430.2,2023,3.28
-24.6971188009,-53.80881279710822,Brazil,Parana,4127700,Toledo,430.2,2024,3.6
-23.7206139307,-49.93218988999835,Brazil,Parana,4127809,Tomazina,555.51,2016,3.6
-23.7206139307,-49.93218988999835,Brazil,Parana,4127809,Tomazina,555.51,2017,3.6
-23.7206139307,-49.93218988999835,Brazil,Parana,4127809,Tomazina,555.51,2018,3.6
-23.7206139307,-49.93218988999835,Brazil,Parana,4127809,Tomazina,555.51,2019,3.47
-23.7206139307,-49.93218988999835,Brazil,Parana,4127809,Tomazina,555.51,2020,3.4
-23.7206139307,-49.93218988999835,Brazil,Parana,4127809,Tomazina,555.51,2021,3.95
-23.7206139307,-49.93218988999835,Brazil,Parana,4127809,Tomazina,555.51,2022,3.95
-23.7206139307,-49.93218988999835,Brazil,Parana,4127809,Tomazina,555.51,2023,3.47
-23.7206139307,-49.93218988999835,Brazil,Parana,4127809,Tomazina,555.51,2024,3.47
-25.4464052404,-53.23097112336875,Brazil,Parana,4127858,Três Barras do Paraná,504.0,2016,4.023
-25.4464052404,-53.23097112336875,Brazil,Parana,4127858,Três Barras do Paraná,504.0,2017,3.6
-25.4464052404,-53.23097112336875,Brazil,Parana,4127858,Três Barras do Paraná,504.0,2018,4.0
-25.4464052404,-53.23097112336875,Brazil,Parana,4127858,Três Barras do Paraná,504.0,2019,4.0
-25.4464052404,-53.23097112336875,Brazil,Parana,4127858,Três Barras do Paraná,504.0,2020,4.465
-25.4464052404,-53.23097112336875,Brazil,Parana,4127858,Três Barras do Paraná,504.0,2021,3.67
-25.4464052404,-53.23097112336875,Brazil,Parana,4127858,Três Barras do Paraná,504.0,2022,3.71
-25.4464052404,-53.23097112336875,Brazil,Parana,4127858,Três Barras do Paraná,504.0,2023,3.727
-25.4464052404,-53.23097112336875,Brazil,Parana,4127858,Três Barras do Paraná,504.0,2024,3.702
-24.93731320985,-48.88065848375845,Brazil,Parana,4127882,Tunas do Paraná,678.89,2023,3.5
-24.93731320985,-48.88065848375845,Brazil,Parana,4127882,Tunas do Paraná,678.89,2024,3.0
-23.85994503955,-52.88220029298581,Brazil,Parana,4127908,Tuneiras do Oeste,408.68,2016,2.697
-23.85994503955,-52.88220029298581,Brazil,Parana,4127908,Tuneiras do Oeste,408.68,2017,3.5
-23.85994503955,-52.88220029298581,Brazil,Parana,4127908,Tuneiras do Oeste,408.68,2018,3.1
-23.85994503955,-52.88220029298581,Brazil,Parana,4127908,Tuneiras do Oeste,408.68,2019,1.9
-23.85994503955,-52.88220029298581,Brazil,Parana,4127908,Tuneiras do Oeste,408.68,2020,3.2
-23.85994503955,-52.88220029298581,Brazil,Parana,4127908,Tuneiras do Oeste,408.68,2021,2.6
-23.85994503955,-52.88220029298581,Brazil,Parana,4127908,Tuneiras do Oeste,408.68,2022,1.0
-23.85994503955,-52.88220029298581,Brazil,Parana,4127908,Tuneiras do Oeste,408.68,2023,2.533
-23.85994503955,-52.88220029298581,Brazil,Parana,4127908,Tuneiras do Oeste,408.68,2024,2.85
-24.6346513378,-53.50932311267936,Brazil,Parana,4127957,Tupãssi,430.2,2016,3.451
-24.6346513378,-53.50932311267936,Brazil,Parana,4127957,Tupãssi,430.2,2017,4.2
-24.6346513378,-53.50932311267936,Brazil,Parana,4127957,Tupãssi,430.2,2018,3.7
-24.6346513378,-53.50932311267936,Brazil,Parana,4127957,Tupãssi,430.2,2019,2.7
-24.6346513378,-53.50932311267936,Brazil,Parana,4127957,Tupãssi,430.2,2020,3.966
-24.6346513378,-53.50932311267936,Brazil,Parana,4127957,Tupãssi,430.2,2021,3.225
-24.6346513378,-53.50932311267936,Brazil,Parana,4127957,Tupãssi,430.2,2022,1.165
-24.6346513378,-53.50932311267936,Brazil,Parana,4127957,Tupãssi,430.2,2023,3.47
-24.6346513378,-53.50932311267936,Brazil,Parana,4127957,Tupãssi,430.2,2024,3.7
-24.9651300529,-51.44770717155016,Brazil,Parana,4127965,Turvo,846.04,2016,3.197
-24.9651300529,-51.44770717155016,Brazil,Parana,4127965,Turvo,846.04,2017,3.69
-24.9651300529,-51.44770717155016,Brazil,Parana,4127965,Turvo,846.04,2018,3.5
-24.9651300529,-51.44770717155016,Brazil,Parana,4127965,Turvo,846.04,2019,3.38
-24.9651300529,-51.44770717155016,Brazil,Parana,4127965,Turvo,846.04,2020,3.95
-24.9651300529,-51.44770717155016,Brazil,Parana,4127965,Turvo,846.04,2021,3.8
-24.9651300529,-51.44770717155016,Brazil,Parana,4127965,Turvo,846.04,2022,3.262
-24.9651300529,-51.44770717155016,Brazil,Parana,4127965,Turvo,846.04,2023,3.894
-24.9651300529,-51.44770717155016,Brazil,Parana,4127965,Turvo,846.04,2024,3.8
-24.50842300595,-53.02786091816584,Brazil,Parana,4128005,Ubiratã,445.62,2016,3.332
-24.50842300595,-53.02786091816584,Brazil,Parana,4128005,Ubiratã,445.62,2017,4.09
-24.50842300595,-53.02786091816584,Brazil,Parana,4128005,Ubiratã,445.62,2018,3.4
-24.50842300595,-53.02786091816584,Brazil,Parana,4128005,Ubiratã,445.62,2019,2.6
-24.50842300595,-53.02786091816584,Brazil,Parana,4128005,Ubiratã,445.62,2020,3.4
-24.50842300595,-53.02786091816584,Brazil,Parana,4128005,Ubiratã,445.62,2021,3.4
-24.50842300595,-53.02786091816584,Brazil,Parana,4128005,Ubiratã,445.62,2022,1.2
-24.50842300595,-53.02786091816584,Brazil,Parana,4128005,Ubiratã,445.62,2023,4.335
-24.50842300595,-53.02786091816584,Brazil,Parana,4128005,Ubiratã,445.62,2024,3.18
-23.70663232595,-53.33261510918148,Brazil,Parana,4128104,Umuarama,372.47,2016,2.8
-23.70663232595,-53.33261510918148,Brazil,Parana,4128104,Umuarama,372.47,2017,2.83
-23.70663232595,-53.33261510918148,Brazil,Parana,4128104,Umuarama,372.47,2018,3.1
-23.70663232595,-53.33261510918148,Brazil,Parana,4128104,Umuarama,372.47,2019,1.6
-23.70663232595,-53.33261510918148,Brazil,Parana,4128104,Umuarama,372.47,2020,2.5
-23.70663232595,-53.33261510918148,Brazil,Parana,4128104,Umuarama,372.47,2021,2.7
-23.70663232595,-53.33261510918148,Brazil,Parana,4128104,Umuarama,372.47,2022,0.5
-23.70663232595,-53.33261510918148,Brazil,Parana,4128104,Umuarama,372.47,2023,3.2
-23.70663232595,-53.33261510918148,Brazil,Parana,4128104,Umuarama,372.47,2024,2.7
-26.1237040666,-51.1134588187988,Brazil,Parana,4128203,União da Vitória,992.97,2016,3.0
-26.1237040666,-51.1134588187988,Brazil,Parana,4128203,União da Vitória,992.97,2017,3.2
-26.1237040666,-51.1134588187988,Brazil,Parana,4128203,União da Vitória,992.97,2018,3.2
-26.1237040666,-51.1134588187988,Brazil,Parana,4128203,União da Vitória,992.97,2019,3.2
-26.1237040666,-51.1134588187988,Brazil,Parana,4128203,União da Vitória,992.97,2020,3.31
-26.1237040666,-51.1134588187988,Brazil,Parana,4128203,União da Vitória,992.97,2021,2.8
-26.1237040666,-51.1134588187988,Brazil,Parana,4128203,União da Vitória,992.97,2022,2.444
-26.1237040666,-51.1134588187988,Brazil,Parana,4128203,União da Vitória,992.97,2023,3.067
-26.1237040666,-51.1134588187988,Brazil,Parana,4128203,União da Vitória,992.97,2024,3.022
-23.07797818845,-52.12397966691388,Brazil,Parana,4128302,Uniflor,442.02,2016,2.8
-23.07797818845,-52.12397966691388,Brazil,Parana,4128302,Uniflor,442.02,2017,3.52
-23.07797818845,-52.12397966691388,Brazil,Parana,4128302,Uniflor,442.02,2018,3.75
-23.07797818845,-52.12397966691388,Brazil,Parana,4128302,Uniflor,442.02,2019,2.41
-23.07797818845,-52.12397966691388,Brazil,Parana,4128302,Uniflor,442.02,2020,3.8
-23.07797818845,-52.12397966691388,Brazil,Parana,4128302,Uniflor,442.02,2021,2.8
-23.07797818845,-52.12397966691388,Brazil,Parana,4128302,Uniflor,442.02,2022,2.0
-23.07797818845,-52.12397966691388,Brazil,Parana,4128302,Uniflor,442.02,2023,3.72
-23.07797818845,-52.12397966691388,Brazil,Parana,4128302,Uniflor,442.02,2024,3.1
-23.2106868621,-50.83426529166482,Brazil,Parana,4128401,Uraí,453.47,2016,2.88
-23.2106868621,-50.83426529166482,Brazil,Parana,4128401,Uraí,453.47,2017,3.48
-23.2106868621,-50.83426529166482,Brazil,Parana,4128401,Uraí,453.47,2018,3.18
-23.2106868621,-50.83426529166482,Brazil,Parana,4128401,Uraí,453.47,2019,2.82
-23.2106868621,-50.83426529166482,Brazil,Parana,4128401,Uraí,453.47,2020,3.42
-23.2106868621,-50.83426529166482,Brazil,Parana,4128401,Uraí,453.47,2021,3.42
-23.2106868621,-50.83426529166482,Brazil,Parana,4128401,Uraí,453.47,2022,2.22
-23.2106868621,-50.83426529166482,Brazil,Parana,4128401,Uraí,453.47,2023,3.714
-23.2106868621,-50.83426529166482,Brazil,Parana,4128401,Uraí,453.47,2024,1.829
-23.8701256043,-49.80065601128121,Brazil,Parana,4128500,Wenceslau Braz,741.43,2016,3.4
-23.8701256043,-49.80065601128121,Brazil,Parana,4128500,Wenceslau Braz,741.43,2017,3.8
-23.8701256043,-49.80065601128121,Brazil,Parana,4128500,Wenceslau Braz,741.43,2018,3.8
-23.8701256043,-49.80065601128121,Brazil,Parana,4128500,Wenceslau Braz,741.43,2019,3.8
-23.8701256043,-49.80065601128121,Brazil,Parana,4128500,Wenceslau Braz,741.43,2020,3.8
-23.8701256043,-49.80065601128121,Brazil,Parana,4128500,Wenceslau Braz,741.43,2021,3.98
-23.8701256043,-49.80065601128121,Brazil,Parana,4128500,Wenceslau Braz,741.43,2022,3.65
-23.8701256043,-49.80065601128121,Brazil,Parana,4128500,Wenceslau Braz,741.43,2023,3.65
-23.8701256043,-49.80065601128121,Brazil,Parana,4128500,Wenceslau Braz,741.43,2024,2.32
-24.19023139865,-50.26911210258753,Brazil,Parana,4128534,Ventania,741.43,2016,3.57
-24.19023139865,-50.26911210258753,Brazil,Parana,4128534,Ventania,741.43,2017,3.579
-24.19023139865,-50.26911210258753,Brazil,Parana,4128534,Ventania,741.43,2018,3.579
-24.19023139865,-50.26911210258753,Brazil,Parana,4128534,Ventania,741.43,2019,3.579
-24.19023139865,-50.26911210258753,Brazil,Parana,4128534,Ventania,741.43,2020,3.973
-24.19023139865,-50.26911210258753,Brazil,Parana,4128534,Ventania,741.43,2021,3.579
-24.19023139865,-50.26911210258753,Brazil,Parana,4128534,Ventania,741.43,2022,3.579
-24.19023139865,-50.26911210258753,Brazil,Parana,4128534,Ventania,741.43,2023,3.579
-24.19023139865,-50.26911210258753,Brazil,Parana,4128534,Ventania,741.43,2024,3.8
-25.00367173845,-53.90545748770825,Brazil,Parana,4128559,Vera Cruz do Oeste,523.8,2016,3.5
-25.00367173845,-53.90545748770825,Brazil,Parana,4128559,Vera Cruz do Oeste,523.8,2017,3.75
-25.00367173845,-53.90545748770825,Brazil,Parana,4128559,Vera Cruz do Oeste,523.8,2018,3.85
-25.00367173845,-53.90545748770825,Brazil,Parana,4128559,Vera Cruz do Oeste,523.8,2019,3.08
-25.00367173845,-53.90545748770825,Brazil,Parana,4128559,Vera Cruz do Oeste,523.8,2020,4.091
-25.00367173845,-53.90545748770825,Brazil,Parana,4128559,Vera Cruz do Oeste,523.8,2021,3.72
-25.00367173845,-53.90545748770825,Brazil,Parana,4128559,Vera Cruz do Oeste,523.8,2022,1.305
-25.00367173845,-53.90545748770825,Brazil,Parana,4128559,Vera Cruz do Oeste,523.8,2023,4.1
-25.00367173845,-53.90545748770825,Brazil,Parana,4128559,Vera Cruz do Oeste,523.8,2024,3.223
-25.84712344645,-52.93877744348563,Brazil,Parana,4128609,Verê,627.56,2016,2.69
-25.84712344645,-52.93877744348563,Brazil,Parana,4128609,Verê,627.56,2017,3.72
-25.84712344645,-52.93877744348563,Brazil,Parana,4128609,Verê,627.56,2018,3.85
-25.84712344645,-52.93877744348563,Brazil,Parana,4128609,Verê,627.56,2019,2.53
-25.84712344645,-52.93877744348563,Brazil,Parana,4128609,Verê,627.56,2020,3.73
-25.84712344645,-52.93877744348563,Brazil,Parana,4128609,Verê,627.56,2021,3.853
-25.84712344645,-52.93877744348563,Brazil,Parana,4128609,Verê,627.56,2022,1.861
-25.84712344645,-52.93877744348563,Brazil,Parana,4128609,Verê,627.56,2023,4.363
-25.84712344645,-52.93877744348563,Brazil,Parana,4128609,Verê,627.56,2024,3.908
-23.51547857145,-53.83194739919442,Brazil,Parana,4128625,Alto Paraíso,314.4,2016,2.5
-23.51547857145,-53.83194739919442,Brazil,Parana,4128625,Alto Paraíso,314.4,2017,2.5
-23.51547857145,-53.83194739919442,Brazil,Parana,4128625,Alto Paraíso,314.4,2018,3.0
-23.51547857145,-53.83194739919442,Brazil,Parana,4128625,Alto Paraíso,314.4,2019,1.5
-23.51547857145,-53.83194739919442,Brazil,Parana,4128625,Alto Paraíso,314.4,2020,2.0
-23.51547857145,-53.83194739919442,Brazil,Parana,4128625,Alto Paraíso,314.4,2021,2.5
-23.51547857145,-53.83194739919442,Brazil,Parana,4128625,Alto Paraíso,314.4,2022,1.051
-23.51547857145,-53.83194739919442,Brazil,Parana,4128625,Alto Paraíso,314.4,2023,3.0
-23.51547857145,-53.83194739919442,Brazil,Parana,4128625,Alto Paraíso,314.4,2024,2.0
-24.5982113308,-49.40266562090368,Brazil,Parana,4128633,Doutor Ulysses,852.04,2016,3.1
-24.5982113308,-49.40266562090368,Brazil,Parana,4128633,Doutor Ulysses,852.04,2017,3.1
-24.5982113308,-49.40266562090368,Brazil,Parana,4128633,Doutor Ulysses,852.04,2018,3.0
-24.5982113308,-49.40266562090368,Brazil,Parana,4128633,Doutor Ulysses,852.04,2019,3.0
-24.5982113308,-49.40266562090368,Brazil,Parana,4128633,Doutor Ulysses,852.04,2020,3.8
-24.5982113308,-49.40266562090368,Brazil,Parana,4128633,Doutor Ulysses,852.04,2021,3.2
-24.5982113308,-49.40266562090368,Brazil,Parana,4128633,Doutor Ulysses,852.04,2022,3.348
-24.5982113308,-49.40266562090368,Brazil,Parana,4128633,Doutor Ulysses,852.04,2023,3.3
-24.5982113308,-49.40266562090368,Brazil,Parana,4128633,Doutor Ulysses,852.04,2024,3.1
-25.41953719325,-52.22487417174276,Brazil,Parana,4128658,Virmond,706.5,2016,1.36
-25.41953719325,-52.22487417174276,Brazil,Parana,4128658,Virmond,706.5,2017,3.6
-25.41953719325,-52.22487417174276,Brazil,Parana,4128658,Virmond,706.5,2018,3.32
-25.41953719325,-52.22487417174276,Brazil,Parana,4128658,Virmond,706.5,2019,3.23
-25.41953719325,-52.22487417174276,Brazil,Parana,4128658,Virmond,706.5,2020,4.036
-25.41953719325,-52.22487417174276,Brazil,Parana,4128658,Virmond,706.5,2021,3.6
-25.41953719325,-52.22487417174276,Brazil,Parana,4128658,Virmond,706.5,2022,3.97
-25.41953719325,-52.22487417174276,Brazil,Parana,4128658,Virmond,706.5,2023,4.19
-25.41953719325,-52.22487417174276,Brazil,Parana,4128658,Virmond,706.5,2024,4.0
-26.2523341071,-52.82184452721384,Brazil,Parana,4128708,Vitorino,683.58,2016,2.836
-26.2523341071,-52.82184452721384,Brazil,Parana,4128708,Vitorino,683.58,2017,3.889
-26.2523341071,-52.82184452721384,Brazil,Parana,4128708,Vitorino,683.58,2018,3.977
-26.2523341071,-52.82184452721384,Brazil,Parana,4128708,Vitorino,683.58,2019,3.2
-26.2523341071,-52.82184452721384,Brazil,Parana,4128708,Vitorino,683.58,2020,4.53
-26.2523341071,-52.82184452721384,Brazil,Parana,4128708,Vitorino,683.58,2021,3.634
-26.2523341071,-52.82184452721384,Brazil,Parana,4128708,Vitorino,683.58,2022,1.935
-26.2523341071,-52.82184452721384,Brazil,Parana,4128708,Vitorino,683.58,2023,4.213
-26.2523341071,-52.82184452721384,Brazil,Parana,4128708,Vitorino,683.58,2024,3.366
-23.74814743735,-53.56908130697995,Brazil,Parana,4128807,Xambrê,314.4,2016,3.0
-23.74814743735,-53.56908130697995,Brazil,Parana,4128807,Xambrê,314.4,2017,2.699
-23.74814743735,-53.56908130697995,Brazil,Parana,4128807,Xambrê,314.4,2018,3.052
-23.74814743735,-53.56908130697995,Brazil,Parana,4128807,Xambrê,314.4,2019,1.8
-23.74814743735,-53.56908130697995,Brazil,Parana,4128807,Xambrê,314.4,2020,2.0
-23.74814743735,-53.56908130697995,Brazil,Parana,4128807,Xambrê,314.4,2021,2.4
-23.74814743735,-53.56908130697995,Brazil,Parana,4128807,Xambrê,314.4,2022,0.4
-23.74814743735,-53.56908130697995,Brazil,Parana,4128807,Xambrê,314.4,2023,3.0
-23.74814743735,-53.56908130697995,Brazil,Parana,4128807,Xambrê,314.4,2024,2.501
