point_id,year,dyield_obs,dyield_sim,error,abs_error,r2,bias
4124707,2015,2397.6000000001654,1170.277055657618,-1227.3229443425475,1227.3229443425475,-1.1184966081452439,-189.15780070361174
4124707,2016,3016.111475409992,2846.5646781387836,-169.54679727120856,169.54679727120856,-1.1184966081452439,-189.15780070361174
4124707,2017,3340.708767123425,2586.4184238083603,-754.2903433150645,754.2903433150645,-1.1184966081452439,-189.15780070361174
4124707,2018,2680.2690410960054,3184.4157573881935,504.1467162921881,504.1467162921881,-1.1184966081452439,-189.15780070361174
4124707,2019,2868.2128767124213,3403.767899616377,535.5550229039554,535.5550229039554,-1.1184966081452439,-189.15780070361174
4124707,2020,3434.0327868853196,3541.567212021625,107.53442513630534,107.53442513630534,-1.1184966081452439,-189.15780070361174
4124707,2021,3434.1279452055337,4038.797511253885,604.6695660483515,604.6695660483515,-1.1184966081452439,-189.15780070361174
4124707,2022,3552.6361643835967,3020.440999249638,-532.1951651339587,532.1951651339587,-1.1184966081452439,-189.15780070361174
4124707,2023,2779.478630136999,2275.75630116085,-503.72232897614913,503.72232897614913,-1.1184966081452439,-189.15780070361174
4124707,2024,1890.0,2603.3481847702537,713.3481847702537,713.3481847702537,-1.1184966081452439,-189.15780070361174
4104709,2015,3382.5333333333397,2657.113550985644,-725.4197823476957,725.4197823476957,-1.1184966081452439,-189.15780070361174
4104709,2016,3297.663752276874,2864.6178890091046,-433.0458632677696,433.0458632677696,-1.1184966081452439,-189.15780070361174
4104709,2017,4335.452922374438,3451.822236753401,-883.6306856210367,883.6306856210367,-1.1184966081452439,-189.15780070361174
4104709,2018,4481.1842009132515,2761.259945193918,-1719.9242557193334,1719.9242557193334,-1.1184966081452439,-189.15780070361174
4104709,2019,3514.9784931506947,3012.5191713763757,-502.45932177431905,502.45932177431905,-1.1184966081452439,-189.15780070361174
4104709,2020,3794.003642987254,3009.0624206414873,-784.9412223457666,784.9412223457666,-1.1184966081452439,-189.15780070361174
4104709,2021,3943.3177625570747,3181.1727959395266,-762.1449666175481,762.1449666175481,-1.1184966081452439,-189.15780070361174
4104709,2022,3761.4463013698614,3857.1067307398343,95.66042936997292,95.66042936997292,-1.1184966081452439,-189.15780070361174
4104709,2023,3703.7118264840174,1862.5504377135746,-1841.1613887704427,1841.1613887704427,-1.1184966081452439,-189.15780070361174
4104709,2024,3680.0,3594.3128801905928,-85.68711980940725,85.68711980940725,-1.1184966081452439,-189.15780070361174
4101408,2015,3060.266666666735,2241.383937247587,-818.8827294191483,818.8827294191483,-1.1184966081452439,-189.15780070361174
4101408,2016,3512.08051001828,2475.7044195080443,-1036.3760905102358,1036.3760905102358,-1.1184966081452439,-189.15780070361174
4101408,2017,3882.7199543379584,3576.44270944159,-306.2772448963683,306.2772448963683,-1.1184966081452439,-189.15780070361174
4101408,2018,3617.00374429229,3091.7497900415656,-525.2539542507243,525.2539542507243,-1.1184966081452439,-189.15780070361174
4101408,2019,3770.0519178082645,2940.178250514342,-829.8736672939226,829.8736672939226,-1.1184966081452439,-189.15780070361174
4101408,2020,4054.2149362477544,2815.893830290215,-1238.3211059575392,1238.3211059575392,-1.1184966081452439,-189.15780070361174
4101408,2021,3625.1208675799253,3326.8368665644375,-298.2840010154878,298.2840010154878,-1.1184966081452439,-189.15780070361174
4101408,2022,3403.1526027397363,3903.7448385253224,500.5922357855861,500.5922357855861,-1.1184966081452439,-189.15780070361174
4101408,2023,3525.4309132420126,3278.1029277436555,-247.32798549835707,247.32798549835707,-1.1184966081452439,-189.15780070361174
4101408,2024,3500.0,3703.196823265937,203.19682326593693,203.19682326593693,-1.1184966081452439,-189.15780070361174
4111506,2015,2345.600000000217,2134.2022601725994,-211.39773982761744,211.39773982761744,-1.1184966081452439,-189.15780070361174
4111506,2016,2814.045901639548,2963.6447584464927,149.5988568069447,149.5988568069447,-1.1184966081452439,-189.15780070361174
4111506,2017,3293.430684931681,2759.891684565832,-533.539000365849,533.539000365849,-1.1184966081452439,-189.15780070361174
4111506,2018,3060.573150685075,3040.094950639777,-20.478200045297854,20.478200045297854,-1.1184966081452439,-189.15780070361174
4111506,2019,3479.811506849433,2960.796992080479,-519.0145147689541,519.0145147689541,-1.1184966081452439,-189.15780070361174
4111506,2020,3638.0109289618404,3082.2617563512536,-555.7491726105868,555.7491726105868,-1.1184966081452439,-189.15780070361174
4111506,2021,2403.9293150685585,3389.325865300923,985.3965502323645,985.3965502323645,-1.1184966081452439,-189.15780070361174
4111506,2022,2552.482739726066,3834.9122128940103,1282.4294731679443,1282.4294731679443,-1.1184966081452439,-189.15780070361174
4111506,2023,3195.2745205479587,3150.622488658197,-44.652031889761474,44.652031889761474,-1.1184966081452439,-189.15780070361174
4111506,2024,2975.0,3422.225871367039,447.22587136703896,447.22587136703896,-1.1184966081452439,-189.15780070361174
4110003,2015,2951.3333333333935,2416.316641325578,-535.0166920078154,535.0166920078154,-1.1184966081452439,-189.15780070361174
4110003,2016,3190.6757741348483,3161.067491834305,-29.608282300543124,29.608282300543124,-1.1184966081452439,-189.15780070361174
4110003,2017,3395.1956621005065,3278.2891942703745,-116.90646783013199,116.90646783013199,-1.1184966081452439,-189.15780070361174
4110003,2018,2912.8680365297214,2395.6250408301635,-517.2429956995579,517.2429956995579,-1.1184966081452439,-189.15780070361174
4110003,2019,2901.143150684966,1869.8394536078918,-1031.303697077074,1031.303697077074,-1.1184966081452439,-189.15780070361174
4110003,2020,3001.9489981785323,2488.309602170321,-513.6393960082114,513.6393960082114,-1.1184966081452439,-189.15780070361174
4110003,2021,2331.939954337918,3402.9308216875665,1070.9908673496484,1070.9908673496484,-1.1184966081452439,-189.15780070361174
4110003,2022,3107.502739726038,3342.7579248313655,235.25518510532766,235.25518510532766,-1.1184966081452439,-189.15780070361174
4110003,2023,3599.4901826484047,3304.8218361011195,-294.6683465472852,294.6683465472852,-1.1184966081452439,-189.15780070361174
4110003,2024,3000.0,3287.7350723531117,287.7350723531117,287.7350723531117,-1.1184966081452439,-189.15780070361174
4109104,2015,2413.333333333401,2393.6838082460677,-19.64952508733313,19.64952508733313,-1.1184966081452439,-189.15780070361174
4109104,2016,2550.7468123862295,2736.555759462474,185.8089470762443,185.8089470762443,-1.1184966081452439,-189.15780070361174
4109104,2017,2723.6347031964146,2830.474448313814,106.83974511739916,106.83974511739916,-1.1184966081452439,-189.15780070361174
4109104,2018,2343.2694063927424,1678.733684521072,-664.5357218716704,664.5357218716704,-1.1184966081452439,-189.15780070361174
4109104,2019,2449.2054794520986,1975.7529289439271,-473.4525505081715,473.4525505081715,-1.1184966081452439,-189.15780070361174
4109104,2020,2666.757741347944,2626.798699837054,-39.959041510890074,39.959041510890074,-1.1184966081452439,-189.15780070361174
4109104,2021,1610.3926940639462,3145.9044322585482,1535.511738194602,1535.511738194602,-1.1184966081452439,-189.15780070361174
4109104,2022,1747.2876712328914,3500.615568425124,1753.3278971922325,1753.3278971922325,-1.1184966081452439,-189.15780070361174
4109104,2023,2966.1004566210145,2424.3854429739667,-541.7150136470477,541.7150136470477,-1.1184966081452439,-189.15780070361174
4109104,2024,3300.0,3051.5102735414002,-248.48972645859976,248.48972645859976,-1.1184966081452439,-189.15780070361174
4106407,2015,2037.6000000002095,2540.286659309891,502.68665930968154,502.68665930968154,-1.1184966081452439,-189.15780070361174
4106407,2016,2558.078688524794,2541.2861465351134,-16.792541989680558,16.792541989680558,-1.1184966081452439,-189.15780070361174
4106407,2017,3050.3663013700407,3437.4416523900736,387.07535102003294,387.07535102003294,-1.1184966081452439,-189.15780070361174
4106407,2018,2733.4471232878227,2839.660533744652,106.21341045682948,106.21341045682948,-1.1184966081452439,-189.15780070361174
4106407,2019,2693.1854794521796,3092.7449158734507,399.55943642127113,399.55943642127113,-1.1184966081452439,-189.15780070361174
4106407,2020,2976.6557377050026,3109.3137281725467,132.6579904675441,132.6579904675441,-1.1184966081452439,-189.15780070361174
4106407,2021,2628.607397260332,3475.470643795428,846.8632465350956,846.8632465350956,-1.1184966081452439,-189.15780070361174
4106407,2022,2949.7594520548264,3574.304815854397,624.5453637995706,624.5453637995706,-1.1184966081452439,-189.15780070361174
4106407,2023,2742.0402739726082,3172.1440951186955,430.1038211460873,430.1038211460873,-1.1184966081452439,-189.15780070361174
4106407,2024,1860.0,3883.0622496556566,2023.0622496556566,2023.0622496556566,-1.1184966081452439,-189.15780070361174
4103800,2015,2893.933333333451,1786.988319676994,-1106.9450136564571,1106.9450136564571,-1.1184966081452439,-189.15780070361174
4103800,2016,3372.601457195009,2348.4342512671624,-1024.1672059278467,1024.1672059278467,-1.1184966081452439,-189.15780070361174
4103800,2017,3573.4105936074016,3663.458358722663,90.04776511526143,90.04776511526143,-1.1184966081452439,-189.15780070361174
4103800,2018,3294.680913242093,3164.6865696856885,-129.9943435564046,129.9943435564046,-1.1184966081452439,-189.15780070361174
4103800,2019,3667.019726027464,2901.836334813271,-765.1833912141929,765.1833912141929,-1.1184966081452439,-189.15780070361174
4103800,2020,3801.719489981835,2762.16069791434,-1039.5587920674952,1039.5587920674952,-1.1184966081452439,-189.15780070361174
4103800,2021,3350.4370776256087,3651.901304048213,301.4642264226045,301.4642264226045,-1.1184966081452439,-189.15780070361174
4103800,2022,3433.680000000025,3706.2631438648655,272.5831438648406,272.5831438648406,-1.1184966081452439,-189.15780070361174
4103800,2023,3357.470867579917,3289.9875013939254,-67.4833661859916,67.4833661859916,-1.1184966081452439,-189.15780070361174
4103800,2024,3000.0,3421.99465838406,421.99465838406013,421.99465838406013,-1.1184966081452439,-189.15780070361174
4126207,2015,2938.66666666673,1197.851850478295,-1740.814816188435,1740.814816188435,-1.1184966081452439,-189.15780070361174
4126207,2016,3304.488160291497,2905.4355875580704,-399.0525727334266,399.0525727334266,-1.1184966081452439,-189.15780070361174
4126207,2017,3609.705022831099,2637.889873987601,-971.8151488434983,971.8151488434983,-1.1184966081452439,-189.15780070361174
4126207,2018,3557.8648401826867,3195.2583325959304,-362.6065075867564,362.6065075867564,-1.1184966081452439,-189.15780070361174
4126207,2019,3626.024657534283,3440.669164595288,-185.3554929389952,185.3554929389952,-1.1184966081452439,-189.15780070361174
4126207,2020,3673.0783242258985,3583.9501570920083,-89.1281671338902,89.1281671338902,-1.1184966081452439,-189.15780070361174
4126207,2021,3378.5634703196592,3997.5737763044267,619.0103059847675,619.0103059847675,-1.1184966081452439,-189.15780070361174
4126207,2022,3279.928767123303,3022.1521607008513,-257.77660642245155,257.77660642245155,-1.1184966081452439,-189.15780070361174
4126207,2023,3375.5406392694113,1251.3814458831441,-2124.1591933862674,2124.1591933862674,-1.1184966081452439,-189.15780070361174
4126207,2024,3300.0,2659.0383688960583,-640.9616311039417,640.9616311039417,-1.1184966081452439,-189.15780070361174
4121802,2015,3862.7333333332504,2984.7018965082975,-878.0314368249528,878.0314368249528,-1.1184966081452439,-189.15780070361174
4121802,2016,3523.0287795991985,3109.4284016134056,-413.6003779857929,413.6003779857929,-1.1184966081452439,-189.15780070361174
4121802,2017,4281.5814155250555,3432.8648958218955,-848.71651970316,848.71651970316,-1.1184966081452439,-189.15780070361174
4121802,2018,4420.798995433737,1461.0669301148553,-2959.7320653188817,2959.7320653188817,-1.1184966081452439,-189.15780070361174
4121802,2019,3468.4795890410505,2831.3741703539526,-637.1054186870979,637.1054186870979,-1.1184966081452439,-189.15780070361174
4121802,2020,3800.9763205828467,3513.5547047647733,-287.4216158180734,287.4216158180734,-1.1184966081452439,-189.15780070361174
4121802,2021,4063.5120091324034,3920.528443988382,-142.9835651440212,142.9835651440212,-1.1184966081452439,-189.15780070361174
4121802,2022,3939.329589041086,3115.386242784138,-823.9433462569477,823.9433462569477,-1.1184966081452439,-189.15780070361174
4121802,2023,3879.6129223744256,2175.587031202616,-1704.0258911718097,1704.0258911718097,-1.1184966081452439,-189.15780070361174
4121802,2024,3850.0,3322.1443857898494,-527.8556142101506,527.8556142101506,-1.1184966081452439,-189.15780070361174
4103404,2015,2073.333333333452,2526.764701741986,453.4313684085337,453.4313684085337,-1.1184966081452439,-189.15780070361174
4103404,2016,2536.265938069327,3272.1881443132634,735.9222062439362,735.9222062439362,-1.1184966081452439,-189.15780070361174
4103404,2017,3110.531963470416,3196.600465597068,86.06850212665177,86.06850212665177,-1.1184966081452439,-189.15780070361174
4103404,2018,2368.433789954419,1813.2660965545763,-555.1676933998426,555.1676933998426,-1.1184966081452439,-189.15780070361174
4103404,2019,2317.705479452121,1823.0599984042617,-494.6454810478592,494.6454810478592,-1.1184966081452439,-189.15780070361174
4103404,2020,2845.719489981837,2944.663977132425,98.94448715058797,98.94448715058797,-1.1184966081452439,-189.15780070361174
4103404,2021,2043.3995433790321,2869.1346411757945,825.7350977967624,825.7350977967624,-1.1184966081452439,-189.15780070361174
4103404,2022,2567.46575342468,3305.6024867907886,738.1367333661087,738.1367333661087,-1.1184966081452439,-189.15780070361174
4103404,2023,2903.7511415525187,2533.3431984607487,-370.40794309177,370.40794309177,-1.1184966081452439,-189.15780070361174
4103404,2024,2200.0,2797.4876906417594,597.4876906417594,597.4876906417594,-1.1184966081452439,-189.15780070361174
4123303,2015,1817.3333333334886,2576.6944060936116,759.3610727601231,759.3610727601231,-1.1184966081452439,-189.15780070361174
4123303,2016,1973.347905282477,2793.116063102156,819.7681578196791,819.7681578196791,-1.1184966081452439,-189.15780070361174
4123303,2017,2183.2867579909935,2725.362001771635,542.0752437806414,542.0752437806414,-1.1184966081452439,-189.15780070361174
4123303,2018,1729.0173515982801,1816.0621934569033,87.04484185862316,87.04484185862316,-1.1184966081452439,-189.15780070361174
4123303,2019,1798.1452054795395,2127.3710052256865,329.225799746147,329.225799746147,-1.1184966081452439,-189.15780070361174
4123303,2020,2439.271402550159,2835.995669222467,396.72426667230775,396.72426667230775,-1.1184966081452439,-189.15780070361174
4123303,2021,1329.4694063927425,3201.6227736288024,1872.15336723606,1872.15336723606,-1.1184966081452439,-189.15780070361174
4123303,2022,1510.5150684931798,3634.842979628189,2124.3279111350093,2124.3279111350093,-1.1184966081452439,-189.15780070361174
4123303,2023,2416.3826484018364,2557.1856636531556,140.80301525131927,140.80301525131927,-1.1184966081452439,-189.15780070361174
4123303,2024,2000.0,2531.074717372344,531.0747173723439,531.0747173723439,-1.1184966081452439,-189.15780070361174
4116307,2015,2584.0000000001487,2200.2429864365304,-383.75701356361833,383.75701356361833,-1.1184966081452439,-189.15780070361174
4116307,2016,3090.2513661203584,2771.0161496103874,-319.235216509971,319.235216509971,-1.1184966081452439,-189.15780070361174
4116307,2017,3534.035616438478,3238.3885042594334,-295.6471121790446,295.6471121790446,-1.1184966081452439,-189.15780070361174
4116307,2018,3219.3917808220217,2788.6455076914726,-430.74627313054907,430.74627313054907,-1.1184966081452439,-189.15780070361174
4116307,2019,3286.1178082192637,2607.030703642562,-679.0871045767017,679.0871045767017,-1.1184966081452439,-189.15780070361174
4116307,2020,3168.1420765027997,2659.0158442357483,-509.12623226705136,509.12623226705136,-1.1184966081452439,-189.15780070361174
4116307,2021,2581.2136986301857,3517.4321568105215,936.2184581803358,936.2184581803358,-1.1184966081452439,-189.15780070361174
4116307,2022,3226.02191780825,3270.328612100538,44.306694292288284,44.306694292288284,-1.1184966081452439,-189.15780070361174
4116307,2023,3426.7205479452164,3318.9990234628403,-107.72152448237603,107.72152448237603,-1.1184966081452439,-189.15780070361174
4116307,2024,2850.0,3126.5177097285446,276.51770972854456,276.51770972854456,-1.1184966081452439,-189.15780070361174
4101606,2015,3703.266666666677,1001.0969416439317,-2702.1697250227453,2702.1697250227453,-1.1184966081452439,-189.15780070361174
4101606,2016,3998.605100182164,3051.182626985607,-947.4224731965569,947.4224731965569,-1.1184966081452439,-189.15780070361174
4101606,2017,4143.768584474901,3196.5482829129837,-947.2203015619175,947.2203015619175,-1.1184966081452439,-189.15780070361174
4101606,2018,3801.824292237451,3392.3546746033994,-409.4696176340517,409.4696176340517,-1.1184966081452439,-189.15780070361174
4101606,2019,3881.633424657543,2767.0022085199503,-1114.6312161375927,1114.6312161375927,-1.1184966081452439,-189.15780070361174
4101606,2020,4053.8378870674037,3464.8403405090107,-588.997546558393,588.997546558393,-1.1184966081452439,-189.15780070361174
4101606,2021,3990.6023744292256,3780.9783564601767,-209.62401796904896,209.62401796904896,-1.1184966081452439,-189.15780070361174
4101606,2022,4099.422465753428,3131.6639646259237,-967.7585011275041,967.7585011275041,-1.1184966081452439,-189.15780070361174
4101606,2023,3930.779543378999,2728.993908636504,-1201.785634742495,1201.785634742495,-1.1184966081452439,-189.15780070361174
4101606,2024,3691.0,2979.325498196025,-711.6745018039751,711.6745018039751,-1.1184966081452439,-189.15780070361174
4101507,2015,2833.3333333334303,1883.074506397305,-950.2588269361254,950.2588269361254,-1.1184966081452439,-189.15780070361174
4101507,2016,3503.642987249646,3077.1296888641705,-426.51329838547554,426.51329838547554,-1.1184966081452439,-189.15780070361174
4101507,2017,3981.826484018362,3496.5863628680268,-485.2401211503352,485.2401211503352,-1.1184966081452439,-189.15780070361174
4101507,2018,3564.7488584475655,1399.7595374591795,-2164.9893209883858,2164.9893209883858,-1.1184966081452439,-189.15780070361174
4101507,2019,3602.1917808219764,2956.6561903517672,-645.5355904702092,645.5355904702092,-1.1184966081452439,-189.15780070361174
4101507,2020,3908.5610200364686,3004.979986602473,-903.5810334339953,903.5810334339953,-1.1184966081452439,-189.15780070361174
4101507,2021,3714.7488584475223,3882.675144233746,167.92628578622362,167.92628578622362,-1.1184966081452439,-189.15780070361174
4101507,2022,3651.369863013728,3634.780743060076,-16.58911995365179,16.58911995365179,-1.1184966081452439,-189.15780070361174
4101507,2023,3455.388127853891,1868.8226677529108,-1586.5654601009803,1586.5654601009803,-1.1184966081452439,-189.15780070361174
4101507,2024,3100.0,3637.7968713084006,537.7968713084006,537.7968713084006,-1.1184966081452439,-189.15780070361174
4103503,2015,2936.6666666667443,1960.468251654683,-976.1984150120613,976.1984150120613,-1.1184966081452439,-189.15780070361174
4103503,2016,3730.5646630237516,3119.71072909432,-610.8539339294316,610.8539339294316,-1.1184966081452439,-189.15780070361174
4103503,2017,4298.6461187215245,3490.8828420312,-807.7632766903243,807.7632766903243,-1.1184966081452439,-189.15780070361174
4103503,2018,3862.7716894977707,1362.7593372628737,-2500.0123522348968,2500.0123522348968,-1.1184966081452439,-189.15780070361174
4103503,2019,3885.719178082235,2932.2464285639926,-953.4727495182424,953.4727495182424,-1.1184966081452439,-189.15780070361174
4103503,2020,4082.6958105646963,2961.3297511646906,-1121.3660594000057,1121.3660594000057,-1.1184966081452439,-189.15780070361174
4103503,2021,3850.518264840207,4145.630207352963,295.1119425127563,295.1119425127563,-1.1184966081452439,-189.15780070361174
4103503,2022,3721.7397260274124,3560.3456761093717,-161.39404991804076,161.39404991804076,-1.1184966081452439,-189.15780070361174
4103503,2023,3689.67351598174,1495.2014744473029,-2194.4720415344373,2194.4720415344373,-1.1184966081452439,-189.15780070361174
4103503,2024,3600.0,3647.2321906150833,47.232190615083255,47.232190615083255,-1.1184966081452439,-189.15780070361174
4108908,2022,5000.0,3421.7287660030365,-1578.2712339969635,1578.2712339969635,-1.1184966081452439,-189.15780070361174
4108908,2023,4117.808219178082,3264.7086346457572,-853.099584532325,853.099584532325,-1.1184966081452439,-189.15780070361174
4108908,2024,3250.0,2992.857620302324,-257.142379697676,257.142379697676,-1.1184966081452439,-189.15780070361174
4109708,2015,2979.3333333334303,3017.046983837147,37.71365050371651,37.71365050371651,-1.1184966081452439,-189.15780070361174
4109708,2016,2968.063752276958,3016.7885552056696,48.7248029287116,48.7248029287116,-1.1184966081452439,-189.15780070361174
4109708,2017,2945.616210045741,3565.4780125205357,619.8618024747948,619.8618024747948,-1.1184966081452439,-189.15780070361174
4109708,2018,3507.9666666667326,1005.4651324045853,-2502.5015342621473,2502.5015342621473,-1.1184966081452439,-189.15780070361174
4109708,2019,3756.3006849315616,2924.0519693823912,-832.2487155491704,832.2487155491704,-1.1184966081452439,-189.15780070361174
4109708,2020,3247.883424408057,3200.2447724639396,-47.638651944117555,47.638651944117555,-1.1184966081452439,-189.15780070361174
4109708,2021,3411.4700913242314,3874.798493758817,463.32840243458577,463.32840243458577,-1.1184966081452439,-189.15780070361174
4109708,2022,3753.5328767123465,3282.8873346087057,-470.64554210364076,470.64554210364076,-1.1184966081452439,-189.15780070361174
4109708,2023,2979.9929223744352,2751.520361491524,-228.47256088291124,228.47256088291124,-1.1184966081452439,-189.15780070361174
4109708,2024,2230.0,2814.7658964048583,584.7658964048583,584.7658964048583,-1.1184966081452439,-189.15780070361174
4119707,2015,2434.466666666729,2610.3749678856684,175.9083012189394,175.9083012189394,-1.1184966081452439,-189.15780070361174
4119707,2016,2707.986520947235,2813.0639555134535,105.07743456621847,105.07743456621847,-1.1184966081452439,-189.15780070361174
4119707,2017,3092.9998173516487,2892.0128444886614,-200.9869728629874,200.9869728629874,-1.1184966081452439,-189.15780070361174
4119707,2018,2640.526757990911,1691.3502701331076,-949.1764878578033,949.1764878578033,-1.1184966081452439,-189.15780070361174
4119707,2019,2539.911232876748,2013.1105369679672,-526.8006959087807,526.8006959087807,-1.1184966081452439,-189.15780070361174
4119707,2020,2989.275045537369,2709.7384894546867,-279.5365560826822,279.5365560826822,-1.1184966081452439,-189.15780070361174
4119707,2021,2236.1815525114353,3321.5514851667026,1085.3699326552673,1085.3699326552673,-1.1184966081452439,-189.15780070361174
4119707,2022,2352.398904109601,2831.5808636917704,479.1819595821694,479.1819595821694,-1.1184966081452439,-189.15780070361174
4119707,2023,3047.2463926940686,2559.2891937395902,-487.9571989544784,487.9571989544784,-1.1184966081452439,-189.15780070361174
4119707,2024,2900.0,2984.2361754644953,84.23617546449532,84.23617546449532,-1.1184966081452439,-189.15780070361174
4123709,2015,2406.666666666773,2584.2888351843544,177.62216851758149,177.62216851758149,-1.1184966081452439,-189.15780070361174
4123709,2016,2462.8051001822514,2764.0578576450234,301.252757462772,301.252757462772,-1.1184966081452439,-189.15780070361174
4123709,2017,2776.2694063927865,2805.55233179283,29.282925400043496,29.282925400043496,-1.1184966081452439,-189.15780070361174
4123709,2018,2330.1278538813463,1796.7341289672975,-533.3937249140488,533.3937249140488,-1.1184966081452439,-189.15780070361174
4123709,2019,2101.2465753425095,2341.7111899730826,240.46461463057312,240.46461463057312,-1.1184966081452439,-189.15780070361174
4123709,2020,2609.47176684885,2664.2229276131497,54.751160764299584,54.751160764299584,-1.1184966081452439,-189.15780070361174
4123709,2021,1461.0182648402067,2999.222540840774,1538.2042760005672,1538.2042760005672,-1.1184966081452439,-189.15780070361174
4123709,2022,1694.0547945205628,3437.911471239613,1743.8566767190503,1743.8566767190503,-1.1184966081452439,-189.15780070361174
4123709,2023,3094.214611872151,2564.405444961596,-529.8091669105552,529.8091669105552,-1.1184966081452439,-189.15780070361174
4123709,2024,3100.0,2541.7198903881863,-558.2801096118137,558.2801096118137,-1.1184966081452439,-189.15780070361174
4128500,2015,2748.000000000204,769.3434098684334,-1978.6565901317708,1978.6565901317708,-1.1184966081452439,-189.15780070361174
4128500,2016,2990.0655737706807,3309.6486126725176,319.58303890183697,319.58303890183697,-1.1184966081452439,-189.15780070361174
4128500,2017,3270.584931507024,2498.665651960068,-771.9192795469562,771.9192795469562,-1.1184966081452439,-189.15780070361174
4128500,2018,3352.0849315070086,3390.4741214390647,38.38918993205607,38.38918993205607,-1.1184966081452439,-189.15780070361174
4128500,2019,3433.58493150698,2742.9514570196243,-690.6334744873557,690.6334744873557,-1.1184966081452439,-189.15780070361174
4128500,2020,3605.464480874419,3395.5698628823516,-209.89461799206765,209.89461799206765,-1.1184966081452439,-189.15780070361174
4128500,2021,3610.2287671233603,3853.0072992709247,242.77853214756442,242.77853214756442,-1.1184966081452439,-189.15780070361174
4128500,2022,3528.0849315068926,3116.8089315694747,-411.27599993741796,411.27599993741796,-1.1184966081452439,-189.15780070361174
4128500,2023,2939.119178082206,2731.4233965628523,-207.69578151935366,207.69578151935366,-1.1184966081452439,-189.15780070361174
4128500,2024,2320.0,3180.166981716284,860.1669817162842,860.1669817162842,-1.1184966081452439,-189.15780070361174
4122404,2015,3071.3333333334303,1799.2804975334668,-1272.0528357999635,1272.0528357999635,-1.1184966081452439,-189.15780070361174
4122404,2016,3560.156648451821,2431.424266599346,-1128.732381852475,1128.732381852475,-1.1184966081452439,-189.15780070361174
4122404,2017,3928.897716895056,3404.5410731415177,-524.3566437535383,524.3566437535383,-1.1184966081452439,-189.15780070361174
4122404,2018,3686.107762557144,2972.2521032595214,-713.8556592976224,713.8556592976224,-1.1184966081452439,-189.15780070361174
4122404,2019,3584.7150684932058,2504.6551659208667,-1080.059902572339,1080.059902572339,-1.1184966081452439,-189.15780070361174
4122404,2020,3586.7030965392046,3258.3474791463327,-328.35561739287186,328.35561739287186,-1.1184966081452439,-189.15780070361174
4122404,2021,3458.313242009163,3693.0592259353434,234.74598392618054,234.74598392618054,-1.1184966081452439,-189.15780070361174
4122404,2022,3669.057534246593,3302.2067330982372,-366.8508011483559,366.8508011483559,-1.1184966081452439,-189.15780070361174
4122404,2023,3661.2538812785447,3346.815279096219,-314.43860218232567,314.43860218232567,-1.1184966081452439,-189.15780070361174
4122404,2024,3350.0,3328.355753170048,-21.644246829951953,21.644246829951953,-1.1184966081452439,-189.15780070361174
4107900,2015,2364.600000000238,2928.9391618033824,564.3391618031442,564.3391618031442,-1.1184966081452439,-189.15780070361174
4107900,2016,2732.62513661224,3386.9000099441437,654.2748733319036,654.2748733319036,-1.1184966081452439,-189.15780070361174
4107900,2017,2960.061506849507,2369.2563678300726,-590.8051390194346,590.8051390194346,-1.1184966081452439,-189.15780070361174
4107900,2018,2487.4676712330424,1530.6817513111575,-956.7859199218849,956.7859199218849,-1.1184966081452439,-189.15780070361174
4107900,2019,2749.1204109590444,2442.9356784086626,-306.1847325503818,306.1847325503818,-1.1184966081452439,-189.15780070361174
4107900,2020,2971.3551912569437,2768.1291700195475,-203.22602123739625,203.22602123739625,-1.1184966081452439,-189.15780070361174
4107900,2021,1619.2752054795246,2853.134523390271,1233.8593179107465,1233.8593179107465,-1.1184966081452439,-189.15780070361174
4107900,2022,2378.0786301370335,3451.6608071463124,1073.582177009279,1073.582177009279,-1.1184966081452439,-189.15780070361174
4107900,2023,3336.868356164404,2566.9369466238563,-769.9314095405475,769.9314095405475,-1.1184966081452439,-189.15780070361174
4107900,2024,2600.0,2713.480157617693,113.48015761769284,113.48015761769284,-1.1184966081452439,-189.15780070361174
4125308,2015,2887.6666666667556,2980.030642711063,92.36397604430749,92.36397604430749,-1.1184966081452439,-189.15780070361174
4125308,2016,3271.586520947259,3031.1997130343925,-240.38680791286652,240.38680791286652,-1.1184966081452439,-189.15780070361174
4125308,2017,3584.622831050299,2271.608363303837,-1313.0144677464618,1313.0144677464618,-1.1184966081452439,-189.15780070361174
4125308,2018,3023.796347032024,1693.9078412733925,-1329.8885057586317,1329.8885057586317,-1.1184966081452439,-189.15780070361174
4125308,2019,2986.668493150736,2517.4998811610726,-469.16861198966353,469.16861198966353,-1.1184966081452439,-189.15780070361174
4125308,2020,3400.510018214976,3227.531907685406,-172.97811052956968,172.97811052956968,-1.1184966081452439,-189.15780070361174
4125308,2021,2309.6730593607585,3245.3905495946456,935.717490233887,935.717490233887,-1.1184966081452439,-189.15780070361174
4125308,2022,2875.128767123305,3463.59354545698,588.464778333675,588.464778333675,-1.1184966081452439,-189.15780070361174
4125308,2023,3824.491324200919,2521.1447715661366,-1303.3465526347823,1303.3465526347823,-1.1184966081452439,-189.15780070361174
4125308,2024,3200.0,2665.098186158187,-534.9018138418128,534.9018138418128,-1.1184966081452439,-189.15780070361174
4126900,2015,2528.8666666667855,2393.572327982928,-135.2943386838574,135.2943386838574,-1.1184966081452439,-189.15780070361174
4126900,2016,2470.9351548270743,2862.388021494302,391.4528666672277,391.4528666672277,-1.1184966081452439,-189.15780070361174
4126900,2017,2758.3266666667646,2815.2986255377937,56.971958871029074,56.971958871029074,-1.1184966081452439,-189.15780070361174
4126900,2018,2534.6960730594406,1789.520252647337,-745.1758204121036,745.1758204121036,-1.1184966081452439,-189.15780070361174
4126900,2019,2502.298356164444,2121.9591804014417,-380.33917576300246,380.33917576300246,-1.1184966081452439,-189.15780070361174
4126900,2020,3006.7723132969463,2691.0821374467655,-315.6901758501808,315.6901758501808,-1.1184966081452439,-189.15780070361174
4126900,2021,1679.831689497741,3289.228494948757,1609.396805451016,1609.396805451016,-1.1184966081452439,-189.15780070361174
4126900,2022,2163.872328767129,3632.804339455776,1468.9320106886466,1468.9320106886466,-1.1184966081452439,-189.15780070361174
4126900,2023,3204.817077625573,2503.4044809366346,-701.4125966889383,701.4125966889383,-1.1184966081452439,-189.15780070361174
4126900,2024,2505.0,3085.574493678628,580.5744936786282,580.5744936786282,-1.1184966081452439,-189.15780070361174
4116000,2015,1589.466666666893,2260.471227233812,671.004560566919,671.004560566919,-1.1184966081452439,-189.15780070361174
4116000,2016,2386.9591985430166,3234.437764442137,847.4785658991204,847.4785658991204,-1.1184966081452439,-189.15780070361174
4116000,2017,3007.5703652969883,3459.0605349217694,451.4901696247812,451.4901696247812,-1.1184966081452439,-189.15780070361174
4116000,2018,2351.256894977327,2730.4194523102797,379.1625573329525,379.1625573329525,-1.1184966081452439,-189.15780070361174
4116000,2019,2360.5872602741006,2590.8037804137302,230.21652013962967,230.21652013962967,-1.1184966081452439,-189.15780070361174
4116000,2020,2732.78324225875,2677.4782129574173,-55.305029301332524,55.305029301332524,-1.1184966081452439,-189.15780070361174
4116000,2021,2206.3192237443636,3515.2166190520193,1308.8973953076556,1308.8973953076556,-1.1184966081452439,-189.15780070361174
4116000,2022,2642.4139726027847,3306.8469536667785,664.4329810639938,664.4329810639938,-1.1184966081452439,-189.15780070361174
4116000,2023,2579.5525570776404,3293.228859505852,713.6763024282118,713.6763024282118,-1.1184966081452439,-189.15780070361174
4116000,2024,1700.0,3211.246976232753,1511.2469762327528,1511.2469762327528,-1.1184966081452439,-189.15780070361174
4109005,2015,3515.2666666666332,2366.8335659137997,-1148.4331007528335,1148.4331007528335,-1.1184966081452439,-189.15780070361174
4109005,2016,3854.3428051001524,2948.953709032081,-905.3890960680715,905.3890960680715,-1.1184966081452439,-189.15780070361174
4109005,2017,4140.061735159796,3500.857329525906,-639.2044056338896,639.2044056338896,-1.1184966081452439,-189.15780070361174
4109005,2018,3749.1448401826347,2706.65494203759,-1042.4898981450447,1042.4898981450447,-1.1184966081452439,-189.15780070361174
4109005,2019,3655.378630136966,3095.219209662209,-560.1594204747571,560.1594204747571,-1.1184966081452439,-189.15780070361174
4109005,2020,4020.5537340619035,3092.1320046100573,-928.4217294518462,928.4217294518462,-1.1184966081452439,-189.15780070361174
4109005,2021,4095.928401826465,3510.926493968323,-585.0019078581417,585.0019078581417,-1.1184966081452439,-189.15780070361174
4109005,2022,3906.655342465742,3929.967411407915,23.312068942173028,23.312068942173028,-1.1184966081452439,-189.15780070361174
4109005,2023,3718.861735159813,1823.4863041792228,-1895.3754309805904,1895.3754309805904,-1.1184966081452439,-189.15780070361174
4109005,2024,3670.0,3574.697042424171,-95.30295757582917,95.30295757582917,-1.1184966081452439,-189.15780070361174
4117107,2015,2008.6666666668025,2675.0859861494723,666.4193194826698,666.4193194826698,-1.1184966081452439,-189.15780070361174
4117107,2016,2126.641165756036,2613.804289892184,487.16312413614787,487.16312413614787,-1.1184966081452439,-189.15780070361174
4117107,2017,2310.2118721462257,2024.414512325643,-285.79735982058264,285.79735982058264,-1.1184966081452439,-189.15780070361174
4117107,2018,1841.979908675896,1684.8596409809038,-157.1202676949922,157.1202676949922,-1.1184966081452439,-189.15780070361174
4117107,2019,1889.6712328767703,2445.070878806907,555.3996459301366,555.3996459301366,-1.1184966081452439,-189.15780070361174
4117107,2020,2421.4936247723617,2806.6915564842484,385.19793171188667,385.19793171188667,-1.1184966081452439,-189.15780070361174
4117107,2021,1349.8538812785775,3290.6031619062614,1940.749280627684,1940.749280627684,-1.1184966081452439,-189.15780070361174
4117107,2022,1605.4246575342465,2977.852562437184,1372.4279049029376,1372.4279049029376,-1.1184966081452439,-189.15780070361174
4117107,2023,2579.3515981735063,2795.3730493263456,216.0214511528393,216.0214511528393,-1.1184966081452439,-189.15780070361174
4117107,2024,2300.0,2445.1423665703423,145.14236657034235,145.14236657034235,-1.1184966081452439,-189.15780070361174
4123204,2015,2513.6000000001513,2402.0828968945934,-111.51710310555791,111.51710310555791,-1.1184966081452439,-189.15780070361174
4123204,2016,2985.313661202332,3670.3564688497545,685.0428076474227,685.0428076474227,-1.1184966081452439,-189.15780070361174
4123204,2017,3198.988219178209,3474.95600076809,275.9677815898808,275.9677815898808,-1.1184966081452439,-189.15780070361174
4123204,2018,2697.28821917819,2883.3587944187643,186.07057524057427,186.07057524057427,-1.1184966081452439,-189.15780070361174
4123204,2019,2891.2594520548832,3100.023169404245,208.76371734936174,208.76371734936174,-1.1184966081452439,-189.15780070361174
4123204,2020,3346.054644808813,3187.329725418658,-158.7249193901548,158.7249193901548,-1.1184966081452439,-189.15780070361174
4123204,2021,3384.407397260324,3674.1060589746626,289.6986617143384,289.6986617143384,-1.1184966081452439,-189.15780070361174
4123204,2022,3540.6690410959222,3383.6786980356596,-156.9903430602626,156.9903430602626,-1.1184966081452439,-189.15780070361174
4123204,2023,2775.511506849328,2963.0994881568354,187.58798130750756,187.58798130750756,-1.1184966081452439,-189.15780070361174
4123204,2024,1890.0,3604.040570258964,1714.0405702589642,1714.0405702589642,-1.1184966081452439,-189.15780070361174
4111555,2015,2186.200000000128,2405.580272285904,219.38027228577585,219.38027228577585,-1.1184966081452439,-189.15780070361174
4111555,2016,1992.698360655854,2969.484358575065,976.785997919211,976.785997919211,-1.1184966081452439,-189.15780070361174
4111555,2017,2161.284657534354,2669.6007470481904,508.31608951383623,508.31608951383623,-1.1184966081452439,-189.15780070361174
4111555,2018,2018.3983561644825,1820.7394308677394,-197.65892529674306,197.65892529674306,-1.1184966081452439,-189.15780070361174
4111555,2019,2141.035342465829,2101.7765684993633,-39.258773966465924,39.258773966465924,-1.1184966081452439,-189.15780070361174
4111555,2020,2699.9180327869376,2820.7644235244543,120.84639073751669,120.84639073751669,-1.1184966081452439,-189.15780070361174
4111555,2021,1404.533972602769,3217.849122477704,1813.315149874935,1813.315149874935,-1.1184966081452439,-189.15780070361174
4111555,2022,1716.4421917808424,3607.655879744077,1891.2136879632346,1891.2136879632346,-1.1184966081452439,-189.15780070361174
4111555,2023,2612.870958904121,2528.5502032077015,-84.32075569641938,84.32075569641938,-1.1184966081452439,-189.15780070361174
4111555,2024,2000.0,2487.1589229459137,487.1589229459137,487.1589229459137,-1.1184966081452439,-189.15780070361174
4100608,2015,2053.9333333334434,2574.3790694010686,520.4457360676251,520.4457360676251,-1.1184966081452439,-189.15780070361174
4100608,2016,2446.0058287797015,2756.960930432623,310.9551016529217,310.9551016529217,-1.1184966081452439,-189.15780070361174
4100608,2017,2753.604429223833,3104.300218044292,350.6957888204588,350.6957888204588,-1.1184966081452439,-189.15780070361174
4100608,2018,2130.7069406393457,2651.718162315755,521.0112216764091,521.0112216764091,-1.1184966081452439,-189.15780070361174
4100608,2019,2135.9300000000635,2003.3026946389468,-132.62730536111667,132.62730536111667,-1.1184966081452439,-189.15780070361174
4100608,2020,2702.5992714026006,2807.083794388649,104.48452298604843,104.48452298604843,-1.1184966081452439,-189.15780070361174
4100608,2021,2023.4720091324577,3399.7698276417495,1376.2978185092918,1376.2978185092918,-1.1184966081452439,-189.15780070361174
4100608,2022,2394.4238356164633,3258.625835288059,864.2019996715958,864.2019996715958,-1.1184966081452439,-189.15780070361174
4100608,2023,2710.5290867579993,3281.0298363340316,570.5007495760324,570.5007495760324,-1.1184966081452439,-189.15780070361174
4100608,2024,1983.0,2961.5391549502556,978.5391549502556,978.5391549502556,-1.1184966081452439,-189.15780070361174
4107009,2015,2682.133333333491,1156.077092452387,-1526.056240881104,1526.056240881104,-1.1184966081452439,-189.15780070361174
4107009,2016,3110.5785063753733,3341.863084670645,231.28457829527179,231.28457829527179,-1.1184966081452439,-189.15780070361174
4107009,2017,3762.3418264841457,2953.608566543518,-808.7332599406277,808.7332599406277,-1.1184966081452439,-189.15780070361174
4107009,2018,3962.5203652969135,3875.7259957975302,-86.79436949938327,86.79436949938327,-1.1184966081452439,-189.15780070361174
4107009,2019,3763.5208219179003,2791.407779544016,-972.1130423738841,972.1130423738841,-1.1184966081452439,-189.15780070361174
4107009,2020,3851.599271402624,3566.8018481322974,-284.79742327032636,284.79742327032636,-1.1184966081452439,-189.15780070361174
4107009,2021,3961.2094063927425,3855.7314354026935,-105.47797099004902,105.47797099004902,-1.1184966081452439,-189.15780070361174
4107009,2022,3791.4536986301678,2949.9598386348453,-841.4938599953225,841.4938599953225,-1.1184966081452439,-189.15780070361174
4107009,2023,3153.878812785401,2026.6142950873686,-1127.2645176980323,1127.2645176980323,-1.1184966081452439,-189.15780070361174
4107009,2024,2550.0,3027.3826681177065,477.38266811770654,477.38266811770654,-1.1184966081452439,-189.15780070361174
4126678,2015,3344.0000000000286,1241.729047081855,-2102.270952918174,2102.270952918174,-1.1184966081452439,-189.15780070361174
4126678,2016,3695.6612021858177,3115.0852639196205,-580.5759382661972,580.5759382661972,-1.1184966081452439,-189.15780070361174
4126678,2017,3806.316438356186,3813.1676571893004,6.851218833114217,6.851218833114217,-1.1184966081452439,-189.15780070361174
4126678,2018,3396.3095890411137,3611.0276182695634,214.71802922844972,214.71802922844972,-1.1184966081452439,-189.15780070361174
4126678,2019,3454.1383561643975,3365.0082276193134,-89.13012854508406,89.13012854508406,-1.1184966081452439,-189.15780070361174
4126678,2020,3711.912568306022,3527.52253220754,-184.39003609848214,184.39003609848214,-1.1184966081452439,-189.15780070361174
4126678,2021,3770.4863013698705,4056.491037911761,286.00473654189045,286.00473654189045,-1.1184966081452439,-189.15780070361174
4126678,2022,3788.6657534246615,3314.1597732524547,-474.5059801722068,474.5059801722068,-1.1184966081452439,-189.15780070361174
4126678,2023,3537.2835616438356,3112.2153477569545,-425.06821388688104,425.06821388688104,-1.1184966081452439,-189.15780070361174
4126678,2024,3300.0,3116.490023104062,-183.50997689593805,183.50997689593805,-1.1184966081452439,-189.15780070361174
4113403,2015,2169.600000000238,2207.834311798478,38.234311798240014,38.234311798240014,-1.1184966081452439,-189.15780070361174
4113403,2016,2489.4885245903824,2886.868824960211,397.38030036982855,397.38030036982855,-1.1184966081452439,-189.15780070361174
4113403,2017,2703.2128767125205,3008.6640833563215,305.451206643801,305.451206643801,-1.1184966081452439,-189.15780070361174
4113403,2018,2499.5128767124943,1783.966594654825,-715.5462820576693,715.5462820576693,-1.1184966081452439,-189.15780070361174
4113403,2019,2628.525205479577,2560.8254620084863,-67.69974347109064,67.69974347109064,-1.1184966081452439,-189.15780070361174
4113403,2020,2903.2131147541977,2555.545661783376,-347.6674529708216,347.6674529708216,-1.1184966081452439,-189.15780070361174
4113403,2021,2303.9745205480176,2922.747899879276,618.7733793312582,618.7733793312582,-1.1184966081452439,-189.15780070361174
4113403,2022,2650.5649315068963,3002.2330730996405,351.6681415927442,351.6681415927442,-1.1184966081452439,-189.15780070361174
4113403,2023,2746.749863013719,2663.0359553916583,-83.71390762206056,83.71390762206056,-1.1184966081452439,-189.15780070361174
4113403,2024,1890.0,2979.6603559730256,1089.6603559730256,1089.6603559730256,-1.1184966081452439,-189.15780070361174
4124509,2015,1952.0000000001746,2530.6600428100196,578.660042809845,578.660042809845,-1.1184966081452439,-189.15780070361174
4124509,2016,2083.8415300548195,3143.728167465476,1059.8866374106565,1059.8866374106565,-1.1184966081452439,-189.15780070361174
4124509,2017,2296.0417808220927,3147.771439824197,851.7296590021042,851.7296590021042,-1.1184966081452439,-189.15780070361174
4124509,2018,1669.3602739727482,1816.076005950849,146.71573197810085,146.71573197810085,-1.1184966081452439,-189.15780070361174
4124509,2019,1817.7554794521711,1835.4616206360652,17.706141183894033,17.706141183894033,-1.1184966081452439,-189.15780070361174
4124509,2020,2580.25683060118,2961.0669986892894,380.81016808810955,380.81016808810955,-1.1184966081452439,-189.15780070361174
4124509,2021,1738.0554794521129,2904.013806399711,1165.9583269475982,1165.9583269475982,-1.1184966081452439,-189.15780070361174
4124509,2022,2317.565753424686,3290.3675842532357,972.8018308285496,972.8018308285496,-1.1184966081452439,-189.15780070361174
4124509,2023,2408.8568493150683,2538.165034144372,129.30818482930363,129.30818482930363,-1.1184966081452439,-189.15780070361174
4124509,2024,1200.0,2797.7430966660545,1597.7430966660545,1597.7430966660545,-1.1184966081452439,-189.15780070361174
4106852,2015,2561.6000000001086,1774.8765664584043,-786.7234335417043,786.7234335417043,-1.1184966081452439,-189.15780070361174
4106852,2016,2564.0131147542006,2359.5902107004695,-204.42290405373114,204.42290405373114,-1.1184966081452439,-189.15780070361174
4106852,2017,2568.8197260274865,3583.5653280393653,1014.7456020118789,1014.7456020118789,-1.1184966081452439,-189.15780070361174
4106852,2018,2640.666301369939,3098.7514004963896,458.0850991264506,458.0850991264506,-1.1184966081452439,-189.15780070361174
4106852,2019,3583.5293150685543,2916.5203547638466,-667.0089603047077,667.0089603047077,-1.1184966081452439,-189.15780070361174
4106852,2020,3517.1639344262767,3080.681197622967,-436.48273680330976,436.48273680330976,-1.1184966081452439,-189.15780070361174
4106852,2021,2409.44164383565,2971.5677557081817,562.1261118725315,562.1261118725315,-1.1184966081452439,-189.15780070361174
4106852,2022,2419.918356164403,3439.2712138698535,1019.3528577054503,1019.3528577054503,-1.1184966081452439,-189.15780070361174
4106852,2023,2671.5594520548007,3089.8894920594958,418.3300400046951,418.3300400046951,-1.1184966081452439,-189.15780070361174
4106852,2024,2727.0,3423.777537337001,696.7775373370009,696.7775373370009,-1.1184966081452439,-189.15780070361174
4126256,2015,2277.3333333335763,1932.0192769769112,-345.3140563566651,345.3140563566651,-1.1184966081452439,-189.15780070361174
4126256,2016,2985.724954462891,2779.5730342637994,-206.15192019909182,206.15192019909182,-1.1184966081452439,-189.15780070361174
4126256,2017,3522.118949771895,3248.829728233611,-273.289221538284,273.289221538284,-1.1184966081452439,-189.15780070361174
4126256,2018,3095.3803652969755,2794.838728524839,-300.54163677213637,300.54163677213637,-1.1184966081452439,-189.15780070361174
4126256,2019,3116.4226027398645,2569.7364211758836,-546.6861815639809,546.6861815639809,-1.1184966081452439,-189.15780070361174
4126256,2020,3342.932604735988,2532.523954764446,-810.4086499715422,810.4086499715422,-1.1184966081452439,-189.15780070361174
4126256,2021,2127.794748858518,3235.3554246531676,1107.5606757946498,1107.5606757946498,-1.1184966081452439,-189.15780070361174
4126256,2022,2581.9191780822352,3264.672973687328,682.7537956050928,682.7537956050928,-1.1184966081452439,-189.15780070361174
4126256,2023,3573.207990867597,3318.5383541316587,-254.66963673593818,254.66963673593818,-1.1184966081452439,-189.15780070361174
4126256,2024,3000.0,3234.8183635243695,234.8183635243695,234.8183635243695,-1.1184966081452439,-189.15780070361174
4113106,2015,2018.4000000002561,2331.606036543252,313.20603654299566,313.20603654299566,-1.1184966081452439,-189.15780070361174
4113106,2016,2724.3366120220976,3315.4319615847403,591.0953495626427,591.0953495626427,-1.1184966081452439,-189.15780070361174
4113106,2017,3299.6980821919883,3288.533913884018,-11.164168307970158,11.164168307970158,-1.1184966081452439,-189.15780070361174
4113106,2018,3088.161095890587,2590.842240190613,-497.31885569997394,497.31885569997394,-1.1184966081452439,-189.15780070361174
4113106,2019,3160.4158904111027,1726.1676156661438,-1434.248274744959,1434.248274744959,-1.1184966081452439,-189.15780070361174
4113106,2020,3198.6448087432814,2883.766972949785,-314.87783579349616,314.87783579349616,-1.1184966081452439,-189.15780070361174
4113106,2021,2192.2679452055595,3350.2311931540303,1157.9632479484708,1157.9632479484708,-1.1184966081452439,-189.15780070361174
4113106,2022,2499.3172602740206,3084.4610491830213,585.1437889090007,585.1437889090007,-1.1184966081452439,-189.15780070361174
4113106,2023,3201.161095890427,2423.6063439482123,-777.5547519422148,777.5547519422148,-1.1184966081452439,-189.15780070361174
4113106,2024,2750.0,2852.650977433426,102.65097743342585,102.65097743342585,-1.1184966081452439,-189.15780070361174
4127304,2015,2040.133333333506,2652.3372502629213,612.2039169294153,612.2039169294153,-1.1184966081452439,-189.15780070361174
4127304,2016,2100.4528233152782,2704.12618228042,603.6733589651417,603.6733589651417,-1.1184966081452439,-189.15780070361174
4127304,2017,2220.6014155252487,3039.7477945244873,819.1463789992386,819.1463789992386,-1.1184966081452439,-189.15780070361174
4127304,2018,2239.258721461297,1716.258067074937,-523.0006543863599,523.0006543863599,-1.1184966081452439,-189.15780070361174
4127304,2019,2360.8941095891255,2393.584973543828,32.69086395470231,32.69086395470231,-1.1184966081452439,-189.15780070361174
4127304,2020,2580.3861566485107,2988.814913438052,408.42875678954124,408.42875678954124,-1.1184966081452439,-189.15780070361174
4127304,2021,1490.671735159851,3466.070167505613,1975.3984323457619,1975.3984323457619,-1.1184966081452439,-189.15780070361174
4127304,2022,1630.3810958904196,2851.692303183742,1221.3112072933222,1221.3112072933222,-1.1184966081452439,-189.15780070361174
4127304,2023,2612.8301826484,2719.726628076884,106.89644542848418,106.89644542848418,-1.1184966081452439,-189.15780070361174
4127304,2024,2350.0,3010.464386428304,660.4643864283039,660.4643864283039,-1.1184966081452439,-189.15780070361174
4126405,2015,2231.466666666849,2470.8071088346674,239.3404421678183,239.3404421678183,-1.1184966081452439,-189.15780070361174
4126405,2016,2521.0739526413404,3032.314514023045,511.24056138170454,511.24056138170454,-1.1184966081452439,-189.15780070361174
4126405,2017,2704.7285844750445,3047.106137821959,342.3775533469143,342.3775533469143,-1.1184966081452439,-189.15780070361174
4126405,2018,2500.795251141681,1641.2450599784738,-859.5501911632073,859.5501911632073,-1.1184966081452439,-189.15780070361174
4126405,2019,2690.0673972603727,1858.3381817510854,-831.7292155092873,831.7292155092873,-1.1184966081452439,-189.15780070361174
4126405,2020,3024.0291438980794,2905.6374371658644,-118.39170673221497,118.39170673221497,-1.1184966081452439,-189.15780070361174
4126405,2021,2397.839086758044,2596.6932315707595,198.85414481271573,198.85414481271573,-1.1184966081452439,-189.15780070361174
4126405,2022,2684.1386301370094,3084.7628366902954,400.62420655328606,400.62420655328606,-1.1184966081452439,-189.15780070361174
4126405,2023,2746.865570776263,2540.11624971022,-206.7493210660432,206.7493210660432,-1.1184966081452439,-189.15780070361174
4126405,2024,1890.0,3003.580623113428,1113.580623113428,1113.580623113428,-1.1184966081452439,-189.15780070361174
4114203,2015,2177.333333333605,2091.936374056611,-85.39695927699404,85.39695927699404,-1.1184966081452439,-189.15780070361174
4114203,2016,2750.61566484542,2544.6891012668775,-205.9265635785423,205.9265635785423,-1.1184966081452439,-189.15780070361174
4114203,2017,3262.3826484020406,3490.005614531045,227.62296612900445,227.62296612900445,-1.1184966081452439,-189.15780070361174
4114203,2018,2940.9899543380784,2766.863871045635,-174.12608329244358,174.12608329244358,-1.1184966081452439,-189.15780070361174
4114203,2019,2960.802739726173,2586.6046098272986,-374.1981298988744,374.1981298988744,-1.1184966081452439,-189.15780070361174
4114203,2020,3163.4244080146836,2542.0315466551147,-621.392861359569,621.392861359569,-1.1184966081452439,-189.15780070361174
4114203,2021,2348.126940639347,3498.1545515330104,1150.0276108936632,1150.0276108936632,-1.1184966081452439,-189.15780070361174
4114203,2022,2723.501369863057,3200.3258166146,476.8244467515433,476.8244467515433,-1.1184966081452439,-189.15780070361174
4114203,2023,3149.451141552521,3313.545364121424,164.09422256890275,164.09422256890275,-1.1184966081452439,-189.15780070361174
4114203,2024,2500.0,3378.2529490346233,878.2529490346233,878.2529490346233,-1.1184966081452439,-189.15780070361174
4103602,2015,4001.3999999998487,2644.969270127563,-1356.4307298722856,1356.4307298722856,-1.1184966081452439,-189.15780070361174
4103602,2016,3531.9486338796355,3486.2335877815867,-45.71504609804879,45.71504609804879,-1.1184966081452439,-189.15780070361174
4103602,2017,3723.043287671099,2881.2069312780354,-841.8363563930634,841.8363563930634,-1.1184966081452439,-189.15780070361174
4103602,2018,3982.7610958903033,1350.159844989844,-2632.6012509004595,2632.6012509004595,-1.1184966081452439,-189.15780070361174
4103602,2019,3787.092602739645,2671.3599243705066,-1115.7326783691383,1115.7326783691383,-1.1184966081452439,-189.15780070361174
4103602,2020,4149.792349726706,3172.7640582621966,-977.028291464509,977.028291464509,-1.1184966081452439,-189.15780070361174
4103602,2021,4079.958356164326,2702.1147968395053,-1377.8435593248205,1377.8435593248205,-1.1184966081452439,-189.15780070361174
4103602,2022,3774.719999999953,3155.9877111898736,-618.7322888100794,618.7322888100794,-1.1184966081452439,-189.15780070361174
4103602,2023,3657.9199999999796,2864.971596183118,-792.9484038168616,792.9484038168616,-1.1184966081452439,-189.15780070361174
4103602,2024,3600.0,2997.7656068770543,-602.2343931229457,602.2343931229457,-1.1184966081452439,-189.15780070361174
4113700,2015,3215.4666666666744,2086.680194895322,-1128.7864717713524,1128.7864717713524,-1.1184966081452439,-189.15780070361174
4113700,2016,3657.527504553748,3525.9257001199653,-131.6018044337825,131.6018044337825,-1.1184966081452439,-189.15780070361174
4113700,2017,3958.329269406406,3251.836495263031,-706.4927741433753,706.4927741433753,-1.1184966081452439,-189.15780070361174
4113700,2018,3700.248675799099,2140.26446654925,-1559.9842092498493,1559.9842092498493,-1.1184966081452439,-189.15780070361174
4113700,2019,3782.2365753424774,1808.2423161570714,-1973.994259185406,1973.994259185406,-1.1184966081452439,-189.15780070361174
4113700,2020,3846.6520947176796,3291.976359373341,-554.6757353443386,554.6757353443386,-1.1184966081452439,-189.15780070361174
4113700,2021,3647.683607305946,3195.3438710212363,-452.33973628470994,452.33973628470994,-1.1184966081452439,-189.15780070361174
4113700,2022,3708.5372602739817,3158.8594936802792,-549.6777665937025,549.6777665937025,-1.1184966081452439,-189.15780070361174
4113700,2023,3663.9826940639346,2572.1133515270826,-1091.869342536852,1091.869342536852,-1.1184966081452439,-189.15780070361174
4113700,2024,3500.0,3175.4423212863708,-324.55767871362923,324.55767871362923,-1.1184966081452439,-189.15780070361174
4113429,2015,2132.2666666669097,1836.279981995893,-295.98668467101675,295.98668467101675,-1.1184966081452439,-189.15780070361174
4113429,2016,2614.118761384568,2580.2833996545933,-33.83536172997492,33.83536172997492,-1.1184966081452439,-189.15780070361174
4113429,2017,3120.206940639473,3299.2118015735127,179.0048609340397,179.0048609340397,-1.1184966081452439,-189.15780070361174
4113429,2018,2914.0160730595285,2964.739512066229,50.72343900670057,50.72343900670057,-1.1184966081452439,-189.15780070361174
4113429,2019,3460.7430136987696,1685.5852912306482,-1775.1577224681214,1775.1577224681214,-1.1184966081452439,-189.15780070361174
4113429,2020,3644.2040072860855,2315.36278387857,-1328.8412234075154,1328.8412234075154,-1.1184966081452439,-189.15780070361174
4113429,2021,2337.372237442997,3268.9856122064657,931.6133747634685,931.6133747634685,-1.1184966081452439,-189.15780070361174
4113429,2022,2365.392328767162,3027.3259529350294,661.9336241678675,661.9336241678675,-1.1184966081452439,-189.15780070361174
4113429,2023,2946.00694063928,2327.046437150839,-618.9605034884407,618.9605034884407,-1.1184966081452439,-189.15780070361174
4113429,2024,2794.0,3149.5417003039297,355.5417003039297,355.5417003039297,-1.1184966081452439,-189.15780070361174
4111001,2015,2374.733333333483,2191.3500823536697,-183.3832509798135,183.3832509798135,-1.1184966081452439,-189.15780070361174
4111001,2016,2367.8375227688157,3115.70497496079,747.8674521919743,747.8674521919743,-1.1184966081452439,-189.15780070361174
4111001,2017,2428.206073059484,3014.6740793492386,586.4680062897546,586.4680062897546,-1.1184966081452439,-189.15780070361174
4111001,2018,2365.3907762558083,1859.0396512973941,-506.3511249584142,506.3511249584142,-1.1184966081452439,-189.15780070361174
4111001,2019,2533.1261643836397,1924.3556492457465,-608.7705151378932,608.7705151378932,-1.1184966081452439,-189.15780070361174
4111001,2020,2875.2932604736443,2612.2655853844694,-263.02767508917486,263.02767508917486,-1.1184966081452439,-189.15780070361174
4111001,2021,2141.3859817351936,2214.1628625859366,72.77688085074305,72.77688085074305,-1.1184966081452439,-189.15780070361174
4111001,2022,2498.285753424669,2830.728104913086,332.442351488417,332.442351488417,-1.1184966081452439,-189.15780070361174
4111001,2023,2712.040319634707,2780.537892608653,68.49757297394581,68.49757297394581,-1.1184966081452439,-189.15780070361174
4111001,2024,1829.0,3029.34928376616,1200.3492837661602,1200.3492837661602,-1.1184966081452439,-189.15780070361174
4101853,2015,2003.333333333612,2141.138619122591,137.80528578897906,137.80528578897906,-1.1184966081452439,-189.15780070361174
4101853,2016,2656.0473588345058,2997.4723312621927,341.42497242768695,341.42497242768695,-1.1184966081452439,-189.15780070361174
4101853,2017,3366.3607305938353,2975.433002733269,-390.9277278605664,390.9277278605664,-1.1184966081452439,-189.15780070361174
4101853,2018,3172.0639269408325,1553.5887811498355,-1618.475145790997,1618.475145790997,-1.1184966081452439,-189.15780070361174
4101853,2019,3639.3780821919404,2954.618328512674,-684.7597536792664,684.7597536792664,-1.1184966081452439,-189.15780070361174
4101853,2020,3758.6265938070483,3058.9685098967107,-699.6580839103376,699.6580839103376,-1.1184966081452439,-189.15780070361174
4101853,2021,2372.6255707763476,3307.0163693494046,934.390798573057,934.390798573057,-1.1184966081452439,-189.15780070361174
4101853,2022,2373.945205479506,3836.051565129465,1462.106359649959,1462.106359649959,-1.1184966081452439,-189.15780070361174
4101853,2023,3062.6073059360897,1727.8588583986773,-1334.7484475374124,1334.7484475374124,-1.1184966081452439,-189.15780070361174
4101853,2024,2975.0,3516.587079857697,541.5870798576971,541.5870798576971,-1.1184966081452439,-189.15780070361174
4117271,2015,3333.333333333372,2891.6322940596783,-441.7010392736938,441.7010392736938,-1.1184966081452439,-189.15780070361174
4117271,2016,3252.0582877960287,2516.4041156174135,-735.6541721786152,735.6541721786152,-1.1184966081452439,-189.15780070361174
4117271,2017,3564.031963470351,3429.1089613895774,-134.92300208077359,134.92300208077359,-1.1184966081452439,-189.15780070361174
4117271,2018,3878.584474885872,3062.1247228830316,-816.4597520028406,816.4597520028406,-1.1184966081452439,-189.15780070361174
4117271,2019,3710.2000000000216,3130.49755805701,-579.7024419430118,579.7024419430118,-1.1184966081452439,-189.15780070361174
4117271,2020,3543.9544626593974,2895.842655408449,-648.1118072509485,648.1118072509485,-1.1184966081452439,-189.15780070361174
4117271,2021,3161.611872146131,3539.482594093002,377.8707219468706,377.8707219468706,-1.1184966081452439,-189.15780070361174
4117271,2022,3427.1780821917887,3661.916513125013,234.7384309332242,234.7384309332242,-1.1184966081452439,-189.15780070361174
4117271,2023,3668.1963470319656,2200.991351296008,-1467.2049957359577,1467.2049957359577,-1.1184966081452439,-189.15780070361174
4117271,2024,3350.0,3369.5424765490297,19.542476549029743,19.542476549029743,-1.1184966081452439,-189.15780070361174
4121109,2015,2721.200000000128,2142.292913269101,-578.907086731027,578.907086731027,-1.1184966081452439,-189.15780070361174
4121109,2016,3014.8459016394604,3366.213088345814,351.36718670635355,351.36718670635355,-1.1184966081452439,-189.15780070361174
4121109,2017,3198.9832876713335,3086.888852515244,-112.09443515608973,112.09443515608973,-1.1184966081452439,-189.15780070361174
4121109,2018,2638.231232876796,2828.040780605351,189.80954772855466,189.80954772855466,-1.1184966081452439,-189.15780070361174
4121109,2019,2815.654520548014,1763.0596334629543,-1052.5948870850596,1052.5948870850596,-1.1184966081452439,-189.15780070361174
4121109,2020,3251.672131147601,2416.7047336950864,-834.9673974525144,834.9673974525144,-1.1184966081452439,-189.15780070361174
4121109,2021,2237.9367123288107,3197.160493002338,959.2237806735275,959.2237806735275,-1.1184966081452439,-189.15780070361174
4121109,2022,2798.118904109617,3449.6042357715683,651.4853316619515,651.4853316619515,-1.1184966081452439,-189.15780070361174
4121109,2023,3422.9586301369977,2375.149567503259,-1047.809062633739,1047.809062633739,-1.1184966081452439,-189.15780070361174
4121109,2024,2700.0,2792.8188986374385,92.81889863743845,92.81889863743845,-1.1184966081452439,-189.15780070361174
4105607,2015,2028.133333333477,2402.155157354542,374.0218240210652,374.0218240210652,-1.1184966081452439,-189.15780070361174
4105607,2016,2001.2287795994168,2838.836526145651,837.6077465462342,837.6077465462342,-1.1184966081452439,-189.15780070361174
4105607,2017,2300.515114155371,2821.6447444158084,521.1296302604374,521.1296302604374,-1.1184966081452439,-189.15780070361174
4105607,2018,1989.1902283105974,1748.0223874783812,-241.16784083221614,241.16784083221614,-1.1184966081452439,-189.15780070361174
4105607,2019,1895.1256164384554,2003.01675865549,107.89114221703471,107.89114221703471,-1.1184966081452439,-189.15780070361174
4105607,2020,2085.5227686703834,2627.5358130104582,542.0130443400749,542.0130443400749,-1.1184966081452439,-189.15780070361174
4105607,2021,1229.46214611877,3215.411809376656,1985.949663257886,1985.949663257886,-1.1184966081452439,-189.15780070361174
4105607,2022,1553.6769863014224,3419.260873676473,1865.5838873750504,1865.5838873750504,-1.1184966081452439,-189.15780070361174
4105607,2023,2483.0452511415792,2492.366495441248,9.321244299668706,9.321244299668706,-1.1184966081452439,-189.15780070361174
4105607,2024,2578.0,3018.509478664675,440.50947866467504,440.50947866467504,-1.1184966081452439,-189.15780070361174
4114104,2015,2546.400000000184,2430.1329051055122,-116.26709489467157,116.26709489467157,-1.1184966081452439,-189.15780070361174
4114104,2016,2892.2546448089174,3068.727403083615,176.47275827469775,176.47275827469775,-1.1184966081452439,-189.15780070361174
4114104,2017,3203.0700000001502,3261.457382040921,58.38738204077072,58.38738204077072,-1.1184966081452439,-189.15780070361174
4114104,2018,3226.7186301371116,2472.8873291963805,-753.8313009407311,753.8313009407311,-1.1184966081452439,-189.15780070361174
4114104,2019,3238.8878082192855,1886.7622442171635,-1352.125564002122,1352.125564002122,-1.1184966081452439,-189.15780070361174
4114104,2020,2965.912568306094,2555.3198890847866,-410.5926792213072,410.5926792213072,-1.1184966081452439,-189.15780070361174
4114104,2021,2074.733013698688,3415.2054504123657,1340.4724367136778,1340.4724367136778,-1.1184966081452439,-189.15780070361174
4114104,2022,2724.173424657575,3525.1260997033132,800.952675045738,800.952675045738,-1.1184966081452439,-189.15780070361174
4114104,2023,3487.320684931523,3290.227658527903,-197.09302640362012,197.09302640362012,-1.1184966081452439,-189.15780070361174
4114104,2024,2980.0,3312.284734766332,332.2847347663319,332.2847347663319,-1.1184966081452439,-189.15780070361174
4103206,2015,2548.6666666668393,2275.4364513280666,-273.2302153387727,273.2302153387727,-1.1184966081452439,-189.15780070361174
4103206,2016,3033.2586520948776,3477.0067362182394,443.7480841233619,443.7480841233619,-1.1184966081452439,-189.15780070361174
4103206,2017,3449.0235159818744,3297.275722800694,-151.74779318118044,151.74779318118044,-1.1184966081452439,-189.15780070361174
4103206,2018,3244.8031963471503,2652.0825993095514,-592.720597037599,592.720597037599,-1.1184966081452439,-189.15780070361174
4103206,2019,3316.596575342564,1736.3245059340693,-1580.2720694084946,1580.2720694084946,-1.1184966081452439,-189.15780070361174
4103206,2020,3483.570127504631,2509.1675151329446,-974.4026123716862,974.4026123716862,-1.1184966081452439,-189.15780070361174
4103206,2021,2747.03264840188,3257.454990998638,510.42234259675797,510.42234259675797,-1.1184966081452439,-189.15780070361174
4103206,2022,2878.278082191814,3352.526869834458,474.24878764264395,474.24878764264395,-1.1184966081452439,-189.15780070361174
4103206,2023,3337.742694063939,2533.546662691799,-804.1960313721397,804.1960313721397,-1.1184966081452439,-189.15780070361174
4103206,2024,3000.0,2900.337432351613,-99.66256764838681,99.66256764838681,-1.1184966081452439,-189.15780070361174
4111902,2015,2448.000000000128,2245.0776923161325,-202.9223076839953,202.9223076839953,-1.1184966081452439,-189.15780070361174
4111902,2016,2921.322404371704,2945.5045074391683,24.18210306746414,24.18210306746414,-1.1184966081452439,-189.15780070361174
4111902,2017,3365.0506849316102,3272.6203257899933,-92.43035914161692,92.43035914161692,-1.1184966081452439,-189.15780070361174
4111902,2018,2913.263013698718,2068.033263954889,-845.229749743829,845.229749743829,-1.1184966081452439,-189.15780070361174
4111902,2019,2846.132876712401,1986.0643793083443,-860.0684974040566,860.0684974040566,-1.1184966081452439,-189.15780070361174
4111902,2020,3094.2076502732807,2686.688081574574,-407.51956869870673,407.51956869870673,-1.1184966081452439,-189.15780070361174
4111902,2021,2542.5575342466154,3210.2964678632593,667.7389336166439,667.7389336166439,-1.1184966081452439,-189.15780070361174
4111902,2022,2979.947945205503,3419.5220860544873,439.57414084898437,439.57414084898437,-1.1184966081452439,-189.15780070361174
4111902,2023,3219.1191780821996,3300.0167757303625,80.8975976481629,80.8975976481629,-1.1184966081452439,-189.15780070361174
4111902,2024,2600.0,3217.9830614051616,617.9830614051616,617.9830614051616,-1.1184966081452439,-189.15780070361174
4113734,2015,3356.333333333401,2629.6705254842186,-726.6628078491822,726.6628078491822,-1.1184966081452439,-189.15780070361174
4113734,2016,3811.3479052823905,2992.5526188305603,-818.7952864518302,818.7952864518302,-1.1184966081452439,-189.15780070361174
4113734,2017,4284.6477168950305,2951.8797467208583,-1332.7679701741722,1332.7679701741722,-1.1184966081452439,-189.15780070361174
4113734,2018,4285.865296803701,3641.271401442206,-644.5938953614955,644.5938953614955,-1.1184966081452439,-189.15780070361174
4113734,2019,4358.893835616468,3270.366337489547,-1088.5274981269213,1088.5274981269213,-1.1184966081452439,-189.15780070361174
4113734,2020,4251.118397085635,3104.0198319268243,-1147.0985651588103,1147.0985651588103,-1.1184966081452439,-189.15780070361174
4113734,2021,3151.948173516001,3306.2239732344196,154.2757997184185,154.2757997184185,-1.1184966081452439,-189.15780070361174
4113734,2022,3359.28904109589,3663.7989114395277,304.5098703436379,304.5098703436379,-1.1184966081452439,-189.15780070361174
4113734,2023,4366.903881278534,2689.4801847027575,-1677.4236965757764,1677.4236965757764,-1.1184966081452439,-189.15780070361174
4113734,2024,4300.0,3061.183199380418,-1238.816800619582,1238.816800619582,-1.1184966081452439,-189.15780070361174
4107801,2015,2735.3333333334303,2593.5483197977815,-141.7850135356489,141.7850135356489,-1.1184966081452439,-189.15780070361174
4107801,2016,2545.2167577414352,2885.057873977389,339.8411162359539,339.8411162359539,-1.1184966081452439,-189.15780070361174
4107801,2017,2579.8990867580587,3135.025836017192,555.1267492591332,555.1267492591332,-1.1184966081452439,-189.15780070361174
4107801,2018,2366.389954337948,1684.1524396097986,-682.2375147281493,682.2375147281493,-1.1184966081452439,-189.15780070361174
4107801,2019,2440.826027397304,2002.6197898239948,-438.2062375733094,438.2062375733094,-1.1184966081452439,-189.15780070361174
4107801,2020,2626.9216757741733,2830.7222964905905,203.80062071641714,203.80062071641714,-1.1184966081452439,-189.15780070361174
4107801,2021,1564.2187214612065,3099.5375840788697,1535.3188626176632,1535.3188626176632,-1.1184966081452439,-189.15780070361174
4107801,2022,2420.326027397275,3424.9845993175204,1004.6585719202453,1004.6585719202453,-1.1184966081452439,-189.15780070361174
4107801,2023,3192.515525114165,2649.938115846602,-542.5774092675629,542.5774092675629,-1.1184966081452439,-189.15780070361174
4107801,2024,2400.0,2970.1475650337907,570.1475650337907,570.1475650337907,-1.1184966081452439,-189.15780070361174
4102703,2015,3897.999999999855,2620.097549749183,-1277.9024502506718,1277.9024502506718,-1.1184966081452439,-189.15780070361174
4102703,2016,3901.393442622813,2882.774323893777,-1018.619118729036,1018.619118729036,-1.1184966081452439,-189.15780070361174
4102703,2017,3834.552739725904,3068.7620296975533,-765.7907100283505,765.7907100283505,-1.1184966081452439,-189.15780070361174
4102703,2018,3180.6068493149664,2558.292732102621,-622.3141172123455,622.3141172123455,-1.1184966081452439,-189.15780070361174
4102703,2019,3030.592465753345,2564.439116544813,-466.1533492085323,466.1533492085323,-1.1184966081452439,-189.15780070361174
4102703,2020,3754.5355191256176,3053.949759032943,-700.5857600926747,700.5857600926747,-1.1184966081452439,-189.15780070361174
4102703,2021,3939.670547945162,3484.8599632674086,-454.81058467775347,454.81058467775347,-1.1184966081452439,-189.15780070361174
4102703,2022,3767.9136986301155,3235.3917539083336,-532.5219447217819,532.5219447217819,-1.1184966081452439,-189.15780070361174
4102703,2023,3680.8691780821846,2862.7641176158722,-818.1050604663124,818.1050604663124,-1.1184966081452439,-189.15780070361174
4102703,2024,3650.0,3419.779757059349,-230.22024294065113,230.22024294065113,-1.1184966081452439,-189.15780070361174
4122602,2015,2173.600000000093,1746.232487802028,-427.36751219806524,427.36751219806524,-1.1184966081452439,-189.15780070361174
4122602,2016,2225.532240437246,2838.1309063737626,612.5986659365167,612.5986659365167,-1.1184966081452439,-189.15780070361174
4122602,2017,2429.2923287671993,2805.2037796660425,375.9114508988432,375.9114508988432,-1.1184966081452439,-189.15780070361174
4122602,2018,1875.6142465754065,2519.519150914505,643.9049043390987,643.9049043390987,-1.1184966081452439,-189.15780070361174
4122602,2019,2042.1498630137507,1958.1585045097067,-83.991358504044,83.991358504044,-1.1184966081452439,-189.15780070361174
4122602,2020,2586.8196721311883,2559.9591591774783,-26.860512953709986,26.860512953709986,-1.1184966081452439,-189.15780070361174
4122602,2021,1535.599178082221,3444.3867985105553,1908.7876204283343,1908.7876204283343,-1.1184966081452439,-189.15780070361174
4122602,2022,1601.6389041096065,3365.725817763824,1764.0869136542176,1764.0869136542176,-1.1184966081452439,-189.15780070361174
4122602,2023,2549.59643835617,2839.8736858194147,290.27724746324475,290.27724746324475,-1.1184966081452439,-189.15780070361174
4122602,2024,2700.0,3021.3811305807153,321.3811305807153,321.3811305807153,-1.1184966081452439,-189.15780070361174
4109203,2015,1444.0000000002328,2234.6510489391094,790.6510489388766,790.6510489388766,-1.1184966081452439,-189.15780070361174
4109203,2016,2085.9890710384702,2936.3142863074795,850.3252152690093,850.3252152690093,-1.1184966081452439,-189.15780070361174
4109203,2017,2744.6931506851206,3535.0538517760324,790.3607010909118,790.3607010909118,-1.1184966081452439,-189.15780070361174
4109203,2018,2227.0904109590642,2782.597286324418,555.5068753653536,555.5068753653536,-1.1184966081452439,-189.15780070361174
4109203,2019,2132.063013698761,2594.85110924783,462.7880955490691,462.7880955490691,-1.1184966081452439,-189.15780070361174
4109203,2020,2510.2185792350747,2694.1220658345064,183.90348659943174,183.90348659943174,-1.1184966081452439,-189.15780070361174
4109203,2021,1928.1726027397988,3526.5848496306885,1598.4122468908897,1598.4122468908897,-1.1184966081452439,-189.15780070361174
4109203,2022,2024.542465753468,3366.0512979180544,1341.5088321645865,1341.5088321645865,-1.1184966081452439,-189.15780070361174
4109203,2023,2313.8986301370005,3306.3748624830073,992.4762323460068,992.4762323460068,-1.1184966081452439,-189.15780070361174
4109203,2024,2000.0,3208.3964092276055,1208.3964092276055,1208.3964092276055,-1.1184966081452439,-189.15780070361174
4111803,2015,3100.933333333407,2601.4267759889053,-499.50655734450174,499.50655734450174,-1.1184966081452439,-189.15780070361174
4111803,2016,3399.2462659381376,3313.9216523156183,-85.32461362251934,85.32461362251934,-1.1184966081452439,-189.15780070361174
4111803,2017,4607.452374429284,3224.9527727929544,-1382.4996016363293,1382.4996016363293,-1.1184966081452439,-189.15780070361174
4111803,2018,4387.778173516032,1806.146542825402,-2581.63163069063,2581.63163069063,-1.1184966081452439,-189.15780070361174
4111803,2019,3405.2300000000414,3124.811839567906,-280.4181604321352,280.4181604321352,-1.1184966081452439,-189.15780070361174
4111803,2020,3762.9763205829104,3203.9178111518736,-559.0585094310368,559.0585094310368,-1.1184966081452439,-189.15780070361174
4111803,2021,3993.969269406415,3324.623547001005,-669.34572240541,669.34572240541,-1.1184966081452439,-189.15780070361174
4111803,2022,3840.243013698644,3803.491998822826,-36.75101487581787,36.75101487581787,-1.1184966081452439,-189.15780070361174
4111803,2023,3688.735936073064,3018.75997533765,-669.975960735414,669.975960735414,-1.1184966081452439,-189.15780070361174
4111803,2024,3680.0,3373.322031826717,-306.6779681732828,306.6779681732828,-1.1184966081452439,-189.15780070361174
4121901,2015,2873.4666666667467,2841.282002452091,-32.18466421465564,32.18466421465564,-1.1184966081452439,-189.15780070361174
4121901,2016,3250.926411657635,3478.490092238956,227.56368058132102,227.56368058132102,-1.1184966081452439,-189.15780070361174
4121901,2017,3246.612831050297,3150.3914327951297,-96.22139825516706,96.22139825516706,-1.1184966081452439,-189.15780070361174
4121901,2018,3162.8541552512015,2534.5574760784243,-628.2966791727772,628.2966791727772,-1.1184966081452439,-189.15780070361174
4121901,2019,3461.451643835665,2905.4033261689083,-556.0483176667567,556.0483176667567,-1.1184966081452439,-189.15780070361174
4121901,2020,3143.8324225865576,3486.1135541942585,342.2811316077009,342.2811316077009,-1.1184966081452439,-189.15780070361174
4121901,2021,3118.9397716895255,3995.2630336735674,876.3232619840419,876.3232619840419,-1.1184966081452439,-189.15780070361174
4121901,2022,3524.641369863033,3434.6457923747716,-89.99557748826146,89.99557748826146,-1.1184966081452439,-189.15780070361174
4121901,2023,3189.00324200914,2640.6910593426346,-548.3121826665056,548.3121826665056,-1.1184966081452439,-189.15780070361174
4121901,2024,2756.0,2915.46793625748,159.46793625747978,159.46793625747978,-1.1184966081452439,-189.15780070361174
4127205,2015,1854.133333333506,2165.0893691332044,310.9560357996984,310.9560357996984,-1.1184966081452439,-189.15780070361174
4127205,2016,2428.2451730420544,3328.758490912142,900.5133178700876,900.5133178700876,-1.1184966081452439,-189.15780070361174
4127205,2017,2931.582237443057,3111.6629948412633,180.08075739820652,180.08075739820652,-1.1184966081452439,-189.15780070361174
4127205,2018,2299.4559817352692,1464.6891305320034,-834.7668512032658,834.7668512032658,-1.1184966081452439,-189.15780070361174
4127205,2019,2230.0694520548936,1802.1060314677932,-427.9634205871005,427.9634205871005,-1.1184966081452439,-189.15780070361174
4127205,2020,2547.162112932693,2626.1670337335922,79.00492080089907,79.00492080089907,-1.1184966081452439,-189.15780070361174
4127205,2021,1613.7621461187844,2912.044849029079,1298.2827029102948,1298.2827029102948,-1.1184966081452439,-189.15780070361174
4127205,2022,1732.671506849353,3323.1083745880355,1590.4368677386826,1590.4368677386826,-1.1184966081452439,-189.15780070361174
4127205,2023,2799.172648401839,2400.7925942865536,-398.3800541152855,398.3800541152855,-1.1184966081452439,-189.15780070361174
4127205,2024,3000.0,3003.847533396031,3.84753339603094,3.84753339603094,-1.1184966081452439,-189.15780070361174
4103701,2015,2610.4000000001683,2023.3289996677129,-587.0710003324555,587.0710003324555,-1.1184966081452439,-189.15780070361174
4103701,2016,3558.6535519127283,2362.3083165295056,-1196.3452353832226,1196.3452353832226,-1.1184966081452439,-189.15780070361174
4103701,2017,4237.588493150828,3306.6442913052865,-930.9442018455416,930.9442018455416,-1.1184966081452439,-189.15780070361174
4103701,2018,3764.1172602740908,2586.360476516821,-1177.7567837572697,1177.7567837572697,-1.1184966081452439,-189.15780070361174
4103701,2019,3652.9473972603664,2491.6563181011497,-1161.2910791592167,1161.2910791592167,-1.1184966081452439,-189.15780070361174
4103701,2020,3748.262295082043,2677.5872911012316,-1070.6750039808112,1070.6750039808112,-1.1184966081452439,-189.15780070361174
4103701,2021,3532.7994520548527,3552.735845579957,19.93639352510445,19.93639352510445,-1.1184966081452439,-189.15780070361174
4103701,2022,3774.341917808253,3390.9509402109456,-383.3909775973075,383.3909775973075,-1.1184966081452439,-189.15780070361174
4103701,2023,3653.3309589041182,3276.866730376134,-376.46422852798423,376.46422852798423,-1.1184966081452439,-189.15780070361174
4103701,2024,3102.0,3279.038454773116,177.03845477311597,177.03845477311597,-1.1184966081452439,-189.15780070361174
4124608,2015,2662.6666666667,3032.7611292686743,370.0944626019741,370.0944626019741,-1.1184966081452439,-189.15780070361174
4124608,2016,2583.3187613843647,2902.8573567767676,319.53859539240284,319.53859539240284,-1.1184966081452439,-189.15780070361174
4124608,2017,2702.5283105023095,2263.0867051324894,-439.4416053698201,439.4416053698201,-1.1184966081452439,-189.15780070361174
4124608,2018,2454.475799086782,1697.253795307879,-757.222003778903,757.222003778903,-1.1184966081452439,-189.15780070361174
4124608,2019,2579.8205479452204,2508.000292618991,-71.82025532622947,71.82025532622947,-1.1184966081452439,-189.15780070361174
4124608,2020,2850.8925318761503,3019.8162476799357,168.9237158037854,168.9237158037854,-1.1184966081452439,-189.15780070361174
4124608,2021,1989.825114155261,3307.7735630016896,1317.9484488464286,1317.9484488464286,-1.1184966081452439,-189.15780070361174
4124608,2022,2243.498630136986,3483.2140482350615,1239.7154180980756,1239.7154180980756,-1.1184966081452439,-189.15780070361174
4124608,2023,2953.0625570776233,2657.0825522058326,-295.9800048717907,295.9800048717907,-1.1184966081452439,-189.15780070361174
4124608,2024,2850.0,2640.2557187102357,-209.74428128976433,209.74428128976433,-1.1184966081452439,-189.15780070361174
4123956,2015,2386.666666666773,2455.469999283928,68.80333261715487,68.80333261715487,-1.1184966081452439,-189.15780070361174
4123956,2016,2425.209471766936,2778.823269890324,353.6137981233878,353.6137981233878,-1.1184966081452439,-189.15780070361174
4123956,2017,2854.8584474886475,2792.8537908359854,-62.004656652662106,62.004656652662106,-1.1184966081452439,-189.15780070361174
4123956,2018,2522.484018264893,1791.3575096545408,-731.1265086103524,731.1265086103524,-1.1184966081452439,-189.15780070361174
4123956,2019,2359.4246575342904,2110.891805221687,-248.5328523126036,248.5328523126036,-1.1184966081452439,-189.15780070361174
4123956,2020,2831.329690346117,2653.9533891815636,-177.3763011645533,177.3763011645533,-1.1184966081452439,-189.15780070361174
4123956,2021,1674.4018264840424,3343.994766220125,1669.5929397360824,1669.5929397360824,-1.1184966081452439,-189.15780070361174
4123956,2022,1870.3835616438505,3426.750637345894,1556.3670757020436,1556.3670757020436,-1.1184966081452439,-189.15780070361174
4123956,2023,3048.557077625576,2483.9072428638165,-564.6498347617594,564.6498347617594,-1.1184966081452439,-189.15780070361174
4123956,2024,2975.0,2530.7487899382436,-444.2512100617564,444.2512100617564,-1.1184966081452439,-189.15780070361174
4117214,2015,2512.5333333335,3097.4783271854417,584.9449938519415,584.9449938519415,-1.1184966081452439,-189.15780070361174
4117214,2016,2897.592714025653,3606.901549894173,709.30883586852,709.30883586852,-1.1184966081452439,-189.15780070361174
4117214,2017,3144.844018264972,3514.4158289394763,369.5718106745044,369.5718106745044,-1.1184966081452439,-189.15780070361174
4117214,2018,2739.63488584486,2661.0009759813356,-78.63390986352442,78.63390986352442,-1.1184966081452439,-189.15780070361174
4117214,2019,2916.940821917898,2919.9999161377164,3.0590942198182347,3.0590942198182347,-1.1184966081452439,-189.15780070361174
4117214,2020,3379.3588342441567,3097.7273406119725,-281.6314936321842,281.6314936321842,-1.1184966081452439,-189.15780070361174
4117214,2021,3304.369132420147,4187.873254141148,883.5041217210014,883.5041217210014,-1.1184966081452439,-189.15780070361174
4117214,2022,3439.990136986336,3166.20528737661,-273.7848496097258,273.7848496097258,-1.1184966081452439,-189.15780070361174
4117214,2023,2771.726210045676,2479.569296605544,-292.15691344013203,292.15691344013203,-1.1184966081452439,-189.15780070361174
4117214,2024,1890.0,2842.4103831496086,952.4103831496086,952.4103831496086,-1.1184966081452439,-189.15780070361174
4112603,2015,1908.400000000198,2892.832759807966,984.432759807768,984.432759807768,-1.1184966081452439,-189.15780070361174
4112603,2016,2180.7300546449833,3125.6078154421766,944.8777607971933,944.8777607971933,-1.1184966081452439,-189.15780070361174
4112603,2017,2553.7953424658813,2478.9941271154407,-74.80121535044054,74.80121535044054,-1.1184966081452439,-189.15780070361174
4112603,2018,1882.344657534357,3248.1352076984545,1365.7905501640973,1365.7905501640973,-1.1184966081452439,-189.15780070361174
4112603,2019,1835.6720547946136,2309.4868519737743,473.8147971791607,473.8147971791607,-1.1184966081452439,-189.15780070361174
4112603,2020,2666.24590163942,2845.469511793813,179.2236101543931,179.2236101543931,-1.1184966081452439,-189.15780070361174
4112603,2021,1585.9104109589623,2743.4391695551485,1157.5287585961862,1157.5287585961862,-1.1184966081452439,-189.15780070361174
4112603,2022,2104.3556164383676,3037.732114604097,933.3764981657296,933.3764981657296,-1.1184966081452439,-189.15780070361174
4112603,2023,2692.2638356164325,2638.9299688025267,-53.33386681390584,53.33386681390584,-1.1184966081452439,-189.15780070361174
4112603,2024,1620.0,2534.93203272224,914.9320327222399,914.9320327222399,-1.1184966081452439,-189.15780070361174
4115903,2015,2653.800000000105,3049.1491801957322,395.34918019562747,395.34918019562747,-1.1184966081452439,-189.15780070361174
4115903,2016,2557.7278688525535,2654.7894215845395,97.06155273198601,97.06155273198601,-1.1184966081452439,-189.15780070361174
4115903,2017,2706.638630137068,2183.9840799767994,-522.6545501602686,522.6545501602686,-1.1184966081452439,-189.15780070361174
4115903,2018,2797.333150685,1699.460614837629,-1097.872535847371,1097.872535847371,-1.1184966081452439,-189.15780070361174
4115903,2019,2859.1509589041643,2487.8118345406597,-371.33912436350465,371.33912436350465,-1.1184966081452439,-189.15780070361174
4115903,2020,3081.4426229508617,2761.640106764429,-319.8025161864325,319.8025161864325,-1.1184966081452439,-189.15780070361174
4115903,2021,1901.9975342466043,2980.793582851,1078.7960486043955,1078.7960486043955,-1.1184966081452439,-189.15780070361174
4115903,2022,2308.5578082191937,2981.9468993103756,673.3890910911819,673.3890910911819,-1.1184966081452439,-189.15780070361174
4115903,2023,3227.8468493150713,2744.814091250407,-483.03275806466445,483.03275806466445,-1.1184966081452439,-189.15780070361174
4115903,2024,2600.0,2550.8921685625482,-49.10783143745175,49.10783143745175,-1.1184966081452439,-189.15780070361174
4107603,2015,3383.333333333314,2287.4040534760666,-1095.9292798572474,1095.9292798572474,-1.1184966081452439,-189.15780070361174
4107603,2016,3337.249544626565,2374.6673224214687,-962.5822222050961,962.5822222050961,-1.1184966081452439,-189.15780070361174
4107603,2017,3245.4566210045327,3520.9778420661983,275.5212210616655,275.5212210616655,-1.1184966081452439,-189.15780070361174
4107603,2018,2953.1543378995198,3086.2562029972396,133.10186509771984,133.10186509771984,-1.1184966081452439,-189.15780070361174
4107603,2019,3666.2931506849163,2973.457564328863,-692.8355863560532,692.8355863560532,-1.1184966081452439,-189.15780070361174
4107603,2020,3761.2386156648404,3081.9943474035367,-679.2442682613037,679.2442682613037,-1.1184966081452439,-189.15780070361174
4107603,2021,2992.7187214611927,3315.373974723439,322.65525326224633,322.65525326224633,-1.1184966081452439,-189.15780070361174
4107603,2022,3378.098630137001,3911.5401253008695,533.4414951638687,533.4414951638687,-1.1184966081452439,-189.15780070361174
4107603,2023,3393.401826484028,1477.4694553380757,-1915.9323711459522,1915.9323711459522,-1.1184966081452439,-189.15780070361174
4107603,2024,3100.0,3430.0332625984297,330.0332625984297,330.0332625984297,-1.1184966081452439,-189.15780070361174
4120333,2015,2148.6666666668607,2222.623764165148,73.95709749828711,73.95709749828711,-1.1184966081452439,-189.15780070361174
4120333,2016,2794.1329690347898,3208.4954371745016,414.36246813971184,414.36246813971184,-1.1184966081452439,-189.15780070361174
4120333,2017,3394.228995433947,3442.573292306973,48.344296873025996,48.344296873025996,-1.1184966081452439,-189.15780070361174
4120333,2018,2889.652511415659,2686.854552878536,-202.79795853712267,202.79795853712267,-1.1184966081452439,-189.15780070361174
4120333,2019,2770.144520548054,2558.8007451140725,-211.3437754339816,211.3437754339816,-1.1184966081452439,-189.15780070361174
4120333,2020,3141.493624772398,3337.9999758479157,196.5063510755176,196.5063510755176,-1.1184966081452439,-189.15780070361174
4120333,2021,2736.60799086764,3471.7153821934367,735.1073913257965,735.1073913257965,-1.1184966081452439,-189.15780070361174
4120333,2022,3024.513698630173,3322.3284231794996,297.81472454932646,297.81472454932646,-1.1184966081452439,-189.15780070361174
4120333,2023,2992.487899543391,3300.703371632453,308.21547208906213,308.21547208906213,-1.1184966081452439,-189.15780070361174
4120333,2024,2262.0,3343.767068258642,1081.7670682586422,1081.7670682586422,-1.1184966081452439,-189.15780070361174
4107702,2015,3281.8000000000325,2179.7054578942852,-1102.0945421057472,1102.0945421057472,-1.1184966081452439,-189.15780070361174
4107702,2016,3408.1868852459306,3456.2108097055875,48.02392445965688,48.02392445965688,-1.1184966081452439,-189.15780070361174
4107702,2017,3489.040000000026,3156.5066501290853,-332.5333498709406,332.5333498709406,-1.1184966081452439,-189.15780070361174
4107702,2018,3139.303013698652,1518.2093376397759,-1621.0936760588763,1621.0936760588763,-1.1184966081452439,-189.15780070361174
4107702,2019,3237.4564383561824,2424.857126904715,-812.5993114514672,812.5993114514672,-1.1184966081452439,-189.15780070361174
4107702,2020,3526.0327868852587,3144.683978215281,-381.34880866997764,381.34880866997764,-1.1184966081452439,-189.15780070361174
4107702,2021,2209.105753424667,2908.396694796318,699.2909413716511,699.2909413716511,-1.1184966081452439,-189.15780070361174
4107702,2022,2654.766027397266,3502.3898965122303,847.6238691149642,847.6238691149642,-1.1184966081452439,-189.15780070361174
4107702,2023,4031.8783561643863,2487.9416533303183,-1543.936702834068,1543.936702834068,-1.1184966081452439,-189.15780070361174
4107702,2024,3800.0,2595.21757562871,-1204.7824243712898,1204.7824243712898,-1.1184966081452439,-189.15780070361174
4107553,2015,2569.400000000154,2084.090004123604,-485.3099958765497,485.3099958765497,-1.1184966081452439,-189.15780070361174
4107553,2016,2801.260109289763,2761.3313237891152,-39.92878550064779,39.92878550064779,-1.1184966081452439,-189.15780070361174
4107553,2017,3073.046027397388,2810.468476187775,-262.5775512096129,262.5775512096129,-1.1184966081452439,-189.15780070361174
4107553,2018,2632.9720547946235,3069.1825627864273,436.21050799180375,436.21050799180375,-1.1184966081452439,-189.15780070361174
4107553,2019,2806.377534246654,2824.5940826707256,18.21654842407179,18.21654842407179,-1.1184966081452439,-189.15780070361174
4107553,2020,3626.2950819672737,2625.2061064363043,-1001.0889755309695,1001.0889755309695,-1.1184966081452439,-189.15780070361174
4107553,2021,2448.4213698630574,3175.993003111843,727.5716332487855,727.5716332487855,-1.1184966081452439,-189.15780070361174
4107553,2022,2535.3063013698898,3937.455693037455,1402.1493916675654,1402.1493916675654,-1.1184966081452439,-189.15780070361174
4107553,2023,3201.917260273981,1935.512313332183,-1266.4049469417978,1266.4049469417978,-1.1184966081452439,-189.15780070361174
4107553,2024,2480.0,3080.609448036704,600.6094480367042,600.6094480367042,-1.1184966081452439,-189.15780070361174
4123402,2015,2168.000000000204,2469.8815651075583,301.88156510735416,301.88156510735416,-1.1184966081452439,-189.15780070361174
4123402,2016,2427.6612021859814,3115.431841117605,687.7706389316236,687.7706389316236,-1.1184966081452439,-189.15780070361174
4123402,2017,2728.1054794522142,3270.2446525846863,542.139173132472,542.139173132472,-1.1184966081452439,-189.15780070361174
4123402,2018,2340.7424657535553,2182.451401260452,-158.29106449310348,158.29106449310348,-1.1184966081452439,-189.15780070361174
4123402,2019,2485.379452054911,1801.131433682664,-684.2480183722469,684.2480183722469,-1.1184966081452439,-189.15780070361174
4123402,2020,2846.1748633880798,2578.546934930891,-267.6279284571888,267.6279284571888,-1.1184966081452439,-189.15780070361174
4123402,2021,1726.2150684932235,3302.36558566505,1576.1505171718263,1576.1505171718263,-1.1184966081452439,-189.15780070361174
4123402,2022,2246.9068493151117,3427.9446086537987,1181.037759338687,1181.037759338687,-1.1184966081452439,-189.15780070361174
4123402,2023,2938.4205479452194,3186.8674915144466,248.4469435692272,248.4469435692272,-1.1184966081452439,-189.15780070361174
4123402,2024,2235.0,3184.851132200692,949.8511322006921,949.8511322006921,-1.1184966081452439,-189.15780070361174
4113007,2015,2104.200000000099,2147.8723274194244,43.672327419325484,43.672327419325484,-1.1184966081452439,-189.15780070361174
4113007,2016,2275.9333333334353,3222.2244671878675,946.2911338544322,946.2911338544322,-1.1184966081452439,-189.15780070361174
4113007,2017,2483.9106849316,3042.7895977751145,558.8789128435146,558.8789128435146,-1.1184966081452439,-189.15780070361174
4113007,2018,2068.0038356165082,2784.496975709552,716.4931400930436,716.4931400930436,-1.1184966081452439,-189.15780070361174
4113007,2019,2340.658630137048,1784.9708894324722,-555.6877407045758,555.6877407045758,-1.1184966081452439,-189.15780070361174
4113007,2020,2708.5573770492324,2632.3412210214356,-76.21615602779684,76.21615602779684,-1.1184966081452439,-189.15780070361174
4113007,2021,1604.7353424657824,3347.310404990493,1742.5750625247108,1742.5750625247108,-1.1184966081452439,-189.15780070361174
4113007,2022,1655.6778082191986,3311.8984818572126,1656.220673638014,1656.220673638014,-1.1184966081452439,-189.15780070361174
4113007,2023,2600.935342465765,2388.4983598770336,-212.43698258873155,212.43698258873155,-1.1184966081452439,-189.15780070361174
4113007,2024,2750.0,2990.6562178173294,240.65621781732943,240.65621781732943,-1.1184966081452439,-189.15780070361174
4106100,2015,3735.9999999999714,2393.6434505052043,-1342.356549494767,1342.356549494767,-1.1184966081452439,-189.15780070361174
4106100,2016,3790.2950819671846,2803.2782177895656,-987.016864177619,987.016864177619,-1.1184966081452439,-189.15780070361174
4106100,2017,3797.6219178081906,3487.2860752868414,-310.33584252134915,310.33584252134915,-1.1184966081452439,-189.15780070361174
4106100,2018,4088.7452054794235,2706.115264374427,-1382.6299411049963,1382.6299411049963,-1.1184966081452439,-189.15780070361174
4106100,2019,4141.731506849286,3092.9853564607147,-1048.7461503885716,1048.7461503885716,-1.1184966081452439,-189.15780070361174
4106100,2020,3821.748633879753,3044.655103709362,-777.0935301703912,777.0935301703912,-1.1184966081452439,-189.15780070361174
4106100,2021,3966.5534246575203,3276.367429821532,-690.1859948359884,690.1859948359884,-1.1184966081452439,-189.15780070361174
4106100,2022,3981.594520547945,3920.671105931354,-60.923414616591344,60.923414616591344,-1.1184966081452439,-189.15780070361174
4106100,2023,3765.621917808219,1814.0418779866984,-1951.5800398215208,1951.5800398215208,-1.1184966081452439,-189.15780070361174
4106100,2024,3720.0,3712.309204116939,-7.690795883061128,7.690795883061128,-1.1184966081452439,-189.15780070361174
4113502,2015,2356.066666666796,2580.1921982885847,224.12553162178847,224.12553162178847,-1.1184966081452439,-189.15780070361174
4113502,2016,2707.158105646754,2954.38539476784,247.22728912108596,247.22728912108596,-1.1184966081452439,-189.15780070361174
4113502,2017,3228.5359817352705,3183.159272411599,-45.37670932367155,45.37670932367155,-1.1184966081452439,-189.15780070361174
4113502,2018,2736.072511415616,2763.101649865059,27.0291384494426,27.0291384494426,-1.1184966081452439,-189.15780070361174
4113502,2019,2861.192602739797,1982.4496394991465,-878.7429632406506,878.7429632406506,-1.1184966081452439,-189.15780070361174
4113502,2020,3545.777777777836,2612.440170029891,-933.3376077479452,933.3376077479452,-1.1184966081452439,-189.15780070361174
4113502,2021,1977.4492237443383,3390.1087197341785,1412.6594959898403,1412.6594959898403,-1.1184966081452439,-189.15780070361174
4113502,2022,1744.9912328767386,3690.8858444116404,1945.8946115349017,1945.8946115349017,-1.1184966081452439,-189.15780070361174
4113502,2023,3244.1606392694125,2606.8367904010324,-637.3238488683801,637.3238488683801,-1.1184966081452439,-189.15780070361174
4113502,2024,3527.0,2935.41618561892,-591.5838143810802,591.5838143810802,-1.1184966081452439,-189.15780070361174
4124004,2015,3511.9999999998836,2876.5073645776993,-635.4926354221843,635.4926354221843,-1.1184966081452439,-189.15780070361174
4124004,2016,3467.2568306009903,3171.035511176509,-296.2213194244814,296.2213194244814,-1.1184966081452439,-189.15780070361174
4124004,2017,3075.668493150597,3518.382002138606,442.7135089880089,442.7135089880089,-1.1184966081452439,-189.15780070361174
4124004,2018,2689.1342465752696,1569.8516479394948,-1119.2825986357748,1119.2825986357748,-1.1184966081452439,-189.15780070361174
4124004,2019,3255.4767123287093,2676.6281756746903,-578.848536654019,578.848536654019,-1.1184966081452439,-189.15780070361174
4124004,2020,3987.213114754055,3489.186107085615,-498.0270076684401,498.0270076684401,-1.1184966081452439,-189.15780070361174
4124004,2021,3971.3123287670946,3933.9561961160935,-37.35613265100119,37.35613265100119,-1.1184966081452439,-189.15780070361174
4124004,2022,3783.1342465753137,3337.982841953884,-445.1514046214297,445.1514046214297,-1.1184966081452439,-189.15780070361174
4124004,2023,3043.832876712315,2506.987051300804,-536.8458254115108,536.8458254115108,-1.1184966081452439,-189.15780070361174
4124004,2024,2360.0,2742.416244802743,382.4162448027432,382.4162448027432,-1.1184966081452439,-189.15780070361174
4112702,2015,2450.133333333463,2346.8298231576696,-103.30351017579324,103.30351017579324,-1.1184966081452439,-189.15780070361174
4112702,2016,2663.911839708677,3577.262188536778,913.3503488281012,913.3503488281012,-1.1184966081452439,-189.15780070361174
4112702,2017,2813.4788127854863,3264.7494384855427,451.27062570005637,451.27062570005637,-1.1184966081452439,-189.15780070361174
4112702,2018,2585.353242009213,1634.7373022615084,-950.6159397477045,950.6159397477045,-1.1184966081452439,-189.15780070361174
4112702,2019,2770.803013698692,1978.129870609054,-792.6731430896382,792.6731430896382,-1.1184966081452439,-189.15780070361174
4112702,2020,3140.823315118449,3384.710957509189,243.88764239073998,243.88764239073998,-1.1184966081452439,-189.15780070361174
4112702,2021,3082.7354337899883,2935.010748405527,-147.72468538446128,147.72468538446128,-1.1184966081452439,-189.15780070361174
4112702,2022,3031.401643835632,2836.7483134547265,-194.65333038090557,194.65333038090557,-1.1184966081452439,-189.15780070361174
4112702,2023,2526.5199086758043,2634.0824344741304,107.56252579832608,107.56252579832608,-1.1184966081452439,-189.15780070361174
4112702,2024,2000.0,3118.314036967977,1118.3140369679768,1118.3140369679768,-1.1184966081452439,-189.15780070361174
4101655,2015,2169.2000000002445,2236.6035659442787,67.4035659440342,67.4035659440342,-1.1184966081452439,-189.15780070361174
4101655,2016,2758.7038251368413,3215.2421369714757,456.53831183463444,456.53831183463444,-1.1184966081452439,-189.15780070361174
4101655,2017,3403.6038356166373,2815.364708242422,-588.2391273742155,588.2391273742155,-1.1184966081452439,-189.15780070361174
4101655,2018,3203.573698630305,3083.8552312685856,-119.71846736171938,119.71846736171938,-1.1184966081452439,-189.15780070361174
4101655,2019,3540.6394520549316,3181.703759554766,-358.9356925001657,358.9356925001657,-1.1184966081452439,-189.15780070361174
4101655,2020,3719.6994535520193,2894.776986171849,-824.9224673801705,824.9224673801705,-1.1184966081452439,-189.15780070361174
4101655,2021,2497.8038356165143,3003.8983248352984,506.094489218784,506.094489218784,-1.1184966081452439,-189.15780070361174
4101655,2022,2514.825753424703,3654.9638774332734,1140.1381240085702,1140.1381240085702,-1.1184966081452439,-189.15780070361174
4101655,2023,3149.2558904109737,1919.3781965208411,-1229.8776938901326,1229.8776938901326,-1.1184966081452439,-189.15780070361174
4101655,2024,2975.0,3494.0956647993153,519.0956647993153,519.0956647993153,-1.1184966081452439,-189.15780070361174
4112207,2015,2631.1333333335065,2093.883176591338,-537.2501567421687,537.2501567421687,-1.1184966081452439,-189.15780070361174
4112207,2016,2846.168670309814,2828.9597824321495,-17.208887877664438,17.208887877664438,-1.1184966081452439,-189.15780070361174
4112207,2017,3148.9678538814205,2832.9419839083707,-316.0258699730498,316.0258699730498,-1.1184966081452439,-189.15780070361174
4112207,2018,2894.166940639393,3097.5332622726696,203.36632163327658,203.36632163327658,-1.1184966081452439,-189.15780070361174
4112207,2019,3054.763287671332,2853.0754266825643,-201.68786098876762,201.68786098876762,-1.1184966081452439,-189.15780070361174
4112207,2020,3433.828779599345,2574.9717677224494,-858.8570118768957,858.8570118768957,-1.1184966081452439,-189.15780070361174
4112207,2021,2244.366940639325,3241.018552094843,996.6516114555179,996.6516114555179,-1.1184966081452439,-189.15780070361174
4112207,2022,2623.6482191781206,4000.504552761841,1376.8563335837202,1376.8563335837202,-1.1184966081452439,-189.15780070361174
4112207,2023,3380.244566210058,1981.5982392510437,-1398.6463269590145,1398.6463269590145,-1.1184966081452439,-189.15780070361174
4112207,2024,2730.0,3217.8596171502377,487.8596171502377,487.8596171502377,-1.1184966081452439,-189.15780070361174
4118808,2015,2631.6000000001654,1455.6837028089767,-1175.9162971911887,1175.9162971911887,-1.1184966081452439,-189.15780070361174
4118808,2016,3080.439344262448,2501.7257210856474,-578.7136231768004,578.7136231768004,-1.1184966081452439,-189.15780070361174
4118808,2017,3379.619726027531,3024.5107134143223,-355.10901261320896,355.10901261320896,-1.1184966081452439,-189.15780070361174
4118808,2018,2878.677260274088,2974.636561301606,95.959301027518,95.959301027518,-1.1184966081452439,-189.15780070361174
4118808,2019,3047.652602739822,2570.853801488297,-476.7988012515252,476.7988012515252,-1.1184966081452439,-189.15780070361174
4118808,2020,3578.2950819672906,2451.5938482835472,-1126.7012336837433,1126.7012336837433,-1.1184966081452439,-189.15780070361174
4118808,2021,2151.225205479503,3574.3174197344274,1423.0922142549243,1423.0922142549243,-1.1184966081452439,-189.15780070361174
4118808,2022,2419.570410958936,3942.4108944557515,1522.8404834968155,1522.8404834968155,-1.1184966081452439,-189.15780070361174
4118808,2023,3636.9786301369995,2951.476911299477,-685.5017188375227,685.5017188375227,-1.1184966081452439,-189.15780070361174
4118808,2024,3200.0,3042.707479301883,-157.2925206981172,157.2925206981172,-1.1184966081452439,-189.15780070361174
4103305,2015,2275.333333333554,1845.367633108043,-429.965700225511,429.965700225511,-1.1184966081452439,-189.15780070361174
4103305,2016,2288.194899818058,2731.303278826659,443.10837900860133,443.10837900860133,-1.1184966081452439,-189.15780070361174
4103305,2017,2974.701141552692,3248.487006193003,273.7858646403106,273.7858646403106,-1.1184966081452439,-189.15780070361174
4103305,2018,3363.5584474887387,2583.2755046347015,-780.2829428540372,780.2829428540372,-1.1184966081452439,-189.15780070361174
4103305,2019,3732.580136986429,1690.7130943771595,-2041.8670426092694,2041.8670426092694,-1.1184966081452439,-189.15780070361174
4103305,2020,3597.812386156749,2346.71240244805,-1251.0999837086993,1251.0999837086993,-1.1184966081452439,-189.15780070361174
4103305,2021,2291.5440639270146,3339.395121396203,1047.8510574691886,1047.8510574691886,-1.1184966081452439,-189.15780070361174
4103305,2022,2400.436986301413,3030.820901830322,630.3839155289088,630.3839155289088,-1.1184966081452439,-189.15780070361174
4103305,2023,2882.9162100456756,2343.4642765741037,-539.4519334715719,539.4519334715719,-1.1184966081452439,-189.15780070361174
4103305,2024,2727.0,3121.9463134755615,394.9463134755615,394.9463134755615,-1.1184966081452439,-189.15780070361174
4111100,2015,1998.9333333336108,2924.465539345045,925.532206011434,925.532206011434,-1.1184966081452439,-189.15780070361174
4111100,2016,2564.5741347907897,3217.9279283283486,653.3537935375589,653.3537935375589,-1.1184966081452439,-189.15780070361174
4111100,2017,3010.7092237445227,2344.057751399916,-666.6514723446066,666.6514723446066,-1.1184966081452439,-189.15780070361174
4111100,2018,2421.875433790139,1532.8899744130724,-888.9854593770667,888.9854593770667,-1.1184966081452439,-189.15780070361174
4111100,2019,2631.436164383701,2438.7322882697094,-192.70387611399156,192.70387611399156,-1.1184966081452439,-189.15780070361174
4111100,2020,2960.189435337085,2631.2454217690615,-328.94401356802337,328.94401356802337,-1.1184966081452439,-189.15780070361174
4111100,2021,1598.8042009133194,2949.4241512395124,1350.619950326193,1350.619950326193,-1.1184966081452439,-189.15780070361174
4111100,2022,2291.1704109589505,3464.022126163858,1172.8517152049076,1172.8517152049076,-1.1184966081452439,-189.15780070361174
4111100,2023,3153.31744292239,2420.6265830610705,-732.6908598613195,732.6908598613195,-1.1184966081452439,-189.15780070361174
4111100,2024,2355.0,2719.149787016457,364.14978701645714,364.14978701645714,-1.1184966081452439,-189.15780070361174
4113759,2015,1166.0666666671168,1645.9828080019422,479.9161413348254,479.9161413348254,-1.1184966081452439,-189.15780070361174
4113759,2016,1870.955919854717,2486.1187611884907,615.1628413337737,615.1628413337737,-1.1184966081452439,-189.15780070361174
4113759,2017,2635.288721461567,3610.1068847171564,974.8181632555893,974.8181632555893,-1.1184966081452439,-189.15780070361174
4113759,2018,2541.5560730596844,3045.316407234368,503.7603341746835,503.7603341746835,-1.1184966081452439,-189.15780070361174
4113759,2019,3162.3165753427334,2610.2517618281454,-552.064813514588,552.064813514588,-1.1184966081452439,-189.15780070361174
4113759,2020,3989.428051002033,3284.6592746532606,-704.7687763487725,704.7687763487725,-1.1184966081452439,-189.15780070361174
4113759,2021,2771.7827853882827,3537.0796875155315,765.2969021272488,765.2969021272488,-1.1184966081452439,-189.15780070361174
4113759,2022,2276.0391780822906,3465.2418123584566,1189.202634276166,1189.202634276166,-1.1184966081452439,-189.15780070361174
4113759,2023,2004.6161187215034,3144.5924954886036,1139.9763767671002,1139.9763767671002,-1.1184966081452439,-189.15780070361174
4113759,2024,1000.0,3258.11579925357,2258.11579925357,2258.11579925357,-1.1184966081452439,-189.15780070361174
4122172,2015,2846.399999999965,2618.8477186023883,-227.55228139757673,227.55228139757673,-1.1184966081452439,-189.15780070361174
4122172,2016,2805.7792349726487,2883.0582252130957,77.278990240447,77.278990240447,-1.1184966081452439,-189.15780070361174
4122172,2017,2724.867945205462,2694.927431512652,-29.940513692809873,29.940513692809873,-1.1184966081452439,-189.15780070361174
4122172,2018,2477.7117808219123,2909.637997111501,431.92621628958887,431.92621628958887,-1.1184966081452439,-189.15780070361174
4122172,2019,3105.377534246566,3130.156906488349,24.779372241782767,24.779372241782767,-1.1184966081452439,-189.15780070361174
4122172,2020,3178.754098360644,3223.5690001376393,44.81490177699516,44.81490177699516,-1.1184966081452439,-189.15780070361174
4122172,2021,2229.766575342466,3418.049347505702,1188.2827721632361,1188.2827721632361,-1.1184966081452439,-189.15780070361174
4122172,2022,2655.878904109601,3863.4321891248455,1207.5532850152445,1207.5532850152445,-1.1184966081452439,-189.15780070361174
4122172,2023,3013.2186301369948,1469.7765388162695,-1543.4420913207252,1543.4420913207252,-1.1184966081452439,-189.15780070361174
4122172,2024,2750.0,3589.703730039711,839.703730039711,839.703730039711,-1.1184966081452439,-189.15780070361174
4118105,2015,1824.0000000002037,2581.382562654522,757.3825626543185,757.3825626543185,-1.1184966081452439,-189.15780070361174
4118105,2016,2259.240437158659,2672.9694865529964,413.7290493943374,413.7290493943374,-1.1184966081452439,-189.15780070361174
4118105,2017,2732.9773972604335,3155.6660091638805,422.68861190344705,422.68861190344705,-1.1184966081452439,-189.15780070361174
4118105,2018,1959.2205479453362,1678.8021569223426,-280.41839102299355,280.41839102299355,-1.1184966081452439,-189.15780070361174
4118105,2019,1839.6965753425675,2013.447390953944,173.75081561137654,173.75081561137654,-1.1184966081452439,-189.15780070361174
4118105,2020,2683.306010929034,2626.5256041580806,-56.780406770953505,56.780406770953505,-1.1184966081452439,-189.15780070361174
4118105,2021,1923.0458904110023,3059.6548547849843,1136.608964373982,1136.608964373982,-1.1184966081452439,-189.15780070361174
4118105,2022,2382.576712328796,2675.357498743682,292.7807864148858,292.7807864148858,-1.1184966081452439,-189.15780070361174
4118105,2023,2607.943150684946,3284.1197142713704,676.1765635864244,676.1765635864244,-1.1184966081452439,-189.15780070361174
4118105,2024,1500.0,2935.4392563566225,1435.4392563566225,1435.4392563566225,-1.1184966081452439,-189.15780070361174
4120200,2019,2180.000000000262,2380.878293696239,200.87829369597694,200.87829369597694,-1.1184966081452439,-189.15780070361174
4120200,2020,2652.5683060111473,2911.891811280948,259.32350526980053,259.32350526980053,-1.1184966081452439,-189.15780070361174
4120200,2021,1879.8904109590349,3047.458686439677,1167.5682754806421,1167.5682754806421,-1.1184966081452439,-189.15780070361174
4120200,2022,1839.6164383562077,2968.6740106135026,1129.0575722572949,1129.0575722572949,-1.1184966081452439,-189.15780070361174
4120200,2023,3000.0,2768.6817122442894,-231.31828775571057,231.31828775571057,-1.1184966081452439,-189.15780070361174
4107751,2015,3997.933333333204,2982.144425414289,-1015.7889079189149,1015.7889079189149,-1.1184966081452439,-189.15780070361174
4107751,2016,3934.781785063635,3206.5547754978124,-728.2270095658228,728.2270095658228,-1.1184966081452439,-189.15780070361174
4107751,2017,3809.496210045558,3186.185177412425,-623.311032633133,623.311032633133,-1.1184966081452439,-189.15780070361174
4107751,2018,4021.1206392693157,1265.6244223232434,-2755.4962169460723,2755.4962169460723,-1.1184966081452439,-189.15780070361174
4107751,2019,3991.8436986300585,2782.936043797851,-1208.9076548322073,1208.9076548322073,-1.1184966081452439,-189.15780070361174
4107751,2020,4020.91074681232,3237.069836036527,-783.8409107757934,783.8409107757934,-1.1184966081452439,-189.15780070361174
4107751,2021,4277.029543378942,4061.616591684026,-215.4129516949165,215.4129516949165,-1.1184966081452439,-189.15780070361174
4107751,2022,4043.525205479412,2815.639795185639,-1227.885410293773,1227.885410293773,-1.1184966081452439,-189.15780070361174
4107751,2023,3811.796210045649,2412.348998471262,-1399.447211574387,1399.447211574387,-1.1184966081452439,-189.15780070361174
4107751,2024,3750.0,2815.518996478867,-934.4810035211331,934.4810035211331,-1.1184966081452439,-189.15780070361174
4117297,2015,3027.3333333334303,1870.6243430205704,-1156.70899031286,1156.70899031286,-1.1184966081452439,-189.15780070361174
4117297,2016,3446.0255009108414,2704.1257044064214,-741.89979650442,741.89979650442,-1.1184966081452439,-189.15780070361174
4117297,2017,3639.7867579909503,3330.95652939233,-308.8302285986201,308.8302285986201,-1.1184966081452439,-189.15780070361174
4117297,2018,3404.263926940709,2804.1672387390327,-600.0966882016764,600.0966882016764,-1.1184966081452439,-189.15780070361174
4117297,2019,3719.9739726027983,2578.812209329254,-1141.1617632735442,1141.1617632735442,-1.1184966081452439,-189.15780070361174
4117297,2020,3828.888888888935,2411.1014722703785,-1417.7874166185566,1417.7874166185566,-1.1184966081452439,-189.15780070361174
4117297,2021,3189.476255707797,3541.385680225143,351.909424517346,351.909424517346,-1.1184966081452439,-189.15780070361174
4117297,2022,3385.734246575364,3242.3022720205386,-143.4319745548255,143.4319745548255,-1.1184966081452439,-189.15780070361174
4117297,2023,3590.348401826494,3254.30439011275,-336.0440117137441,336.0440117137441,-1.1184966081452439,-189.15780070361174
4117297,2024,3200.0,3106.2542107394697,-93.74578926053027,93.74578926053027,-1.1184966081452439,-189.15780070361174
4116901,2015,2272.8666666667928,2536.664945735408,263.7982790686151,263.7982790686151,-1.1184966081452439,-189.15780070361174
4116901,2016,2915.995264116695,2960.077974642807,44.082710526111896,44.082710526111896,-1.1184966081452439,-189.15780070361174
4116901,2017,3717.6157077626617,3253.322741077552,-464.2929666851096,464.2929666851096,-1.1184966081452439,-189.15780070361174
4116901,2018,3042.7042922375294,2598.742682520856,-443.9616097166736,443.9616097166736,-1.1184966081452439,-189.15780070361174
4116901,2019,2807.6010958904794,1969.5781087365706,-838.0229871539088,838.0229871539088,-1.1184966081452439,-189.15780070361174
4116901,2020,2898.411657559252,2583.6401857756855,-314.77147178356654,314.77147178356654,-1.1184966081452439,-189.15780070361174
4116901,2021,1723.6960730593996,3389.9299723029403,1666.2338992435407,1666.2338992435407,-1.1184966081452439,-189.15780070361174
4116901,2022,2403.688767123308,3526.1256091488794,1122.4368420255714,1122.4368420255714,-1.1184966081452439,-189.15780070361174
4116901,2023,3619.873242009138,3181.950209735822,-437.9230322733156,437.9230322733156,-1.1184966081452439,-189.15780070361174
4116901,2024,3500.0,3151.363633178893,-348.636366821107,348.636366821107,-1.1184966081452439,-189.15780070361174
4122701,2015,2546.666666666824,1756.5055151844429,-790.161151482381,790.161151482381,-1.1184966081452439,-189.15780070361174
4122701,2016,3241.2750455374867,2328.305510272265,-912.9695352652216,912.9695352652216,-1.1184966081452439,-189.15780070361174
4122701,2017,3767.8584474887093,3612.0658808831276,-155.79256660558167,155.79256660558167,-1.1184966081452439,-189.15780070361174
4122701,2018,3399.114155251249,3136.6005961433957,-262.5135591078533,262.5135591078533,-1.1184966081452439,-189.15780070361174
4122701,2019,3384.068493150773,2910.645583013335,-473.42291013743807,473.42291013743807,-1.1184966081452439,-189.15780070361174
4122701,2020,3564.1165755920524,3244.9161530295237,-319.20042256252873,319.20042256252873,-1.1184966081452439,-189.15780070361174
4122701,2021,3344.114155251191,3386.634982320947,42.52082706975625,42.52082706975625,-1.1184966081452439,-189.15780070361174
4122701,2022,3429.8904109589334,3694.501462332374,264.61105137344066,264.61105137344066,-1.1184966081452439,-189.15780070361174
4122701,2023,3280.59817351599,3385.472424777527,104.87425126153721,104.87425126153721,-1.1184966081452439,-189.15780070361174
4122701,2024,2850.0,3560.9119620654274,710.9119620654274,710.9119620654274,-1.1184966081452439,-189.15780070361174
4119657,2015,2557.466666666791,1802.6743399558939,-754.792326710897,754.792326710897,-1.1184966081452439,-189.15780070361174
4119657,2016,3488.937340619424,2397.1766011943337,-1091.7607394250904,1091.7607394250904,-1.1184966081452439,-189.15780070361174
4119657,2017,4078.99091324211,3431.6767750299523,-647.3141382121576,647.3141382121576,-1.1184966081452439,-189.15780070361174
4119657,2018,3457.0952511416376,2962.151962259905,-494.94328888173277,494.94328888173277,-1.1184966081452439,-189.15780070361174
4119657,2019,3384.103698630207,2529.975983366829,-854.1277152633779,854.1277152633779,-1.1184966081452439,-189.15780070361174
4119657,2020,3479.4936247723676,3307.8103686949626,-171.68325607740508,171.68325607740508,-1.1184966081452439,-189.15780070361174
4119657,2021,3209.7205936073447,3687.3049571811785,477.5843635738338,477.5843635738338,-1.1184966081452439,-189.15780070361174
4119657,2022,3637.9838356164614,3770.426160239254,132.4423246227925,132.4423246227925,-1.1184966081452439,-189.15780070361174
4119657,2023,3602.167625570784,3367.142970425597,-235.0246551451869,235.0246551451869,-1.1184966081452439,-189.15780070361174
4119657,2024,3008.0,3285.5850736052835,277.58507360528347,277.58507360528347,-1.1184966081452439,-189.15780070361174
4128534,2015,3692.6666666666647,2777.629394678345,-915.0372719883198,915.0372719883198,-1.1184966081452439,-189.15780070361174
4128534,2016,3689.4826958105605,6098.160977136852,2408.6782813262917,2408.6782813262917,-1.1184966081452439,-189.15780070361174
4128534,2017,3678.603652968033,2952.9420856486554,-725.6615673193778,725.6615673193778,-1.1184966081452439,-189.15780070361174
4128534,2018,3663.270319634701,3544.3283991588596,-118.94192047584147,118.94192047584147,-1.1184966081452439,-189.15780070361174
4128534,2019,3846.556164383559,3301.8435551401494,-544.7126092434096,544.7126092434096,-1.1184966081452439,-189.15780070361174
4128534,2020,3828.5482695810533,3877.5960592812626,49.04778970020925,49.04778970020925,-1.1184966081452439,-189.15780070361174
4128534,2021,3617.2703196347,3767.7706595725813,150.5003399378811,150.5003399378811,-1.1184966081452439,-189.15780070361174
4128534,2022,3601.936986301367,2435.3417766986663,-1166.5952096027008,1166.5952096027008,-1.1184966081452439,-189.15780070361174
4128534,2023,3698.011872146118,2887.918917174452,-810.0929549716661,810.0929549716661,-1.1184966081452439,-189.15780070361174
4128534,2024,3800.0,3029.9145319283125,-770.0854680716875,770.0854680716875,-1.1184966081452439,-189.15780070361174
4119202,2015,3186.266666666721,1084.0922726377369,-2102.1743940289844,2102.1743940289844,-1.1184966081452439,-189.15780070361174
4119202,2016,3501.337340619359,3154.742894176538,-346.5944464428212,346.5944464428212,-1.1184966081452439,-189.15780070361174
4119202,2017,3801.245981735204,2737.0499664539575,-1064.1960152812467,1064.1960152812467,-1.1184966081452439,-189.15780070361174
4119202,2018,3997.25031963474,3386.309940513136,-610.9403791216041,610.9403791216041,-1.1184966081452439,-189.15780070361174
4119202,2019,3793.9532876712633,2727.8139556141277,-1066.1393320571356,1066.1393320571356,-1.1184966081452439,-189.15780070361174
4119202,2020,3465.3843351548508,3121.971226329467,-343.4131088253839,343.4131088253839,-1.1184966081452439,-189.15780070361174
4119202,2021,3768.5975799086923,3920.6571911779456,152.0596112692533,152.0596112692533,-1.1184966081452439,-189.15780070361174
4119202,2022,3755.4594520548044,3027.4124472080402,-728.0470048467641,728.0470048467641,-1.1184966081452439,-189.15780070361174
4119202,2023,3493.9432420091357,2822.5120292372612,-671.4312127718745,671.4312127718745,-1.1184966081452439,-189.15780070361174
4119202,2024,3470.0,3011.544252555108,-458.45574744489204,458.45574744489204,-1.1184966081452439,-189.15780070361174
4107108,2015,1906.6666666668025,3081.2834951513682,1174.6168284845658,1174.6168284845658,-1.1184966081452439,-189.15780070361174
4107108,2016,1987.941712204153,2635.2933298057023,647.3516176015494,647.3516176015494,-1.1184966081452439,-189.15780070361174
4107108,2017,2149.831050228446,2107.176001955069,-42.65504827337736,42.65504827337736,-1.1184966081452439,-189.15780070361174
4107108,2018,1656.1552511416494,1737.9825243891505,81.82727324750113,81.82727324750113,-1.1184966081452439,-189.15780070361174
4107108,2019,1526.0410958904984,2206.0627182522235,680.0216223617251,680.0216223617251,-1.1184966081452439,-189.15780070361174
4107108,2020,2235.7012750456147,2819.53130905055,583.8300340049354,583.8300340049354,-1.1184966081452439,-189.15780070361174
4107108,2021,1386.6347031963858,3245.2587099490793,1858.6240067526935,1858.6240067526935,-1.1184966081452439,-189.15780070361174
4107108,2022,1668.8493150685224,3084.5851049366265,1415.7357898681041,1415.7357898681041,-1.1184966081452439,-189.15780070361174
4107108,2023,2414.0776255707956,2717.7066801346823,303.6290545638867,303.6290545638867,-1.1184966081452439,-189.15780070361174
4107108,2024,1800.0,2484.4007755526914,684.4007755526914,684.4007755526914,-1.1184966081452439,-189.15780070361174
4126504,2015,2386.7333333334677,2561.964921320802,175.23158798733448,175.23158798733448,-1.1184966081452439,-189.15780070361174
4126504,2016,2823.2473588343746,3424.13730070437,600.8899418699953,600.8899418699953,-1.1184966081452439,-189.15780070361174
4126504,2017,3229.4499086759147,3345.0178627270734,115.56795405115872,115.56795405115872,-1.1184966081452439,-189.15780070361174
4126504,2018,2775.4455707763495,1621.9502330019116,-1153.495337774438,1153.495337774438,-1.1184966081452439,-189.15780070361174
4126504,2019,2756.509726027476,1979.0726164277576,-777.4371095997185,777.4371095997185,-1.1184966081452439,-189.15780070361174
4126504,2020,3051.9599271403176,3306.8581966623196,254.898269522002,254.898269522002,-1.1184966081452439,-189.15780070361174
4126504,2021,3074.287351598214,3104.631826064783,30.344474466568954,30.344474466568954,-1.1184966081452439,-189.15780070361174
4126504,2022,3186.006301369889,3035.6645298270932,-150.34177154279587,150.34177154279587,-1.1184966081452439,-189.15780070361174
4126504,2023,2735.251278538824,2605.323768482488,-129.9275100563359,129.9275100563359,-1.1184966081452439,-189.15780070361174
4126504,2024,2300.0,2642.7940233241206,342.79402332412064,342.79402332412064,-1.1184966081452439,-189.15780070361174
4105102,2015,2032.0000000001307,2560.3124701956845,528.3124701955537,528.3124701955537,-1.1184966081452439,-189.15780070361174
4105102,2016,2477.420765027446,3492.3856029422523,1014.9648379148061,1014.9648379148061,-1.1184966081452439,-189.15780070361174
4105102,2017,2921.024657534356,3296.7951831898117,375.7705256554559,375.7705256554559,-1.1184966081452439,-189.15780070361174
4105102,2018,2090.2027397261218,1942.5649001534762,-147.6378395726456,147.6378395726456,-1.1184966081452439,-189.15780070361174
4105102,2019,2024.1479452055592,1924.9079996928701,-99.23994551268902,99.23994551268902,-1.1184966081452439,-189.15780070361174
4105102,2020,2613.169398907169,2956.0479007997665,342.87850189259734,342.87850189259734,-1.1184966081452439,-189.15780070361174
4105102,2021,1930.668493150736,2884.019068061531,953.3505749107951,953.3505749107951,-1.1184966081452439,-189.15780070361174
4105102,2022,2499.9013698630424,3187.962364875139,688.0609950120966,688.0609950120966,-1.1184966081452439,-189.15780070361174
4105102,2023,2780.531506849322,2592.181021013502,-188.3504858358201,188.3504858358201,-1.1184966081452439,-189.15780070361174
4105102,2024,2000.0,2752.6138816768107,752.6138816768107,752.6138816768107,-1.1184966081452439,-189.15780070361174
4101101,2015,3255.666666666672,2446.858841062456,-808.8078256042159,808.8078256042159,-1.1184966081452439,-189.15780070361174
4101101,2016,3437.990892531884,2764.704818456985,-673.2860740748993,673.2860740748993,-1.1184966081452439,-189.15780070361174
4101101,2017,4188.313242009141,3065.822481678257,-1122.4907603308834,1122.4907603308834,-1.1184966081452439,-189.15780070361174
4101101,2018,3867.64840182649,1826.0080716177904,-2041.6403302086997,2041.6403302086997,-1.1184966081452439,-189.15780070361174
4101101,2019,3136.104109589044,2564.100805325175,-572.0033042638693,572.0033042638693,-1.1184966081452439,-189.15780070361174
4101101,2020,3184.2040072859754,3132.2405517611314,-51.963455524843994,51.963455524843994,-1.1184966081452439,-189.15780070361174
4101101,2021,3344.32511415525,2683.8642208379415,-660.4608933173085,660.4608933173085,-1.1184966081452439,-189.15780070361174
4101101,2022,3664.1479452054796,3246.8345774432396,-417.31336776224,417.31336776224,-1.1184966081452439,-189.15780070361174
4101101,2023,3731.0748858447505,3074.525167608503,-656.5497182362474,656.5497182362474,-1.1184966081452439,-189.15780070361174
4101101,2024,3720.0,3435.7321896475605,-284.2678103524395,284.2678103524395,-1.1184966081452439,-189.15780070361174
4124202,2016,3664.4166666667443,2633.3520174774503,-1031.064649189294,1031.064649189294,-1.1184966081452439,-189.15780070361174
4124202,2017,3727.4723744292914,2317.383000681291,-1410.0893737480005,1410.0893737480005,-1.1184966081452439,-189.15780070361174
4124202,2018,2975.9091324201395,3412.8930398845337,436.9839074643942,436.9839074643942,-1.1184966081452439,-189.15780070361174
4124202,2019,2782.573287671277,2137.3869245638966,-645.1863631073802,645.1863631073802,-1.1184966081452439,-189.15780070361174
4124202,2020,3331.948998178545,2959.1727026759827,-372.77629550256233,372.77629550256233,-1.1184966081452439,-189.15780070361174
4124202,2021,3117.931735159837,2893.6672678483774,-224.2644673114596,224.2644673114596,-1.1184966081452439,-189.15780070361174
4124202,2022,3196.8561643835765,2947.5857742351977,-249.27039014837874,249.27039014837874,-1.1184966081452439,-189.15780070361174
4124202,2023,3517.120319634713,2763.9854005855664,-753.1349190491464,753.1349190491464,-1.1184966081452439,-189.15780070361174
4124202,2024,3597.0,2580.1866911424754,-1016.8133088575246,1016.8133088575246,-1.1184966081452439,-189.15780070361174
4108007,2015,2285.2000000001494,2300.370401570613,15.170401570463582,15.170401570463582,-1.1184966081452439,-189.15780070361174
4108007,2016,2808.971584699596,2823.108646456384,14.137061756788171,14.137061756788171,-1.1184966081452439,-189.15780070361174
4108007,2017,3338.064794520674,3239.7007217053324,-98.36407281534139,98.36407281534139,-1.1184966081452439,-189.15780070361174
4108007,2018,2855.805205479558,2031.7220667448983,-824.0831387346598,824.0831387346598,-1.1184966081452439,-189.15780070361174
4108007,2019,2778.499041095977,1994.9300787816983,-783.5689623142789,783.5689623142789,-1.1184966081452439,-189.15780070361174
4108007,2020,2954.803278688592,2650.77986955621,-304.02340913238186,304.02340913238186,-1.1184966081452439,-189.15780070361174
4108007,2021,2514.5990410959375,3138.8004066151752,624.2013655192377,624.2013655192377,-1.1184966081452439,-189.15780070361174
4108007,2022,2959.095616438384,3232.3776742964014,273.28205785801765,273.28205785801765,-1.1184966081452439,-189.15780070361174
4108007,2023,3053.5620547945286,3284.931406459486,231.36935166495732,231.36935166495732,-1.1184966081452439,-189.15780070361174
4108007,2024,2509.0,3254.659565755078,745.6595657550779,745.6595657550779,-1.1184966081452439,-189.15780070361174
4115739,2015,2740.5333333335,2529.7303917340646,-210.8029415994356,210.8029415994356,-1.1184966081452439,-189.15780070361174
4115739,2016,3164.805828779745,3446.6953292107833,281.8895004310384,281.8895004310384,-1.1184966081452439,-189.15780070361174
4115739,2017,3457.3974429224922,3342.752331368155,-114.64511155433729,114.64511155433729,-1.1184966081452439,-189.15780070361174
4115739,2018,2968.3992694064964,3602.773369627156,634.3741002206598,634.3741002206598,-1.1184966081452439,-189.15780070361174
4115739,2019,3002.4969863014594,3305.517457817309,303.02047151584975,303.02047151584975,-1.1184966081452439,-189.15780070361174
4115739,2020,3311.8178506375993,3217.2191628551436,-94.59868778245573,94.59868778245573,-1.1184966081452439,-189.15780070361174
4115739,2021,2635.2677625571405,3717.1165649744207,1081.8488024172802,1081.8488024172802,-1.1184966081452439,-189.15780070361174
4115739,2022,2738.7627397260767,2930.6156364291833,191.85289670310658,191.85289670310658,-1.1184966081452439,-189.15780070361174
4115739,2023,3385.7371689497927,2667.73161407262,-718.0055548771729,718.0055548771729,-1.1184966081452439,-189.15780070361174
4115739,2024,3350.0,3059.2815614336946,-290.7184385663054,290.7184385663054,-1.1184966081452439,-189.15780070361174
4126603,2015,3418.666666666686,775.1260121997976,-2643.5406544668886,2643.5406544668886,-1.1184966081452439,-189.15780070361174
4126603,2016,3580.8816029144045,3121.637238440051,-459.24436447435346,459.24436447435346,-1.1184966081452439,-189.15780070361174
4126603,2017,3828.3762557077675,2624.290692457397,-1204.0855632503703,1204.0855632503703,-1.1184966081452439,-189.15780070361174
4126603,2018,4101.864840182643,3375.8996224669627,-725.9652177156804,725.9652177156804,-1.1184966081452439,-189.15780070361174
4126603,2019,4020.8328767123294,2672.1453299804994,-1348.68754673183,1348.68754673183,-1.1184966081452439,-189.15780070361174
4126603,2020,3976.8488160291486,3557.90852871581,-418.94028731333856,418.94028731333856,-1.1184966081452439,-189.15780070361174
4126603,2021,4153.01552511415,3552.3818187874012,-600.6337063267483,600.6337063267483,-1.1184966081452439,-189.15780070361174
4126603,2022,3833.709589041081,3154.447337333841,-679.26225170724,679.26225170724,-1.1184966081452439,-189.15780070361174
4126603,2023,3518.348858447479,2771.7465467134316,-746.6023117340474,746.6023117340474,-1.1184966081452439,-189.15780070361174
4126603,2024,3480.0,3300.2336553049677,-179.76634469503233,179.76634469503233,-1.1184966081452439,-189.15780070361174
4104303,2015,3037.0666666667994,1950.844806292068,-1086.2218603747315,1086.2218603747315,-1.1184966081452439,-189.15780070361174
4104303,2016,3435.917668488285,2898.4303716714826,-537.4872968168024,537.4872968168024,-1.1184966081452439,-189.15780070361174
4104303,2017,3710.135981735268,3323.99492619752,-386.14105553774834,386.14105553774834,-1.1184966081452439,-189.15780070361174
4104303,2018,3290.023196347124,1176.8891408917593,-2113.134055455365,2113.134055455365,-1.1184966081452439,-189.15780070361174
4104303,2019,3548.3761643836365,2918.0141830890775,-630.361981294559,630.361981294559,-1.1184966081452439,-189.15780070361174
4104303,2020,3994.673952641224,3205.9868768029733,-788.6870758382506,788.6870758382506,-1.1184966081452439,-189.15780070361174
4104303,2021,3100.095799086799,2782.248507928414,-317.84729115838536,317.84729115838536,-1.1184966081452439,-189.15780070361174
4104303,2022,3381.626849315093,3721.7190431879353,340.0921938728425,340.0921938728425,-1.1184966081452439,-189.15780070361174
4104303,2023,3708.445570776263,2031.8147803359307,-1676.6307904403325,1676.6307904403325,-1.1184966081452439,-189.15780070361174
4104303,2024,3000.0,3126.0483865253354,126.04838652533545,126.04838652533545,-1.1184966081452439,-189.15780070361174
4111605,2015,2981.066666666796,2954.988174198407,-26.078492468389413,26.078492468389413,-1.1184966081452439,-189.15780070361174
4111605,2016,3052.2619307833734,3359.1604131231506,306.8984823397773,306.8984823397773,-1.1184966081452439,-189.15780070361174
4111605,2017,3177.94214611884,2335.248208945288,-842.6939371735521,842.6939371735521,-1.1184966081452439,-189.15780070361174
4111605,2018,2813.695799086849,1489.3377993454162,-1324.3579997414329,1324.3579997414329,-1.1184966081452439,-189.15780070361174
4111605,2019,2900.791917808298,2438.333700838356,-462.458216969942,462.458216969942,-1.1184966081452439,-189.15780070361174
4111605,2020,3210.3570127505213,2634.8063015586254,-575.550711191896,575.550711191896,-1.1184966081452439,-189.15780070361174
4111605,2021,1866.4636073059894,3081.6655442434308,1215.2019369374414,1215.2019369374414,-1.1184966081452439,-189.15780070361174
4111605,2022,2492.518630137027,3443.3354411744926,950.8168110374659,950.8168110374659,-1.1184966081452439,-189.15780070361174
4111605,2023,3736.1215981735295,2580.73127512856,-1155.3903230449696,1155.3903230449696,-1.1184966081452439,-189.15780070361174
4111605,2024,3245.0,2694.285285712393,-550.714714287607,550.714714287607,-1.1184966081452439,-189.15780070361174
4118709,2015,2383.133333333477,2760.9600240410323,377.8266907075554,377.8266907075554,-1.1184966081452439,-189.15780070361174
4118709,2016,2638.3872495447577,2683.8849508938347,45.49770134907703,45.49770134907703,-1.1184966081452439,-189.15780070361174
4118709,2017,2776.2993607306994,2551.3437682405443,-224.95559249015514,224.95559249015514,-1.1184966081452439,-189.15780070361174
4118709,2018,2750.6765296804606,3086.660753822654,335.9842241421934,335.9842241421934,-1.1184966081452439,-189.15780070361174
4118709,2019,2948.1112328767967,2744.900039780079,-203.21119309671758,203.21119309671758,-1.1184966081452439,-189.15780070361174
4118709,2020,3019.7249544627184,2948.9824280995317,-70.7425263631867,70.7425263631867,-1.1184966081452439,-189.15780070361174
4118709,2021,2894.958721461221,2442.436594528611,-452.52212693261026,452.52212693261026,-1.1184966081452439,-189.15780070361174
4118709,2022,2847.7112328767207,3203.9380545537456,356.2268216770249,356.2268216770249,-1.1184966081452439,-189.15780070361174
4118709,2023,2579.1377168949753,3769.2278162304424,1190.0900993354671,1190.0900993354671,-1.1184966081452439,-189.15780070361174
4118709,2024,2278.0,3558.999446114522,1280.999446114522,1280.999446114522,-1.1184966081452439,-189.15780070361174
4110078,2015,3364.4000000000306,2238.02464787748,-1126.3753521225503,1126.3753521225503,-1.1184966081452439,-189.15780070361174
4110078,2016,3637.232786885273,2628.3333608200555,-1008.8994260652175,1008.8994260652175,-1.1184966081452439,-189.15780070361174
4110078,2017,3848.9761643835836,3067.3994928093375,-781.5766715742461,781.5766715742461,-1.1184966081452439,-189.15780070361174
4110078,2018,3481.621369863032,3330.0647498345807,-151.55662002845156,151.55662002845156,-1.1184966081452439,-189.15780070361174
4110078,2019,3505.0282191780984,3408.5766865892538,-96.45153258884466,96.45153258884466,-1.1184966081452439,-189.15780070361174
4110078,2020,3774.256830601106,3300.9361777652243,-473.32065283588145,473.32065283588145,-1.1184966081452439,-189.15780070361174
4110078,2021,3659.7515068493235,3804.3462255708123,144.5947187214888,144.5947187214888,-1.1184966081452439,-189.15780070361174
4110078,2022,3647.3391780821958,3218.3712611582414,-428.96791692395436,428.96791692395436,-1.1184966081452439,-189.15780070361174
4110078,2023,3588.285753424659,2898.792120819953,-689.4936326047059,689.4936326047059,-1.1184966081452439,-189.15780070361174
4110078,2024,3484.0,3269.861263709098,-214.13873629090222,214.13873629090222,-1.1184966081452439,-189.15780070361174
4127007,2015,3573.866666666669,2343.794497733963,-1230.072168932706,1230.072168932706,-1.1184966081452439,-189.15780070361174
4127007,2016,3822.0990892531872,3138.5814186554253,-683.5176705977619,683.5176705977619,-1.1184966081452439,-189.15780070361174
4127007,2017,3947.53762557078,2845.52490530639,-1102.0127202643903,1102.0127202643903,-1.1184966081452439,-189.15780070361174
4127007,2018,3910.9481278538883,3359.8255610812266,-551.1225667726617,551.1225667726617,-1.1184966081452439,-189.15780070361174
4127007,2019,3903.8380821917835,2231.4935922917434,-1672.3444899000401,1672.3444899000401,-1.1184966081452439,-189.15780070361174
4127007,2020,3866.581056466302,2525.5105842535613,-1341.0704722127407,1341.0704722127407,-1.1184966081452439,-189.15780070361174
4127007,2021,3845.015251141548,2704.9586397161047,-1140.0566114254434,1140.0566114254434,-1.1184966081452439,-189.15780070361174
4127007,2022,3653.3463013698542,3875.3769377326466,222.0306363627924,222.0306363627924,-1.1184966081452439,-189.15780070361174
4127007,2023,3778.625296803648,3861.352991066841,82.72769426319292,82.72769426319292,-1.1184966081452439,-189.15780070361174
4127007,2024,4021.0,2905.1621024498613,-1115.8378975501387,1115.8378975501387,-1.1184966081452439,-189.15780070361174
4120606,2015,3255.9333333334225,2050.754201774468,-1205.1791315589544,1205.1791315589544,-1.1184966081452439,-189.15780070361174
4120606,2016,3568.699817850722,2303.5431489301914,-1265.1566689205306,1265.1566689205306,-1.1184966081452439,-189.15780070361174
4120606,2017,3829.235251141625,3340.6693120681894,-488.56593907343586,488.56593907343586,-1.1184966081452439,-189.15780070361174
4120606,2018,3656.752146118783,2490.8095162478053,-1165.9426298709777,1165.9426298709777,-1.1184966081452439,-189.15780070361174
4120606,2019,3684.6252054795023,3413.137412408581,-271.48779307092127,271.48779307092127,-1.1184966081452439,-189.15780070361174
4120606,2020,3785.276867031005,4083.0434857749865,297.7666187439813,297.7666187439813,-1.1184966081452439,-189.15780070361174
4120606,2021,3444.771324200941,3499.2778628945225,54.50653869358166,54.50653869358166,-1.1184966081452439,-189.15780070361174
4120606,2022,3518.25534246577,3432.0822184049675,-86.17312406080237,86.17312406080237,-1.1184966081452439,-189.15780070361174
4120606,2023,3695.974977168955,2735.9792593871593,-959.9957177817955,959.9957177817955,-1.1184966081452439,-189.15780070361174
4120606,2024,3520.0,3380.0773976106725,-139.9226023893275,139.9226023893275,-1.1184966081452439,-189.15780070361174
4123857,2015,3130.666666666723,1970.9789941973029,-1159.68767246942,1159.68767246942,-1.1184966081452439,-189.15780070361174
4123857,2016,3499.504553734116,2819.867614205609,-679.6369395285074,679.6369395285074,-1.1184966081452439,-189.15780070361174
4123857,2017,3704.8666666667154,3508.2775580942675,-196.5891085724479,196.5891085724479,-1.1184966081452439,-189.15780070361174
4123857,2018,3363.327853881317,3120.447391844524,-242.88046203679278,242.88046203679278,-1.1184966081452439,-189.15780070361174
4123857,2019,3551.5150684931837,3717.218186733319,165.70311824013515,165.70311824013515,-1.1184966081452439,-189.15780070361174
4123857,2020,3504.9362477231593,1942.6775526532426,-1562.2586950699167,1562.2586950699167,-1.1184966081452439,-189.15780070361174
4123857,2021,3090.766210045683,3217.9301043491205,127.1638943034377,127.1638943034377,-1.1184966081452439,-189.15780070361174
4123857,2022,3250.871232876728,4079.220629979016,828.3493971022881,828.3493971022881,-1.1184966081452439,-189.15780070361174
4123857,2023,3569.414611872151,2831.3053118347375,-738.1093000374135,738.1093000374135,-1.1184966081452439,-189.15780070361174
4123857,2024,3720.0,3069.363948394766,-650.6360516052341,650.6360516052341,-1.1184966081452439,-189.15780070361174
4105805,2023,3050.0,4092.582435145461,1042.5824351454612,1042.5824351454612,-1.1184966081452439,-189.15780070361174
4105805,2024,3050.0,4163.963084444272,1113.9630844442718,1113.9630844442718,-1.1184966081452439,-189.15780070361174
4111407,2015,3382.6666666667056,2273.403044167345,-1109.2636224993607,1109.2636224993607,-1.1184966081452439,-189.15780070361174
4111407,2016,3602.44444444448,2976.9295713705674,-625.5148730739124,625.5148730739124,-1.1184966081452439,-189.15780070361174
4111407,2017,3767.994063926971,2971.999644324631,-795.9944196023403,795.9944196023403,-1.1184966081452439,-189.15780070361174
4111407,2018,3413.1059360730856,3249.6290116028113,-163.4769244702743,163.4769244702743,-1.1184966081452439,-189.15780070361174
4111407,2019,3490.8205479452267,3519.515497073711,28.69494912848404,28.69494912848404,-1.1184966081452439,-189.15780070361174
4111407,2020,3664.346083788723,3341.196079380842,-323.1500044078807,323.1500044078807,-1.1184966081452439,-189.15780070361174
4111407,2021,3369.2662100456746,3760.348652352279,391.0824423066042,391.0824423066042,-1.1184966081452439,-189.15780070361174
4111407,2022,3571.7041095890477,3097.380916121182,-474.3231934678656,474.3231934678656,-1.1184966081452439,-189.15780070361174
4111407,2023,3672.8269406392724,1234.8268907339896,-2438.000049905283,2438.000049905283,-1.1184966081452439,-189.15780070361174
4111407,2024,3481.0,3481.855570562833,0.8555705628327814,0.8555705628327814,-1.1184966081452439,-189.15780070361174
4105201,2015,3101.866666666742,2282.0098337595505,-819.8568329071913,819.8568329071913,-1.1184966081452439,-189.15780070361174
4105201,2016,3378.880510018285,3736.109294181213,357.22878416292815,357.22878416292815,-1.1184966081452439,-189.15780070361174
4105201,2017,3461.8342009133,3573.565803407187,111.7316024938873,111.7316024938873,-1.1184966081452439,-189.15780070361174
4105201,2018,3295.081004566261,2818.422452614953,-476.65855195130825,476.65855195130825,-1.1184966081452439,-189.15780070361174
4105201,2019,3359.2784931507276,3583.7209625742144,224.44246942348673,224.44246942348673,-1.1184966081452439,-189.15780070361174
4105201,2020,3318.9908925319073,4210.0502001644945,891.0593076325872,891.0593076325872,-1.1184966081452439,-189.15780070361174
4105201,2021,3328.2022374429425,3860.041505314714,531.8392678717714,531.8392678717714,-1.1184966081452439,-189.15780070361174
4105201,2022,3489.0545205479552,3748.398555689795,259.34403514183987,259.34403514183987,-1.1184966081452439,-189.15780070361174
4105201,2023,3337.6876255707784,3203.684772441864,-134.00285312891447,134.00285312891447,-1.1184966081452439,-189.15780070361174
4105201,2024,3120.0,3518.0593399411405,398.0593399411405,398.0593399411405,-1.1184966081452439,-189.15780070361174
4104659,2015,3751.4000000000374,1464.6529272742182,-2286.747072725819,2286.747072725819,-1.1184966081452439,-189.15780070361174
4104659,2016,4111.708196721348,2372.579234962851,-1739.128961758497,1739.128961758497,-1.1184966081452439,-189.15780070361174
4104659,2017,4247.1487671233135,3752.4332713268077,-494.7154957965058,494.7154957965058,-1.1184966081452439,-189.15780070361174
4104659,2018,3960.0816438356323,3308.055582270054,-652.0260615655784,652.0260615655784,-1.1184966081452439,-189.15780070361174
4104659,2019,4104.587123287684,3460.5410368429552,-644.0460864447291,644.0460864447291,-1.1184966081452439,-189.15780070361174
4104659,2020,4063.185792349737,1901.383014463476,-2161.8027778862606,2161.8027778862606,-1.1184966081452439,-189.15780070361174
4104659,2021,3899.94328767124,3016.293695251036,-883.649592420204,883.649592420204,-1.1184966081452439,-189.15780070361174
4104659,2022,4140.226849315072,3308.9875171198128,-831.2393321952595,831.2393321952595,-1.1184966081452439,-189.15780070361174
4104659,2023,4107.628219178084,3459.5734499174623,-648.0547692606215,648.0547692606215,-1.1184966081452439,-189.15780070361174
4104659,2024,3924.0,2285.0520613021636,-1638.9479386978364,1638.9479386978364,-1.1184966081452439,-189.15780070361174
4119905,2015,3732.466666666703,1688.4458015173393,-2044.0208651493638,2044.0208651493638,-1.1184966081452439,-189.15780070361174
4119905,2016,4021.5712204007573,2949.532600898954,-1072.0386195018032,1072.0386195018032,-1.1184966081452439,-189.15780070361174
4119905,2017,4159.358721461208,2406.122587314705,-1753.236134146503,1753.236134146503,-1.1184966081452439,-189.15780070361174
4119905,2018,3915.8363470319837,3235.8201387579384,-680.0162082740453,680.0162082740453,-1.1184966081452439,-189.15780070361174
4119905,2019,4029.4098630137173,2871.919660242448,-1157.4902027712692,1157.4902027712692,-1.1184966081452439,-189.15780070361174
4119905,2020,4032.663023679436,2184.316643004253,-1848.346380675183,1848.346380675183,-1.1184966081452439,-189.15780070361174
4119905,2021,3847.965114155268,2697.339406877684,-1150.6257072775843,1150.6257072775843,-1.1184966081452439,-189.15780070361174
4119905,2022,4075.626301369872,3044.9261699771346,-1030.7001313927376,1030.7001313927376,-1.1184966081452439,-189.15780070361174
4119905,2023,4051.0683105022836,3554.082788710093,-496.9855217921904,496.9855217921904,-1.1184966081452439,-189.15780070361174
4119905,2024,3822.0,2207.2638694864913,-1614.7361305135087,1614.7361305135087,-1.1184966081452439,-189.15780070361174
4113205,2015,3525.466666666703,1064.3847163258606,-2461.0819503408425,2461.0819503408425,-1.1184966081452439,-189.15780070361174
4113205,2016,3514.440072859778,1278.3878024150965,-2236.052270444681,2236.052270444681,-1.1184966081452439,-189.15780070361174
4113205,2017,3691.599817351627,3398.151726869313,-293.448090482314,293.448090482314,-1.1184966081452439,-189.15780070361174
4113205,2018,3865.543196347056,3041.500498469747,-824.0426978773089,824.0426978773089,-1.1184966081452439,-189.15780070361174
4113205,2019,3955.0180821917997,3265.916891745126,-689.1011904466736,689.1011904466736,-1.1184966081452439,-189.15780070361174
4113205,2020,4009.5264116575727,2658.3969779262243,-1351.1294337313484,1351.1294337313484,-1.1184966081452439,-189.15780070361174
4113205,2021,3954.743196347042,2846.492417380311,-1108.250778966731,1108.250778966731,-1.1184966081452439,-189.15780070361174
4113205,2022,3779.0564383561696,2991.2757285685625,-787.7807097876071,787.7807097876071,-1.1184966081452439,-189.15780070361174
4113205,2023,3496.9888584474893,4104.918685793918,607.9298273464283,607.9298273464283,-1.1184966081452439,-189.15780070361174
4113205,2024,3379.0,2072.485968477954,-1306.514031522046,1306.514031522046,-1.1184966081452439,-189.15780070361174
4112009,2015,3616.6666666667,2239.532684417374,-1377.133982249326,1377.133982249326,-1.1184966081452439,-189.15780070361174
4112009,2016,3909.9690346084117,2872.282113949122,-1037.6869206592896,1037.6869206592896,-1.1184966081452439,-189.15780070361174
4112009,2017,4059.6468036529977,3720.247423243967,-339.3993804090305,339.3993804090305,-1.1184966081452439,-189.15780070361174
4112009,2018,3781.0634703196592,2962.4695871145436,-818.5938832051156,818.5938832051156,-1.1184966081452439,-189.15780070361174
4112009,2019,3921.3952054794704,3391.846176017592,-529.5490294618785,529.5490294618785,-1.1184966081452439,-189.15780070361174
4112009,2020,4029.138433515498,2538.7774279371815,-1490.3610055783165,1490.3610055783165,-1.1184966081452439,-189.15780070361174
4112009,2021,3828.1600456621104,3293.6869769739465,-534.473068688164,534.473068688164,-1.1184966081452439,-189.15780070361174
4112009,2022,3952.683561643839,2926.5373731368754,-1026.1461885069634,1026.1461885069634,-1.1184966081452439,-189.15780070361174
4112009,2023,3900.0755707762573,3876.3959702556326,-23.679600520624717,23.679600520624717,-1.1184966081452439,-189.15780070361174
4112009,2024,3693.0,2575.200250918579,-1117.799749081421,1117.799749081421,-1.1184966081452439,-189.15780070361174
4104907,2015,3726.600000000035,1684.8010478834522,-2041.7989521165828,2041.7989521165828,-1.1184966081452439,-189.15780070361174
4104907,2016,4016.0732240437446,3275.6863060994597,-740.386917944285,740.386917944285,-1.1184966081452439,-189.15780070361174
4104907,2017,4154.595068493176,2136.68625502322,-2017.908813469956,2017.908813469956,-1.1184966081452439,-189.15780070361174
4104907,2018,3962.21698630139,3541.0863348732832,-421.13065142810683,421.13065142810683,-1.1184966081452439,-189.15780070361174
4104907,2019,4070.6608219178247,2892.6612593803834,-1177.9995625374413,1177.9995625374413,-1.1184966081452439,-189.15780070361174
4104907,2020,4025.1256830601283,2242.767866854118,-1782.3578162060103,1782.3578162060103,-1.1184966081452439,-189.15780070361174
4104907,2021,3920.2389041096035,3108.3823146808463,-811.8565894287572,811.8565894287572,-1.1184966081452439,-189.15780070361174
4104907,2022,4104.071780821928,2883.8449999487048,-1220.226780873223,1220.226780873223,-1.1184966081452439,-189.15780070361174
4104907,2023,4010.5786301369917,4161.957469828906,151.37883969191444,151.37883969191444,-1.1184966081452439,-189.15780070361174
4104907,2024,3827.0,2467.912157271316,-1359.0878427286839,1359.0878427286839,-1.1184966081452439,-189.15780070361174
4125605,2015,2760.8000000000907,2599.044586683989,-161.75541331610157,161.75541331610157,-1.1184966081452439,-189.15780070361174
4125605,2016,3020.159562841617,2727.8066138501717,-292.3529489914454,292.3529489914454,-1.1184966081452439,-189.15780070361174
4125605,2017,3060.8906849315813,2174.391614183246,-886.4990707483353,886.4990707483353,-1.1184966081452439,-189.15780070361174
4125605,2018,2920.1331506849924,2935.2832910650195,15.150140380027096,15.150140380027096,-1.1184966081452439,-189.15780070361174
4125605,2019,3187.5564383562196,2696.1984719345255,-491.3579664216941,491.3579664216941,-1.1184966081452439,-189.15780070361174
4125605,2020,3277.2841530055066,1969.4595492333053,-1307.8246037722013,1307.8246037722013,-1.1184966081452439,-189.15780070361174
4125605,2021,2996.298904109618,2823.45497398106,-172.843930128558,172.843930128558,-1.1184966081452439,-189.15780070361174
4125605,2022,2844.842739726043,3332.85722087503,488.0144811489872,488.0144811489872,-1.1184966081452439,-189.15780070361174
4125605,2023,2952.235890410962,3664.264331100275,712.0284406893129,712.0284406893129,-1.1184966081452439,-189.15780070361174
4125605,2024,3035.0,3544.8040142107056,509.80401421070565,509.80401421070565,-1.1184966081452439,-189.15780070361174
4114302,2015,2659.33333333346,2265.7915132026633,-393.5418201307966,393.5418201307966,-1.1184966081452439,-189.15780070361174
4114302,2016,3517.287795992845,1566.1494185664988,-1951.1383774263463,1951.1383774263463,-1.1184966081452439,-189.15780070361174
4114302,2017,4220.018949771816,3730.5928287469983,-489.42612102481735,489.42612102481735,-1.1184966081452439,-189.15780070361174
4114302,2018,4020.8378995434855,7160.562663345565,3139.7247638020795,3139.7247638020795,-1.1184966081452439,-189.15780070361174
4114302,2019,3940.163698630224,5152.266084897175,1212.1023862669504,1212.1023862669504,-1.1184966081452439,-189.15780070361174
4114302,2020,3770.6757741348583,2961.028941143274,-809.6468329915842,809.6468329915842,-1.1184966081452439,-189.15780070361174
4114302,2021,3648.708447488633,3919.845289015613,271.13684152698033,271.13684152698033,-1.1184966081452439,-189.15780070361174
4114302,2022,3790.1136986301663,8401.641526042304,4611.527827412137,4611.527827412137,-1.1184966081452439,-189.15780070361174
4114302,2023,3597.1627853881378,3015.5150287601296,-581.6477566280082,581.6477566280082,-1.1184966081452439,-189.15780070361174
4114302,2024,3290.0,5657.482980795663,2367.482980795663,2367.482980795663,-1.1184966081452439,-189.15780070361174
4128203,2015,2703.600000000093,1172.094710334651,-1531.5052896654422,1531.5052896654422,-1.1184966081452439,-189.15780070361174
4128203,2016,2822.772677595716,3360.762902757661,537.9902251619451,537.9902251619451,-1.1184966081452439,-189.15780070361174
4128203,2017,2959.3272602740485,2869.35983536175,-89.96742491229861,89.96742491229861,-1.1184966081452439,-189.15780070361174
4128203,2018,2996.377260274037,3103.2799721561128,106.90271188207589,106.90271188207589,-1.1184966081452439,-189.15780070361174
4128203,2019,3088.879315068545,1143.4481499627657,-1945.4311651057794,1945.4311651057794,-1.1184966081452439,-189.15780070361174
4128203,2020,2924.0327868852864,2913.9026844781165,-10.130102407169943,10.130102407169943,-1.1184966081452439,-189.15780070361174
4128203,2021,2528.0642465753717,2772.6290372097965,244.56479063442475,244.56479063442475,-1.1184966081452439,-189.15780070361174
4128203,2022,2702.6375342465926,3267.7072789983617,565.0697447517691,565.0697447517691,-1.1184966081452439,-189.15780070361174
4128203,2023,3025.942328767129,3733.6117948985334,707.6694661314045,707.6694661314045,-1.1184966081452439,-189.15780070361174
4128203,2024,3022.0,3645.4495254389135,623.4495254389135,623.4495254389135,-1.1184966081452439,-189.15780070361174
4122206,2015,3091.8000000000725,3683.238304230356,591.4383042302834,591.4383042302834,-1.1184966081452439,-189.15780070361174
4122206,2016,3364.481967213182,3617.734823666455,253.25285645327313,253.25285645327313,-1.1184966081452439,-189.15780070361174
4122206,2017,3497.787945205537,2973.748430340195,-524.0395148653424,524.0395148653424,-1.1184966081452439,-189.15780070361174
4122206,2018,3348.1742465753914,2534.492229896261,-813.6820166791304,813.6820166791304,-1.1184966081452439,-189.15780070361174
4122206,2019,3364.960547945244,1381.309319782959,-1983.651228162285,1983.651228162285,-1.1184966081452439,-189.15780070361174
4122206,2020,3313.6502732240738,2148.700107628275,-1164.9501655957988,1164.9501655957988,-1.1184966081452439,-189.15780070361174
4122206,2021,3307.113972602762,2589.8391331340945,-717.2748394686673,717.2748394686673,-1.1184966081452439,-189.15780070361174
4122206,2022,3486.76054794522,3843.986776031294,357.2262280860741,357.2262280860741,-1.1184966081452439,-189.15780070361174
4122206,2023,3363.952328767128,3679.186781811266,315.2344530441378,315.2344530441378,-1.1184966081452439,-189.15780070361174
4122206,2024,3141.0,2750.274834260286,-390.72516573971416,390.72516573971416,-1.1184966081452439,-189.15780070361174
4108957,2015,3435.3999999999946,2242.567039999014,-1192.8329600009806,1192.8329600009806,-1.1184966081452439,-189.15780070361174
4108957,2016,3721.680874316925,2363.0292971935787,-1358.6515771233462,1358.6515771233462,-1.1184966081452439,-189.15780070361174
4108957,2017,3781.252191780805,3305.532999883919,-475.71919189688606,475.71919189688606,-1.1184966081452439,-189.15780070361174
4108957,2018,3709.2309589041038,2497.8178412766015,-1211.4131176275023,1211.4131176275023,-1.1184966081452439,-189.15780070361174
4108957,2019,3681.563150684922,2538.3580439106518,-1143.2051067742705,1143.2051067742705,-1.1184966081452439,-189.15780070361174
4108957,2020,3608.956284152994,3963.084702168349,354.1284180153548,354.1284180153548,-1.1184966081452439,-189.15780070361174
4108957,2021,3671.0932876712322,3787.2126656270934,116.11937795586118,116.11937795586118,-1.1184966081452439,-189.15780070361174
4108957,2022,3546.083013698627,3859.9336875432255,313.85067384459853,313.85067384459853,-1.1184966081452439,-189.15780070361174
4108957,2023,3652.875479452049,3589.04387737714,-63.83160207490937,63.83160207490937,-1.1184966081452439,-189.15780070361174
4108957,2024,3846.0,3361.727866716259,-484.2721332837409,484.2721332837409,-1.1184966081452439,-189.15780070361174
4107736,2015,3693.1999999999534,2364.9364403727977,-1328.2635596271557,1328.2635596271557,-1.1184966081452439,-189.15780070361174
4107736,2016,3980.813114754054,3189.8322016347784,-790.9809131192756,790.9809131192756,-1.1184966081452439,-189.15780070361174
4107736,2017,4069.755890410921,2845.7289911166013,-1224.0268992943197,1224.0268992943197,-1.1184966081452439,-189.15780070361174
4107736,2018,3858.294246575311,3416.3919110570037,-441.90233551830715,441.90233551830715,-1.1184966081452439,-189.15780070361174
4107736,2019,3757.38054794518,6067.302865768272,2309.922317823092,2309.922317823092,-1.1184966081452439,-189.15780070361174
4107736,2020,3720.3879781420555,2480.944804289822,-1239.4431738522335,1239.4431738522335,-1.1184966081452439,-189.15780070361174
4107736,2021,3719.3887671232733,2575.981408546971,-1143.4073585763022,1143.4073585763022,-1.1184966081452439,-189.15780070361174
4107736,2022,3883.5435616438276,3756.5834419455364,-126.96011969829124,126.96011969829124,-1.1184966081452439,-189.15780070361174
4107736,2023,4016.366849315066,3538.3036420075355,-478.0632073075303,478.0632073075303,-1.1184966081452439,-189.15780070361174
4107736,2024,3946.0,2868.287112682625,-1077.7128873173751,1077.7128873173751,-1.1184966081452439,-189.15780070361174
4104402,2015,3404.466666666616,1597.1365445586143,-1807.330122108002,1807.330122108002,-1.1184966081452439,-189.15780070361174
4104402,2016,2945.25428050996,2835.5973415717253,-109.65693893823482,109.65693893823482,-1.1184966081452439,-189.15780070361174
4104402,2017,2954.5957077624985,4002.554967005028,1047.9592592425297,1047.9592592425297,-1.1184966081452439,-189.15780070361174
4104402,2018,3376.1021004565755,3191.7908653583418,-184.31123509823374,184.31123509823374,-1.1184966081452439,-189.15780070361174
4104402,2019,3458.9016438355843,3529.082060347467,70.18041651188287,70.18041651188287,-1.1184966081452439,-189.15780070361174
4104402,2020,3539.3296903460655,2987.299049624771,-552.0306407212943,552.0306407212943,-1.1184966081452439,-189.15780070361174
4104402,2021,3158.254155251122,3456.375900477989,298.121745226867,298.121745226867,-1.1184966081452439,-189.15780070361174
4104402,2022,3170.5331506849116,3047.4659496291715,-123.06720105574004,123.06720105574004,-1.1184966081452439,-189.15780070361174
4104402,2023,3201.634063926934,2972.714976458046,-228.91908746888794,228.91908746888794,-1.1184966081452439,-189.15780070361174
4104402,2024,2890.0,2994.021984414234,104.02198441423388,104.02198441423388,-1.1184966081452439,-189.15780070361174
4103107,2016,3570.250000000011,3555.4491618889497,-14.800838111061239,14.800838111061239,-1.1184966081452439,-189.15780070361174
4103107,2017,3488.2061643835705,5153.769882242143,1665.563717858572,1665.563717858572,-1.1184966081452439,-189.15780070361174
4103107,2018,3409.642465753432,3774.2171781240972,364.5747123706651,364.5747123706651,-1.1184966081452439,-189.15780070361174
4103107,2019,3406.834931506856,2999.7480198472103,-407.08691165964547,407.08691165964547,-1.1184966081452439,-189.15780070361174
4103107,2020,3428.267759562848,3269.6645863958106,-158.6031731670373,158.6031731670373,-1.1184966081452439,-189.15780070361174
4103107,2021,3426.650000000005,1405.1813956136375,-2021.4686043863676,2021.4686043863676,-1.1184966081452439,-189.15780070361174
4103107,2022,3448.020547945208,6323.368705632697,2875.348157687489,2875.348157687489,-1.1184966081452439,-189.15780070361174
4103107,2023,3500.41301369863,2937.385321564203,-563.0276921344271,563.0276921344271,-1.1184966081452439,-189.15780070361174
4103107,2024,3505.0,1602.5718530701565,-1902.4281469298435,1902.4281469298435,-1.1184966081452439,-189.15780070361174
4111258,2016,3479.666666666657,4388.762591390897,909.0959247242399,909.0959247242399,-1.1184966081452439,-189.15780070361174
4111258,2017,3224.7552511415474,2560.4125714648667,-664.3426796766807,664.3426796766807,-1.1184966081452439,-189.15780070361174
4111258,2018,2976.184474885835,3496.2495875782097,520.0651126923749,520.0651126923749,-1.1184966081452439,-189.15780070361174
4111258,2019,3045.547945205464,1952.8109292596741,-1092.73701594579,1092.73701594579,-1.1184966081452439,-189.15780070361174
4111258,2020,3059.5500910746764,3654.0793780677823,594.5292869931059,594.5292869931059,-1.1184966081452439,-189.15780070361174
4111258,2021,3124.6173515981636,2878.2426392309635,-246.37471236720012,246.37471236720012,-1.1184966081452439,-189.15780070361174
4111258,2022,3333.2657534246423,3019.4198798179345,-313.84587360670776,313.84587360670776,-1.1184966081452439,-189.15780070361174
4111258,2023,3241.330593607301,1006.4632997399942,-2234.867293867307,2234.867293867307,-1.1184966081452439,-189.15780070361174
4111258,2024,3060.0,2836.3297540407234,-223.6702459592766,223.6702459592766,-1.1184966081452439,-189.15780070361174
4110706,2015,3519.3999999999946,1451.897264848014,-2067.5027351519807,2067.5027351519807,-1.1184966081452439,-189.15780070361174
4110706,2016,3793.2382513661196,3163.737016837319,-629.5012345288005,629.5012345288005,-1.1184966081452439,-189.15780070361174
4110706,2017,3929.8556164383685,3167.652605720734,-762.2030107176347,762.2030107176347,-1.1184966081452439,-189.15780070361174
4110706,2018,3865.199452054803,3780.792363576465,-84.40708847833776,84.40708847833776,-1.1184966081452439,-189.15780070361174
4110706,2019,3810.8665753424716,6232.982698343982,2422.11612300151,2422.11612300151,-1.1184966081452439,-189.15780070361174
4110706,2020,3745.8415300546626,2591.056927884223,-1154.7846021704395,1154.7846021704395,-1.1184966081452439,-189.15780070361174
4110706,2021,3765.4775342465896,2676.4348298277127,-1089.0427044188768,1089.0427044188768,-1.1184966081452439,-189.15780070361174
4110706,2022,3782.8597260274096,3860.8351624926404,77.97543646523081,77.97543646523081,-1.1184966081452439,-189.15780070361174
4110706,2023,3795.348767123296,3564.810740631799,-230.53802649149702,230.53802649149702,-1.1184966081452439,-189.15780070361174
4110706,2024,3759.0,1771.9038833635689,-1987.0961166364311,1987.0961166364311,-1.1184966081452439,-189.15780070361174
4102307,2015,3664.266666666719,1255.10744434049,-2409.159222326229,2409.159222326229,-1.1184966081452439,-189.15780070361174
4102307,2016,3660.22805100187,1620.1660572775647,-2040.0619937243052,2040.0619937243052,-1.1184966081452439,-189.15780070361174
4102307,2017,3813.4987214612283,3775.7248810532474,-37.77384040798097,37.77384040798097,-1.1184966081452439,-189.15780070361174
4102307,2018,3964.150319634739,7405.298310956956,3441.147991322217,3441.147991322217,-1.1184966081452439,-189.15780070361174
4102307,2019,3989.388219178112,2764.5135810964657,-1224.8746380816465,1224.8746380816465,-1.1184966081452439,-189.15780070361174
4102307,2020,3911.5373406193316,2705.2644140516363,-1206.2729265676953,1206.2729265676953,-1.1184966081452439,-189.15780070361174
4102307,2021,3750.631141552527,2897.9861030817797,-852.6450384707473,852.6450384707473,-1.1184966081452439,-189.15780070361174
4102307,2022,3903.7430136986395,3263.0554315643194,-640.6875821343201,640.6875821343201,-1.1184966081452439,-189.15780070361174
4102307,2023,3801.5178995433826,2607.4760864980676,-1194.041813045315,1194.041813045315,-1.1184966081452439,-189.15780070361174
4102307,2024,3500.0,2119.3872025715746,-1380.6127974284254,1380.6127974284254,-1.1184966081452439,-189.15780070361174
4101309,2015,2543.2000000001576,1224.6590779054097,-1318.5409220947479,1318.5409220947479,-1.1184966081452439,-189.15780070361174
4101309,2016,2707.1409836067032,1269.4525602970232,-1437.68842330968,1437.68842330968,-1.1184966081452439,-189.15780070361174
4101309,2017,2914.720273972725,3353.5881668857096,438.86789291298464,438.86789291298464,-1.1184966081452439,-189.15780070361174
4101309,2018,3004.820273972702,2717.0397103431255,-287.7805636295766,287.7805636295766,-1.1184966081452439,-189.15780070361174
4101309,2019,3107.0189041096655,3184.7119703654776,77.69306625581203,77.69306625581203,-1.1184966081452439,-189.15780070361174
4101309,2020,3196.830601092949,2680.9634840991916,-515.8671169937575,515.8671169937575,-1.1184966081452439,-189.15780070361174
4101309,2021,2917.2024657534685,6964.854049755919,4047.6515840024504,4047.6515840024504,-1.1184966081452439,-189.15780070361174
4101309,2022,2655.2202739726376,3967.6497987304306,1312.429524757793,1312.429524757793,-1.1184966081452439,-189.15780070361174
4101309,2023,2750.361369863025,4003.6711773645184,1253.3098075014932,1253.3098075014932,-1.1184966081452439,-189.15780070361174
4101309,2024,2800.0,2260.2736199443298,-539.7263800556702,539.7263800556702,-1.1184966081452439,-189.15780070361174
4103040,2015,3971.4666666665867,2466.1452154736826,-1505.321451192904,1505.321451192904,-1.1184966081452439,-189.15780070361174
4103040,2016,4122.068488160219,7027.8200125730045,2905.7515244127853,2905.7515244127853,-1.1184966081452439,-189.15780070361174
4103040,2017,4073.2039269405655,3440.4638985222127,-632.7400284183527,632.7400284183527,-1.1184966081452439,-189.15780070361174
4103040,2018,3827.970593607232,3409.763870394813,-418.2067232124191,418.2067232124191,-1.1184966081452439,-189.15780070361174
4103040,2019,3857.5975342465144,2861.5726293472508,-996.0249048992637,996.0249048992637,-1.1184966081452439,-189.15780070361174
4103040,2020,3917.417122040025,2819.8440214246443,-1097.5731006153806,1097.5731006153806,-1.1184966081452439,-189.15780070361174
4103040,2021,3669.207579908642,2922.9052473088395,-746.3023325998024,746.3023325998024,-1.1184966081452439,-189.15780070361174
4103040,2022,3772.3358904109386,3900.79145490868,128.4555644977413,128.4555644977413,-1.1184966081452439,-189.15780070361174
4103040,2023,4194.012146118715,2701.6908337618156,-1492.321312356899,1492.321312356899,-1.1184966081452439,-189.15780070361174
4103040,2024,4290.0,2614.838318650075,-1675.161681349925,1675.161681349925,-1.1184966081452439,-189.15780070361174
4103958,2015,3756.1333333333164,1435.6906071894743,-2320.4427261438423,2320.4427261438423,-1.1184966081452439,-189.15780070361174
4103958,2016,3990.775227686688,1789.7961858202113,-2200.979041866477,2200.979041866477,-1.1184966081452439,-189.15780070361174
4103958,2017,4014.534977168939,3216.275520140062,-798.259457028877,798.259457028877,-1.1184966081452439,-189.15780070361174
4103958,2018,3797.8710502283034,7513.745974583455,3715.8749243551515,3715.8749243551515,-1.1184966081452439,-189.15780070361174
4103958,2019,3965.157808219168,3061.1678869326624,-903.9899212865057,903.9899212865057,-1.1184966081452439,-189.15780070361174
4103958,2020,4054.965391621116,2986.0674119704554,-1068.8979796506605,1068.8979796506605,-1.1184966081452439,-189.15780070361174
4103958,2021,3742.816255707753,7908.529743913453,4165.7134882057,4165.7134882057,-1.1184966081452439,-189.15780070361174
4103958,2022,3844.0454794520488,3775.8128078642826,-68.23267158776616,68.23267158776616,-1.1184966081452439,-189.15780070361174
4103958,2023,4030.551415525112,3747.780256854253,-282.7711586708592,282.7711586708592,-1.1184966081452439,-189.15780070361174
4103958,2024,3900.0,3592.098492306339,-307.9015076936612,307.9015076936612,-1.1184966081452439,-189.15780070361174
4128633,2015,3299.466666666667,5790.216212345686,2490.7495456790184,2490.7495456790184,-1.1184966081452439,-189.15780070361174
4128633,2016,3286.9318761384334,3224.716450144028,-62.21542599440545,62.21542599440545,-1.1184966081452439,-189.15780070361174
4128633,2017,3211.5532420091313,3147.9868811316946,-63.56636087743664,63.56636087743664,-1.1184966081452439,-189.15780070361174
4128633,2018,3137.0308675799074,3490.613846450089,353.5829788701817,353.5829788701817,-1.1184966081452439,-189.15780070361174
4128633,2019,3515.3852054794497,8071.200964617201,4555.815759137751,4555.815759137751,-1.1184966081452439,-189.15780070361174
4128633,2020,3585.559198542801,2167.267215125933,-1418.2919834168679,1418.2919834168679,-1.1184966081452439,-189.15780070361174
4128633,2021,3336.8390867579856,7468.9494590024715,4132.110372244486,4132.110372244486,-1.1184966081452439,-189.15780070361174
4128633,2022,3361.1002739726005,3333.74934045879,-27.35093351381056,27.35093351381056,-1.1184966081452439,-189.15780070361174
4128633,2023,3211.5422831050237,3951.344436936261,739.8021538312373,739.8021538312373,-1.1184966081452439,-189.15780070361174
4128633,2024,3100.0,3869.84949534798,769.8494953479799,769.8494953479799,-1.1184966081452439,-189.15780070361174
4104006,2022,3600.0,4679.982022299658,1079.9820222996577,1079.9820222996577,-1.1184966081452439,-189.15780070361174
4104006,2023,3600.0,2748.942656012268,-851.0573439877321,851.0573439877321,-1.1184966081452439,-189.15780070361174
4104006,2024,3600.0,5056.812608425779,1456.8126084257792,1456.8126084257792,-1.1184966081452439,-189.15780070361174
4122008,2015,3679.3999999999355,1416.6449676029074,-2262.755032397028,2262.755032397028,-1.1184966081452439,-189.15780070361174
4122008,2016,3838.3639344261715,2489.431296100863,-1348.9326383253083,1348.9326383253083,-1.1184966081452439,-189.15780070361174
4122008,2017,3833.8816438355693,2286.449919107229,-1547.4317247283402,1547.4317247283402,-1.1184966081452439,-189.15780070361174
4122008,2018,3765.13643835613,2720.455135080505,-1044.681303275625,1044.681303275625,-1.1184966081452439,-189.15780070361174
4122008,2019,3707.909041095867,2665.6927273624415,-1042.2163137334255,1042.2163137334255,-1.1184966081452439,-189.15780070361174
4122008,2020,3688.978142076491,1779.2750687023954,-1909.7030733740958,1909.7030733740958,-1.1184966081452439,-189.15780070361174
4122008,2021,3776.709041095876,2808.171773761494,-968.5372673343818,968.5372673343818,-1.1184966081452439,-189.15780070361174
4122008,2022,3705.9090410958734,4019.3209155664117,313.41187447053835,313.41187447053835,-1.1184966081452439,-189.15780070361174
4122008,2023,3786.3419178082136,4189.9074574134565,403.565539605243,403.565539605243,-1.1184966081452439,-189.15780070361174
4122008,2024,3900.0,3484.0531225311556,-415.9468774688444,415.9468774688444,-1.1184966081452439,-189.15780070361174
4117701,2015,3685.333333333372,1489.9343169296515,-2195.3990164037205,2195.3990164037205,-1.1184966081452439,-189.15780070361174
4117701,2016,3875.533697632094,3633.7798875637222,-241.75381006837188,241.75381006837188,-1.1184966081452439,-189.15780070361174
4117701,2017,3943.856621004598,2789.7800652187057,-1154.0765557858922,1154.0765557858922,-1.1184966081452439,-189.15780070361174
4117701,2018,3756.6009132420363,3118.1500478169014,-638.4508654251349,638.4508654251349,-1.1184966081452439,-189.15780070361174
4117701,2019,3996.008219178104,1509.574646741722,-2486.433572436382,2486.433572436382,-1.1184966081452439,-189.15780070361174
4117701,2020,4054.5063752277038,3012.5414108212253,-1041.9649644064784,1041.9649644064784,-1.1184966081452439,-189.15780070361174
4117701,2021,3889.2885844748985,2827.4880063789096,-1061.8005780959888,1061.8005780959888,-1.1184966081452439,-189.15780070361174
4117701,2022,4082.967123287679,3316.9145353117083,-766.0525879759707,766.0525879759707,-1.1184966081452439,-189.15780070361174
4117701,2023,3838.3881278538834,3710.005303117436,-128.38282473644722,128.38282473644722,-1.1184966081452439,-189.15780070361174
4117701,2024,3483.0,3374.7636382231026,-108.23636177689741,108.23636177689741,-1.1184966081452439,-189.15780070361174
4101804,2015,3425.0000000000796,987.808737841775,-2437.1912621583047,2437.1912621583047,-1.1184966081452439,-189.15780070361174
4101804,2016,3488.4699453552676,1352.8340916231716,-2135.6358537320957,2135.6358537320957,-1.1184966081452439,-189.15780070361174
4101804,2017,3662.7842465754115,3215.146613959575,-447.63763261583654,447.63763261583654,-1.1184966081452439,-189.15780070361174
4101804,2018,3755.486301369922,2039.6079868496502,-1715.8783145202717,1715.8783145202717,-1.1184966081452439,-189.15780070361174
4101804,2019,3782.2294520548417,2761.597459855259,-1020.6319921995828,1020.6319921995828,-1.1184966081452439,-189.15780070361174
4101804,2020,3735.1366120218936,2090.4979678604914,-1644.6386441614022,1644.6386441614022,-1.1184966081452439,-189.15780070361174
4101804,2021,3591.4280821918064,3050.165005061267,-541.2630771305394,541.2630771305394,-1.1184966081452439,-189.15780070361174
4101804,2022,3709.527397260288,2920.3893719811326,-789.1380252791555,789.1380252791555,-1.1184966081452439,-189.15780070361174
4101804,2023,3597.0787671232915,2454.0790965400533,-1142.9996705832382,1142.9996705832382,-1.1184966081452439,-189.15780070361174
4101804,2024,3320.0,1739.464383003554,-1580.535616996446,1580.535616996446,-1.1184966081452439,-189.15780070361174
4108502,2015,2586.133333333372,2261.210915476891,-324.92241785648093,324.92241785648093,-1.1184966081452439,-189.15780070361174
4108502,2016,2781.813479052858,3376.2532568211395,594.4397777682816,594.4397777682816,-1.1184966081452439,-189.15780070361174
4108502,2017,2869.117168949801,2670.57022308571,-198.54694586409096,198.54694586409096,-1.1184966081452439,-189.15780070361174
4108502,2018,2809.58337899546,2912.6743162102116,103.09093721475165,103.09093721475165,-1.1184966081452439,-189.15780070361174
4108502,2019,2850.4221917808427,1656.7031662140937,-1193.719025566749,1193.719025566749,-1.1184966081452439,-189.15780070361174
4108502,2020,2849.697632058303,3151.086316521863,301.3886844635599,301.3886844635599,-1.1184966081452439,-189.15780070361174
4108502,2021,2601.3710502283225,2479.9211306976285,-121.44991953069393,121.44991953069393,-1.1184966081452439,-189.15780070361174
4108502,2022,2594.6071232876798,3253.5592116084213,658.9520883207415,658.9520883207415,-1.1184966081452439,-189.15780070361174
4108502,2023,2865.667853881282,1650.977801360638,-1214.690052520644,1214.690052520644,-1.1184966081452439,-189.15780070361174
4108502,2024,2900.0,2238.1037858379414,-661.8962141620586,661.8962141620586,-1.1184966081452439,-189.15780070361174
4119301,2015,3686.6666666667074,2364.350605299728,-1322.3160613669793,1322.3160613669793,-1.1184966081452439,-189.15780070361174
4119301,2016,3937.613843351587,3749.060518211099,-188.55332514048814,188.55332514048814,-1.1184966081452439,-189.15780070361174
4119301,2017,4024.098173516016,2764.9724480999694,-1259.1257254160464,1259.1257254160464,-1.1184966081452439,-189.15780070361174
4119301,2018,3859.538812785417,3057.1778356119803,-802.3609771734368,802.3609771734368,-1.1184966081452439,-189.15780070361174
4119301,2019,3949.527397260298,4946.273085504105,996.7456882438073,996.7456882438073,-1.1184966081452439,-189.15780070361174
4119301,2020,3962.4772313297085,3404.759487206223,-557.7177441234853,557.7177441234853,-1.1184966081452439,-189.15780070361174
4119301,2021,3783.7785388127963,2164.6344712873138,-1619.1440675254826,1619.1440675254826,-1.1184966081452439,-189.15780070361174
4119301,2022,3850.082191780829,3038.261359290204,-811.820832490625,811.820832490625,-1.1184966081452439,-189.15780070361174
4119301,2023,3954.9611872146156,1649.3387748571784,-2305.6224123574375,2305.6224123574375,-1.1184966081452439,-189.15780070361174
4119301,2024,3900.0,2048.5092617129326,-1851.4907382870674,1851.4907382870674,-1.1184966081452439,-189.15780070361174
4110201,2015,3429.733333333279,1412.6451028367305,-2017.0882304965485,2017.0882304965485,-1.1184966081452439,-189.15780070361174
4110201,2016,3615.886703096495,1585.093578297449,-2030.7931247990457,2030.7931247990457,-1.1184966081452439,-189.15780070361174
4110201,2017,3655.9841552511043,3490.852312577022,-165.13184267408224,165.13184267408224,-1.1184966081452439,-189.15780070361174
4110201,2018,3395.4729680364994,5869.471056092194,2473.9980880556946,2473.9980880556946,-1.1184966081452439,-189.15780070361174
4110201,2019,3386.6056164383326,3535.6451191970077,149.0395027586751,149.0395027586751,-1.1184966081452439,-189.15780070361174
4110201,2020,3575.457194899802,2874.9247638698703,-700.5324310299316,700.5324310299316,-1.1184966081452439,-189.15780070361174
4110201,2021,3664.3503652967947,2320.1716635766675,-1344.1787017201273,1344.1787017201273,-1.1184966081452439,-189.15780070361174
4110201,2022,3577.307671232874,3567.055916198594,-10.251755034279995,10.251755034279995,-1.1184966081452439,-189.15780070361174
4110201,2023,3488.892374429228,2184.295885590208,-1304.59648883902,1304.59648883902,-1.1184966081452439,-189.15780070361174
4110201,2024,3493.0,1458.2220085246995,-2034.7779914753005,2034.7779914753005,-1.1184966081452439,-189.15780070361174
4127106,2015,3346.4000000000447,2293.481671873413,-1052.9183281266319,1052.9183281266319,-1.1184966081452439,-189.15780070361174
4127106,2016,3638.8393442623387,2516.8937181091146,-1121.945626153224,1121.945626153224,-1.1184966081452439,-189.15780070361174
4127106,2017,3868.967945205517,2796.3258972449544,-1072.6420479605626,1072.6420479605626,-1.1184966081452439,-189.15780070361174
4127106,2018,3649.837808219208,3461.7606644054363,-188.07714381377173,188.07714381377173,-1.1184966081452439,-189.15780070361174
4127106,2019,3633.5076712329005,3355.3612926612077,-278.1463785716928,278.1463785716928,-1.1184966081452439,-189.15780070361174
4127106,2020,3764.0000000000177,3345.4736473297135,-418.5263526703043,418.5263526703043,-1.1184966081452439,-189.15780070361174
4127106,2021,3745.674794520563,3788.2957320197274,42.620937499164484,42.620937499164484,-1.1184966081452439,-189.15780070361174
4127106,2022,3777.7857534246655,2981.17493653672,-796.6108168879455,796.6108168879455,-1.1184966081452439,-189.15780070361174
4127106,2023,3607.430958904111,2993.368952312031,-614.0620065920798,614.0620065920798,-1.1184966081452439,-189.15780070361174
4127106,2024,3400.0,2657.23219494671,-742.76780505329,742.76780505329,-1.1184966081452439,-189.15780070361174
4127601,2015,2889.733333333526,3415.8400713975825,526.1067380640566,526.1067380640566,-1.1184966081452439,-189.15780070361174
4127601,2016,3485.739162113114,1850.9183160844057,-1634.8208460287085,1634.8208460287085,-1.1184966081452439,-189.15780070361174
4127601,2017,3787.6889497718494,3712.5653038096757,-75.12364596217367,75.12364596217367,-1.1184966081452439,-189.15780070361174
4127601,2018,3533.803105022969,8229.506090258974,4695.702985236005,4695.702985236005,-1.1184966081452439,-189.15780070361174
4127601,2019,3665.44054794532,1411.5819005182082,-2253.8586474271115,2253.8586474271115,-1.1184966081452439,-189.15780070361174
4127601,2020,3692.7304189436263,3460.6550580719327,-232.07536087169365,232.07536087169365,-1.1184966081452439,-189.15780070361174
4127601,2021,3385.2578995434415,2298.451023575601,-1086.8068759678404,1086.8068759678404,-1.1184966081452439,-189.15780070361174
4127601,2022,3451.1145205479784,7109.509112728884,3658.394592180906,3658.394592180906,-1.1184966081452439,-189.15780070361174
4127601,2023,3519.414977168961,2646.3595552450224,-873.0554219239384,873.0554219239384,-1.1184966081452439,-189.15780070361174
4127601,2024,3300.0,2236.217367236198,-1063.7826327638022,1063.7826327638022,-1.1184966081452439,-189.15780070361174
4100202,2022,3500.0,3366.509132863865,-133.49086713613497,133.49086713613497,-1.1184966081452439,-189.15780070361174
4100202,2023,3444.043835616438,3546.148067018283,102.10423140184503,102.10423140184503,-1.1184966081452439,-189.15780070361174
4100202,2024,3389.0,2775.723249292279,-613.276750707721,613.276750707721,-1.1184966081452439,-189.15780070361174
4106308,2015,3623.066666666739,2600.073999223227,-1022.9926674435119,1022.9926674435119,-1.1184966081452439,-189.15780070361174
4106308,2016,3599.245537340685,3148.862031514077,-450.38350582660814,450.38350582660814,-1.1184966081452439,-189.15780070361174
4106308,2017,3363.2599543379524,2912.3504702801865,-450.9094840577659,450.9094840577659,-1.1184966081452439,-189.15780070361174
4106308,2018,3435.399908675839,2857.14867734335,-578.2512313324892,578.2512313324892,-1.1184966081452439,-189.15780070361174
4106308,2019,3866.9891780822268,2713.6414925056242,-1153.3476855766025,1153.3476855766025,-1.1184966081452439,-189.15780070361174
4106308,2020,3703.1220400728894,3003.545864090444,-699.5761759824454,699.5761759824454,-1.1184966081452439,-189.15780070361174
4106308,2021,3448.4334703196514,2866.3519420866187,-582.0815282330327,582.0815282330327,-1.1184966081452439,-189.15780070361174
4106308,2022,3504.5652054794637,3087.894263586075,-416.6709418933888,416.6709418933888,-1.1184966081452439,-189.15780070361174
4106308,2023,3543.014748858454,2388.758512257299,-1154.2562366011548,1154.2562366011548,-1.1184966081452439,-189.15780070361174
4106308,2024,3582.0,3482.407993588226,-99.59200641177404,99.59200641177404,-1.1184966081452439,-189.15780070361174
4127957,2015,2685.800000000163,2670.685182194196,-15.11481780596705,15.11481780596705,-1.1184966081452439,-189.15780070361174
4127957,2016,3110.432786885391,3015.575221830482,-94.85756505490917,94.85756505490917,-1.1184966081452439,-189.15780070361174
4127957,2017,3326.6132876713577,2930.915839050489,-395.6974486208687,395.6974486208687,-1.1184966081452439,-189.15780070361174
4127957,2018,2670.2084931507893,1607.0336803634275,-1063.1748127873618,1063.1748127873618,-1.1184966081452439,-189.15780070361174
4127957,2019,2908.1708219178927,2533.6610644346556,-374.5097574832371,374.5097574832371,-1.1184966081452439,-189.15780070361174
4127957,2020,3258.961748633958,2673.840241734847,-585.121506899111,585.121506899111,-1.1184966081452439,-189.15780070361174
4127957,2021,1947.8023287671813,2544.7437733872284,596.9414446200472,596.9414446200472,-1.1184966081452439,-189.15780070361174
4127957,2022,2183.890684931545,3135.6679026799075,951.7772177483625,951.7772177483625,-1.1184966081452439,-189.15780070361174
4127957,2023,3538.5132876712505,2478.6937318261075,-1059.819555845143,1059.819555845143,-1.1184966081452439,-189.15780070361174
4127957,2024,3700.0,3420.101943786399,-279.8980562136012,279.8980562136012,-1.1184966081452439,-189.15780070361174
4115101,2015,2593.466666666791,1922.8229442723261,-670.6437223944647,670.6437223944647,-1.1184966081452439,-189.15780070361174
4115101,2016,2845.1176684882766,2251.104919581114,-594.0127489071629,594.0127489071629,-1.1184966081452439,-189.15780070361174
4115101,2017,3238.494337899644,3094.464389022842,-144.02994887680188,144.02994887680188,-1.1184966081452439,-189.15780070361174
4115101,2018,2718.485662100542,2709.7973402780276,-8.688321822514354,8.688321822514354,-1.1184966081452439,-189.15780070361174
4115101,2019,2614.9153424658234,1892.0778845229704,-722.837457942853,722.837457942853,-1.1184966081452439,-189.15780070361174
4115101,2020,2870.4772313297444,2316.954076255311,-553.5231550744334,553.5231550744334,-1.1184966081452439,-189.15780070361174
4115101,2021,1751.7473059361118,3000.4556284734376,1248.7083225373258,1248.7083225373258,-1.1184966081452439,-189.15780070361174
4115101,2022,2482.8345205479686,3588.8455644380238,1106.0110438900551,1106.0110438900551,-1.1184966081452439,-189.15780070361174
4115101,2023,3502.5518721461262,2826.914413339452,-675.6374588066742,675.6374588066742,-1.1184966081452439,-189.15780070361174
4115101,2024,3000.0,3273.9490739034263,273.9490739034263,273.9490739034263,-1.1184966081452439,-189.15780070361174
4117222,2015,2660.2000000000985,1851.6527002120456,-808.5472997880529,808.5472997880529,-1.1184966081452439,-189.15780070361174
4117222,2016,2579.561748633967,2760.9262693564438,181.36452072247675,181.36452072247675,-1.1184966081452439,-189.15780070361174
4117222,2017,2690.6558904110225,1984.1218867006448,-706.5340037103776,706.5340037103776,-1.1184966081452439,-189.15780070361174
4117222,2018,2040.8723287671785,3112.1104959212253,1071.2381671540468,1071.2381671540468,-1.1184966081452439,-189.15780070361174
4117222,2019,2320.2942465753886,1708.0820620528405,-612.2121845225481,612.2121845225481,-1.1184966081452439,-189.15780070361174
4117222,2020,3158.5573770492183,2664.0632828469597,-494.49409420225857,494.49409420225857,-1.1184966081452439,-189.15780070361174
4117222,2021,1466.6997260274263,2656.4838432607885,1189.7841172333622,1189.7841172333622,-1.1184966081452439,-189.15780070361174
4117222,2022,1519.1353424657739,3416.0556665157924,1896.9203240500185,1896.9203240500185,-1.1184966081452439,-189.15780070361174
4117222,2023,3137.0504109589156,3048.2576934482777,-88.79271751063789,88.79271751063789,-1.1184966081452439,-189.15780070361174
4117222,2024,3300.0,2949.9463583156175,-350.05364168438246,350.05364168438246,-1.1184966081452439,-189.15780070361174
4128807,2015,2227.06666666668,2025.754007067978,-201.31265959870188,201.31265959870188,-1.1184966081452439,-189.15780070361174
4128807,2016,2124.316575592,3154.0689942644754,1029.7524186724754,1029.7524186724754,-1.1184966081452439,-189.15780070361174
4128807,2017,2249.3394063927108,3148.67154475571,899.3321383629991,899.3321383629991,-1.1184966081452439,-189.15780070361174
4128807,2018,1889.8601826484203,2860.251426225665,970.3912435772447,970.3912435772447,-1.1184966081452439,-189.15780070361174
4128807,2019,1466.4439726027456,2033.5297780532399,567.0858054504943,567.0858054504943,-1.1184966081452439,-189.15780070361174
4128807,2020,1863.1985428050934,2655.9313165458952,792.7327737408018,792.7327737408018,-1.1184966081452439,-189.15780070361174
4128807,2021,1150.6362100456574,2893.2913588446145,1742.655148798957,1742.655148798957,-1.1184966081452439,-189.15780070361174
4128807,2022,1566.1569863013665,3622.949485134079,2056.7924988327127,2056.7924988327127,-1.1184966081452439,-189.15780070361174
4128807,2023,2700.538036529679,2878.307051187212,177.7690146575328,177.7690146575328,-1.1184966081452439,-189.15780070361174
4128807,2024,2501.0,3281.878823770943,780.8788237709432,780.8788237709432,-1.1184966081452439,-189.15780070361174
4115804,2015,2346.2000000001863,2840.0209262451112,493.820926244925,493.820926244925,-1.1184966081452439,-189.15780070361174
4115804,2016,2660.83497267777,2966.059455620394,305.22448294262404,305.22448294262404,-1.1184966081452439,-189.15780070361174
4115804,2017,3025.914109589193,656.0435385890311,-2369.870571000162,2369.870571000162,-1.1184966081452439,-189.15780070361174
4115804,2018,2220.8298630138265,2066.0103663809555,-154.81949663287105,154.81949663287105,-1.1184966081452439,-189.15780070361174
4115804,2019,2592.0826027398307,2573.568495963544,-18.514106776286553,18.514106776286553,-1.1184966081452439,-189.15780070361174
4115804,2020,3591.961748633961,2575.506681766455,-1016.455066867506,1016.455066867506,-1.1184966081452439,-189.15780070361174
4115804,2021,1950.5716438356746,2940.864798585098,990.2931547494234,990.2931547494234,-1.1184966081452439,-189.15780070361174
4115804,2022,1894.377808219213,3373.268536672602,1478.8907284533889,1478.8907284533889,-1.1184966081452439,-189.15780070361174
4115804,2023,3076.74287671234,2837.559209787502,-239.18366692483823,239.18366692483823,-1.1184966081452439,-189.15780070361174
4115804,2024,2916.0,3791.3993730422303,875.3993730422303,875.3993730422303,-1.1184966081452439,-189.15780070361174
4121356,2015,3087.266666666779,1379.063650208575,-1708.2030164582043,1708.2030164582043,-1.1184966081452439,-189.15780070361174
4121356,2016,3465.681602914491,2679.6025810545557,-786.0790218599354,786.0790218599354,-1.1184966081452439,-189.15780070361174
4121356,2017,3627.1062557078503,2989.7140630647996,-637.3921926430507,637.3921926430507,-1.1184966081452439,-189.15780070361174
4121356,2018,2991.0804566210786,2960.6083788739893,-30.472077747089315,30.472077747089315,-1.1184966081452439,-189.15780070361174
4121356,2019,3093.5313698630735,2410.3063935120013,-683.2249763510722,683.2249763510722,-1.1184966081452439,-189.15780070361174
4121356,2020,3667.821493624818,1595.652133920303,-2072.169359704515,2072.169359704515,-1.1184966081452439,-189.15780070361174
4121356,2021,2546.0742922374748,3390.159861089483,844.0855688520082,844.0855688520082,-1.1184966081452439,-189.15780070361174
4121356,2022,2934.5690410959146,3208.5514232288597,273.9823821329451,273.9823821329451,-1.1184966081452439,-189.15780070361174
4121356,2023,3900.578858447499,2943.0584568224012,-957.5204016250977,957.5204016250977,-1.1184966081452439,-189.15780070361174
4121356,2024,3350.0,3359.1251497202425,9.125149720242462,9.125149720242462,-1.1184966081452439,-189.15780070361174
4108304,2015,2260.600000000093,1890.4316051647877,-370.16839483530543,370.16839483530543,-1.1184966081452439,-189.15780070361174
4108304,2016,2311.77814207659,3659.7453252875443,1347.9671832109543,1347.9671832109543,-1.1184966081452439,-189.15780070361174
4108304,2017,2218.123835616514,2863.3242770101783,645.2004413936643,645.2004413936643,-1.1184966081452439,-189.15780070361174
4108304,2018,1408.1539726028036,3048.8833270541795,1640.729354451376,1640.729354451376,-1.1184966081452439,-189.15780070361174
4108304,2019,2263.227945205532,2488.0959672793083,224.8680220737765,224.8680220737765,-1.1184966081452439,-189.15780070361174
4108304,2020,3384.207650273265,2742.3809995162887,-641.826650756976,641.826650756976,-1.1184966081452439,-189.15780070361174
4108304,2021,1700.2279452055086,2904.917651196636,1204.6897059911275,1204.6897059911275,-1.1184966081452439,-189.15780070361174
4108304,2022,1383.3128767123462,3184.9209178228543,1801.608041110508,1801.608041110508,-1.1184966081452439,-189.15780070361174
4108304,2023,2445.8800000000056,2614.300032869357,168.42003286935142,168.42003286935142,-1.1184966081452439,-189.15780070361174
4108304,2024,2540.0,3604.8087938271856,1064.8087938271856,1064.8087938271856,-1.1184966081452439,-189.15780070361174
4123808,2015,2947.4000000001183,2395.416545021965,-551.9834549781535,551.9834549781535,-1.1184966081452439,-189.15780070361174
4123808,2016,3271.7628415301633,1673.1718287868478,-1598.5910127433156,1598.5910127433156,-1.1184966081452439,-189.15780070361174
4123808,2017,3541.2816438357077,3033.0283299164757,-508.2533139192319,508.2533139192319,-1.1184966081452439,-189.15780070361174
4123808,2018,3303.3720547945977,1757.9013547514753,-1545.4707000431224,1545.4707000431224,-1.1184966081452439,-189.15780070361174
4123808,2019,3501.2158904110233,3358.039133756785,-143.1767566542385,143.1767566542385,-1.1184966081452439,-189.15780070361174
4123808,2020,3961.7595628415766,2113.0364926625202,-1848.7230701790563,1848.7230701790563,-1.1184966081452439,-189.15780070361174
4123808,2021,2426.300821917841,3783.0325395739237,1356.7317176560828,1356.7317176560828,-1.1184966081452439,-189.15780070361174
4123808,2022,2254.281643835635,3298.720238433198,1044.4385945975632,1044.4385945975632,-1.1184966081452439,-189.15780070361174
4123808,2023,3827.330958904114,2794.1305812262813,-1033.2003776778329,1033.2003776778329,-1.1184966081452439,-189.15780070361174
4123808,2024,4000.0,3492.4998133825206,-507.50018661747936,507.50018661747936,-1.1184966081452439,-189.15780070361174
4100459,2015,2711.2666666668006,1723.6921773337274,-987.5744893330732,987.5744893330732,-1.1184966081452439,-189.15780070361174
4100459,2016,3197.3919854281785,3046.493811314958,-150.89817411322065,150.89817411322065,-1.1184966081452439,-189.15780070361174
4100459,2017,3638.895981735273,1776.5620697439776,-1862.3339119912953,1862.3339119912953,-1.1184966081452439,-189.15780070361174
4100459,2018,3408.6215525115113,1250.9790180695163,-2157.642534441995,2157.642534441995,-1.1184966081452439,-189.15780070361174
4100459,2019,3305.8484931507633,2805.991831597956,-499.85666155280705,499.85666155280705,-1.1184966081452439,-189.15780070361174
4100459,2020,3364.9799635701906,2772.497015103273,-592.4829484669176,592.4829484669176,-1.1184966081452439,-189.15780070361174
4100459,2021,2795.644840182694,3561.62925314905,765.9844129663556,765.9844129663556,-1.1184966081452439,-189.15780070361174
4100459,2022,2875.0635616438635,3590.366348125554,715.3027864816904,715.3027864816904,-1.1184966081452439,-189.15780070361174
4100459,2023,3490.098721461198,2506.8448992971926,-983.2538221640052,983.2538221640052,-1.1184966081452439,-189.15780070361174
4100459,2024,3500.0,3431.6183412877253,-68.38165871227466,68.38165871227466,-1.1184966081452439,-189.15780070361174
4125357,2015,1952.533333333471,1805.4626062540008,-147.07072707947032,147.07072707947032,-1.1184966081452439,-189.15780070361174
4125357,2016,2189.0353369764516,3152.4837709538456,963.448433977394,963.448433977394,-1.1184966081452439,-189.15780070361174
4125357,2017,2708.511141552629,2779.8131418879348,71.30200033530582,71.30200033530582,-1.1184966081452439,-189.15780070361174
4125357,2018,2217.322557077715,1718.7284357621595,-498.5941213155554,498.5941213155554,-1.1184966081452439,-189.15780070361174
4125357,2019,2198.0846575343076,1921.6056413328124,-276.47901620149514,276.47901620149514,-1.1184966081452439,-189.15780070361174
4125357,2020,2860.1238615665325,2631.5614345688527,-228.56242699767972,228.56242699767972,-1.1184966081452439,-189.15780070361174
4125357,2021,1619.3348858447828,2769.639864024436,1150.3049781796533,1150.3049781796533,-1.1184966081452439,-189.15780070361174
4125357,2022,1707.4942465753622,3474.034009287673,1766.539762712311,1766.539762712311,-1.1184966081452439,-189.15780070361174
4125357,2023,2714.0097716895043,2467.910708768111,-246.0990629213934,246.0990629213934,-1.1184966081452439,-189.15780070361174
4125357,2024,2500.0,2768.7626335386212,268.76263353862123,268.76263353862123,-1.1184966081452439,-189.15780070361174
4117800,2015,3425.3333333333435,1459.2737680281377,-1966.0595653052058,1966.0595653052058,-1.1184966081452439,-189.15780070361174
4117800,2016,3467.730418943543,2776.9327720235638,-690.7976469199793,690.7976469199793,-1.1184966081452439,-189.15780070361174
4117800,2017,3521.933333333341,3401.949204079036,-119.98412925430512,119.98412925430512,-1.1184966081452439,-189.15780070361174
4117800,2018,3405.1159817351668,3742.3700621448406,337.25408040967386,337.25408040967386,-1.1184966081452439,-189.15780070361174
4117800,2019,3598.106849315074,3436.618373897805,-161.488475417269,161.488475417269,-1.1184966081452439,-189.15780070361174
4117800,2020,3728.83424408015,2936.986769632566,-791.8474744475839,791.8474744475839,-1.1184966081452439,-189.15780070361174
4117800,2021,3186.225570776259,3766.394503308616,580.1689325323573,580.1689325323573,-1.1184966081452439,-189.15780070361174
4117800,2022,3166.230136986304,3413.1545140651456,246.92437707884164,246.92437707884164,-1.1184966081452439,-189.15780070361174
4117800,2023,3608.7552511415533,1723.9229747831528,-1884.8322763584006,1884.8322763584006,-1.1184966081452439,-189.15780070361174
4117800,2024,3720.0,2935.8315317927854,-784.1684682072146,784.1684682072146,-1.1184966081452439,-189.15780070361174
4121406,2015,2952.26666666683,1675.7530362061511,-1276.513630460679,1276.513630460679,-1.1184966081452439,-189.15780070361174
4121406,2016,3330.304553734214,2899.231270391348,-431.07328334286603,431.07328334286603,-1.1184966081452439,-189.15780070361174
4121406,2017,3567.0987214613183,2849.086910753764,-718.0118107075541,718.0118107075541,-1.1184966081452439,-189.15780070361174
4121406,2018,3496.709223744402,2830.79364743968,-665.915576304722,665.915576304722,-1.1184966081452439,-189.15780070361174
4121406,2019,3721.969041095979,2425.7522622295,-1296.2167788664788,1296.2167788664788,-1.1184966081452439,-189.15780070361174
4121406,2020,3898.712204007353,1196.3992598957018,-2702.3129441116516,2702.3129441116516,-1.1184966081452439,-189.15780070361174
4121406,2021,2306.9653881279037,2777.7492453663663,470.7838572384626,470.7838572384626,-1.1184966081452439,-189.15780070361174
4121406,2022,2380.553972602771,3554.745110618514,1174.191138015743,1174.191138015743,-1.1184966081452439,-189.15780070361174
4121406,2023,3998.9261187214715,2552.519005416788,-1446.4071133046837,1446.4071133046837,-1.1184966081452439,-189.15780070361174
4121406,2024,3988.0,3593.442813214805,-394.557186785195,394.557186785195,-1.1184966081452439,-189.15780070361174
4125456,2015,1972.0000000001746,1877.8733871359127,-94.12661286426192,94.12661286426192,-1.1184966081452439,-189.15780070361174
4125456,2016,2297.0163934427974,2978.890772092429,681.8743786496316,681.8743786496316,-1.1184966081452439,-189.15780070361174
4125456,2017,2595.5630136987756,1705.319093184096,-890.2439205146798,890.2439205146798,-1.1184966081452439,-189.15780070361174
4125456,2018,2010.665753424774,2831.093371023997,820.4276175992229,820.4276175992229,-1.1184966081452439,-189.15780070361174
4125456,2019,2352.042465753541,1483.047244159516,-868.995221594025,868.995221594025,-1.1184966081452439,-189.15780070361174
4125456,2020,3309.672131147628,2862.129525233262,-447.54260591436605,447.54260591436605,-1.1184966081452439,-189.15780070361174
4125456,2021,1977.7657534247155,2774.9239145460015,797.158161121286,797.158161121286,-1.1184966081452439,-189.15780070361174
4125456,2022,1526.3671232877,3588.690358642156,2062.323235354456,2062.323235354456,-1.1184966081452439,-189.15780070361174
4125456,2023,2528.4260273972604,2771.505841049996,243.07981365273554,243.07981365273554,-1.1184966081452439,-189.15780070361174
4125456,2024,2610.0,3489.7859462165943,879.7859462165943,879.7859462165943,-1.1184966081452439,-189.15780070361174
4107157,2015,2504.0000000001746,1895.63562136348,-608.3643786366947,608.3643786366947,-1.1184966081452439,-189.15780070361174
4107157,2016,2415.7704918034387,3320.6246085928924,904.8541167894537,904.8541167894537,-1.1184966081452439,-189.15780070361174
4107157,2017,2502.1657534247884,2928.974197589541,426.8084441647525,426.8084441647525,-1.1184966081452439,-189.15780070361174
4107157,2018,2811.8821917809382,3096.5103963632505,284.62820458231226,284.62820458231226,-1.1184966081452439,-189.15780070361174
4107157,2019,3126.1986301370885,2531.6681201787296,-594.5305099583588,594.5305099583588,-1.1184966081452439,-189.15780070361174
4107157,2020,3042.8469945355914,2533.4994039810367,-509.3475905545547,509.3475905545547,-1.1184966081452439,-189.15780070361174
4107157,2021,1791.1273972603174,3205.58512299889,1414.4577257385724,1414.4577257385724,-1.1184966081452439,-189.15780070361174
4107157,2022,1912.2273972603027,3431.580563095722,1519.3531658354193,1519.3531658354193,-1.1184966081452439,-189.15780070361174
4107157,2023,2985.1657534246715,2603.4734083298467,-381.69234509482476,381.69234509482476,-1.1184966081452439,-189.15780070361174
4107157,2024,2975.0,3543.396749295554,568.396749295554,568.396749295554,-1.1184966081452439,-189.15780070361174
4114609,2015,1974.066666666884,1872.1928394204235,-101.87382724646045,101.87382724646045,-1.1184966081452439,-189.15780070361174
4114609,2016,2323.901275045741,2700.872683274561,376.9714082288201,376.9714082288201,-1.1184966081452439,-189.15780070361174
4114609,2017,2673.898995433967,1836.0562450043146,-837.8427504296521,837.8427504296521,-1.1184966081452439,-189.15780070361174
4114609,2018,1807.1355251143045,2876.236956645073,1069.1014315307684,1069.1014315307684,-1.1184966081452439,-189.15780070361174
4114609,2019,2030.402191780944,1664.5587890629802,-365.8434027179637,365.8434027179637,-1.1184966081452439,-189.15780070361174
4114609,2020,2960.247723133064,2900.1330983949856,-60.11462473807842,60.11462473807842,-1.1184966081452439,-189.15780070361174
4114609,2021,1565.5300456621685,2581.106937771948,1015.5768921097797,1015.5768921097797,-1.1184966081452439,-189.15780070361174
4114609,2022,1493.750136986342,3503.7003033127103,2009.9501663263682,2009.9501663263682,-1.1184966081452439,-189.15780070361174
4114609,2023,2673.2880365296937,2904.4978008540834,231.20976432438965,231.20976432438965,-1.1184966081452439,-189.15780070361174
4114609,2024,2700.0,3106.047486795324,406.04748679532395,406.04748679532395,-1.1184966081452439,-189.15780070361174
4118451,2015,2212.2666666668374,1477.1116401580725,-735.1550265087649,735.1550265087649,-1.1184966081452439,-189.15780070361174
4118451,2016,2347.2335154828706,2216.9007220744584,-130.33279340841227,130.33279340841227,-1.1184966081452439,-189.15780070361174
4118451,2017,2595.9055707764087,2882.640847954093,286.7352771776841,286.7352771776841,-1.1184966081452439,-189.15780070361174
4118451,2018,1977.4681278540133,2675.4184717726425,697.9503439186292,697.9503439186292,-1.1184966081452439,-189.15780070361174
4118451,2019,2306.4498630138087,1724.0721695335765,-582.3776934802322,582.3776934802322,-1.1184966081452439,-189.15780070361174
4118451,2020,3181.0127504554625,2580.603053091654,-600.4096973638084,600.4096973638084,-1.1184966081452439,-189.15780070361174
4118451,2021,1753.9667579909353,2866.9872932881576,1113.0205352972223,1113.0205352972223,-1.1184966081452439,-189.15780070361174
4118451,2022,1549.3293150685397,3540.6080768352826,1991.278761766743,1991.278761766743,-1.1184966081452439,-189.15780070361174
4118451,2023,2690.1768036529934,2730.290772827352,40.11396917435877,40.11396917435877,-1.1184966081452439,-189.15780070361174
4118451,2024,2800.0,2904.5997058605603,104.59970586056033,104.59970586056033,-1.1184966081452439,-189.15780070361174
4104501,2015,2711.1333333334655,1039.1219110739896,-1672.011422259476,1672.011422259476,-1.1184966081452439,-189.15780070361174
4104501,2016,3106.14681238628,2868.4964675168485,-237.6503448694316,237.6503448694316,-1.1184966081452439,-189.15780070361174
4104501,2017,3655.526757990973,2943.351654063999,-712.1751039269739,712.1751039269739,-1.1184966081452439,-189.15780070361174
4104501,2018,3158.643652968126,2745.157477499446,-413.4861754686799,413.4861754686799,-1.1184966081452439,-189.15780070361174
4104501,2019,3335.3769863014427,2487.2081781706884,-848.1688081307543,848.1688081307543,-1.1184966081452439,-189.15780070361174
4104501,2020,3991.1183970856664,1211.8697457987103,-2779.2486512869564,2779.2486512869564,-1.1184966081452439,-189.15780070361174
4104501,2021,2142.8080365297214,3008.344212247223,865.5361757175015,865.5361757175015,-1.1184966081452439,-189.15780070361174
4104501,2022,2033.138630137009,3608.335543059444,1575.1969129224349,1575.1969129224349,-1.1184966081452439,-189.15780070361174
4104501,2023,3784.3788127853954,2666.1362784688326,-1118.2425343165628,1118.2425343165628,-1.1184966081452439,-189.15780070361174
4104501,2024,3995.0,3512.473264122357,-482.5267358776432,482.5267358776432,-1.1184966081452439,-189.15780070361174
4123501,2015,2552.466666666703,1943.4926907831227,-608.9739758835804,608.9739758835804,-1.1184966081452439,-189.15780070361174
4123501,2016,2537.166848816073,2284.3320297011683,-252.8348191149048,252.8348191149048,-1.1184966081452439,-189.15780070361174
4123501,2017,2600.4559817352024,2799.1766240149236,198.72064227972123,198.72064227972123,-1.1184966081452439,-189.15780070361174
4123501,2018,2027.0801826484437,2724.867126822733,697.7869441742894,697.7869441742894,-1.1184966081452439,-189.15780070361174
4123501,2019,2396.6797260274384,1579.5093282780508,-817.1703977493876,817.1703977493876,-1.1184966081452439,-189.15780070361174
4123501,2020,3220.094717668514,2628.46275756018,-591.6319601083342,591.6319601083342,-1.1184966081452439,-189.15780070361174
4123501,2021,1794.3281278539057,3255.6853939900375,1461.3572661361318,1461.3572661361318,-1.1184966081452439,-189.15780070361174
4123501,2022,1444.3852054794752,3617.6713120380523,2173.286106558577,2173.286106558577,-1.1184966081452439,-189.15780070361174
4123501,2023,2837.9600913242084,2730.136141891674,-107.82394943253439,107.82394943253439,-1.1184966081452439,-189.15780070361174
4123501,2024,3350.0,3461.2953866192597,111.29538661925972,111.29538661925972,-1.1184966081452439,-189.15780070361174
4103354,2015,3134.9333333334366,1721.3121968555597,-1413.621136477877,1413.621136477877,-1.1184966081452439,-189.15780070361174
4103354,2016,3190.4265938070234,3074.5326091040006,-115.89398470302285,115.89398470302285,-1.1184966081452439,-189.15780070361174
4103354,2017,3035.2962100457476,1583.5823700081442,-1451.7138400376034,1451.7138400376034,-1.1184966081452439,-189.15780070361174
4103354,2018,2999.7863926941327,1571.5495859893124,-1428.2368067048203,1428.2368067048203,-1.1184966081452439,-189.15780070361174
4103354,2019,3271.619041095957,2674.4146856270927,-597.2043554688644,597.2043554688644,-1.1184966081452439,-189.15780070361174
4103354,2020,3251.495446265988,2617.574525596838,-633.9209206691498,633.9209206691498,-1.1184966081452439,-189.15780070361174
4103354,2021,2889.5747488584816,3118.906735253106,229.33198639462444,229.33198639462444,-1.1184966081452439,-189.15780070361174
4103354,2022,2916.580000000032,3620.8501346542253,704.270134654193,704.270134654193,-1.1184966081452439,-189.15780070361174
4103354,2023,3230.7496347032115,2814.416933041366,-416.3327016618455,416.3327016618455,-1.1184966081452439,-189.15780070361174
4103354,2024,3284.0,3446.915298536557,162.9152985365572,162.9152985365572,-1.1184966081452439,-189.15780070361174
4116109,2015,2157.3333333335468,1332.4739552497588,-824.859378083788,824.859378083788,-1.1184966081452439,-189.15780070361174
4116109,2016,2519.2167577415516,2515.320076074197,-3.896681667354642,3.896681667354642,-1.1184966081452439,-189.15780070361174
4116109,2017,2833.7292237444617,3052.2848941227726,218.55567037831088,218.55567037831088,-1.1184966081452439,-189.15780070361174
4116109,2018,2482.4009132421447,2996.581394219354,514.1804809772093,514.1804809772093,-1.1184966081452439,-189.15780070361174
4116109,2019,2472.141095890527,2477.518274731714,5.377178841186833,5.377178841186833,-1.1184966081452439,-189.15780070361174
4116109,2020,2803.315118397183,1884.6019777677327,-918.7131406294504,918.7131406294504,-1.1184966081452439,-189.15780070361174
4116109,2021,1804.4296803653745,2917.334320116714,1112.9046397513396,1112.9046397513396,-1.1184966081452439,-189.15780070361174
4116109,2022,2406.0027397260706,3320.9719192511793,914.9691795251088,914.9691795251088,-1.1184966081452439,-189.15780070361174
4116109,2023,3069.9593607306033,2800.767350667953,-269.1920100626503,269.1920100626503,-1.1184966081452439,-189.15780070361174
4116109,2024,2150.0,3192.372297706451,1042.3722977064508,1042.3722977064508,-1.1184966081452439,-189.15780070361174
4108205,2015,3593.333333333314,1854.2384528571272,-1739.0948804761867,1739.0948804761867,-1.1184966081452439,-189.15780070361174
4108205,2016,3908.714025500892,2322.7954000378427,-1585.9186254630495,1585.9186254630495,-1.1184966081452439,-189.15780070361174
4108205,2017,3864.4292237442764,2865.373601314262,-999.0556224300144,999.0556224300144,-1.1184966081452439,-189.15780070361174
4108205,2018,3238.9242009132286,2704.2255431413637,-534.6986577718649,534.6986577718649,-1.1184966081452439,-189.15780070361174
4108205,2019,3062.265753424646,1906.8229704448174,-1155.4427829798285,1155.4427829798285,-1.1184966081452439,-189.15780070361174
4108205,2020,3333.806921675766,2283.499419383831,-1050.3075022919347,1050.3075022919347,-1.1184966081452439,-189.15780070361174
4108205,2021,3746.0831050228253,3206.265154141628,-539.8179508811972,539.8179508811972,-1.1184966081452439,-189.15780070361174
4108205,2022,3983.0465753424623,3614.76232236833,-368.2842529741324,368.2842529741324,-1.1184966081452439,-189.15780070361174
4108205,2023,3691.91415525114,2829.871534430104,-862.042620821036,862.042620821036,-1.1184966081452439,-189.15780070361174
4108205,2024,3400.0,3132.3142101793433,-267.68578982065674,267.68578982065674,-1.1184966081452439,-189.15780070361174
4120655,2015,3078.066666666796,1780.2426456577518,-1297.8240210090444,1297.8240210090444,-1.1184966081452439,-189.15780070361174
4120655,2016,3418.349362477355,2382.2704209732474,-1036.0789415041077,1036.0789415041077,-1.1184966081452439,-189.15780070361174
4120655,2017,3592.0387214612983,1852.0000340870474,-1740.038687374251,1740.038687374251,-1.1184966081452439,-189.15780070361174
4120655,2018,3143.886210045753,3044.9688123309465,-98.91739771480661,98.91739771480661,-1.1184966081452439,-189.15780070361174
4120655,2019,3338.4953424658243,1688.561013587604,-1649.9343288782202,1649.9343288782202,-1.1184966081452439,-189.15780070361174
4120655,2020,3832.5974499089834,2299.6424282189037,-1532.9550216900798,1532.9550216900798,-1.1184966081452439,-189.15780070361174
4120655,2021,2469.0231963470706,2760.9706479544266,291.947451607356,291.947451607356,-1.1184966081452439,-189.15780070361174
4120655,2022,2771.793972602759,3572.4263037305227,800.6323311277638,800.6323311277638,-1.1184966081452439,-189.15780070361174
4120655,2023,3952.318173515988,2751.186855844623,-1201.1313176713647,1201.1313176713647,-1.1184966081452439,-189.15780070361174
4120655,2024,3500.0,3115.561526003001,-384.43847399699916,384.43847399699916,-1.1184966081452439,-189.15780070361174
4121257,2015,2544.133333333477,1861.4584931876586,-682.6748401458183,682.6748401458183,-1.1184966081452439,-189.15780070361174
4121257,2016,2892.8954462660695,3476.9814185635037,584.0859722974342,584.0859722974342,-1.1184966081452439,-189.15780070361174
4121257,2017,2961.4801826485145,2757.8023088511873,-203.67787379732727,203.67787379732727,-1.1184966081452439,-189.15780070361174
4121257,2018,2514.0354337900494,3150.986052337093,636.9506185470436,636.9506185470436,-1.1184966081452439,-189.15780070361174
4121257,2019,2931.5112328767896,2468.5974620869756,-462.91377078981395,462.91377078981395,-1.1184966081452439,-189.15780070361174
4121257,2020,3351.0582877960514,2552.929042861444,-798.1292449346074,798.1292449346074,-1.1184966081452439,-189.15780070361174
4121257,2021,1964.1587214612284,3247.350254969438,1283.1915335082097,1283.1915335082097,-1.1184966081452439,-189.15780070361174
4121257,2022,2223.861917808242,3443.8427986890533,1219.9808808808111,1219.9808808808111,-1.1184966081452439,-189.15780070361174
4121257,2023,3318.79251141553,2575.232022811775,-743.560488603755,743.560488603755,-1.1184966081452439,-189.15780070361174
4121257,2024,2976.0,3560.344848976538,584.3448489765378,584.3448489765378,-1.1184966081452439,-189.15780070361174
4115853,2015,2087.0000000001746,1896.9142515522528,-190.0857484479218,190.0857484479218,-1.1184966081452439,-189.15780070361174
4115853,2016,2356.5901639346007,2634.2568113446514,277.6666474100507,277.6666474100507,-1.1184966081452439,-189.15780070361174
4115853,2017,2797.293835616598,1974.4802792554574,-822.8135563611404,822.8135563611404,-1.1184966081452439,-189.15780070361174
4115853,2018,2093.4917808220484,2867.5637059627325,774.071925140684,774.071925140684,-1.1184966081452439,-189.15780070361174
4115853,2019,2223.955479452157,1670.7210104462388,-553.2344690059181,553.2344690059181,-1.1184966081452439,-189.15780070361174
4115853,2020,2910.0546448088307,2725.841781179316,-184.2128636295147,184.2128636295147,-1.1184966081452439,-189.15780070361174
4115853,2021,1538.0198630137713,2574.725240571429,1036.7053775576576,1036.7053775576576,-1.1184966081452439,-189.15780070361174
4115853,2022,1682.009589041139,3485.4181824806446,1803.4085934395057,1803.4085934395057,-1.1184966081452439,-189.15780070361174
4115853,2023,2837.0678082191926,2921.6010593949563,84.53325117576378,84.53325117576378,-1.1184966081452439,-189.15780070361174
4115853,2024,2800.0,3001.273085850253,201.2730858502532,201.2730858502532,-1.1184966081452439,-189.15780070361174
4104600,2015,2720.466666666849,1741.660218331463,-978.806448335386,978.806448335386,-1.1184966081452439,-189.15780070361174
4104600,2016,2862.773406193253,2844.9142625376803,-17.859143655572552,17.859143655572552,-1.1184966081452439,-189.15780070361174
4104600,2017,3147.7422831051663,2901.7807844549798,-245.9614986501865,245.9614986501865,-1.1184966081452439,-189.15780070361174
4104600,2018,3282.0719634704337,2858.858510150947,-423.2134533194867,423.2134533194867,-1.1184966081452439,-189.15780070361174
4104600,2019,3569.6043835617425,2600.801928713681,-968.8024548480616,968.8024548480616,-1.1184966081452439,-189.15780070361174
4104600,2020,3353.5154826958933,1217.345356074112,-2136.1701266217815,2136.1701266217815,-1.1184966081452439,-189.15780070361174
4104600,2021,2554.9048401827017,3155.2147776644624,600.3099374817607,600.3099374817607,-1.1184966081452439,-189.15780070361174
4104600,2022,2701.4838356164614,3074.547157113702,373.0633214972404,373.0633214972404,-1.1184966081452439,-189.15780070361174
4104600,2023,3188.4107762557155,2616.3928740183164,-572.0179022373991,572.0179022373991,-1.1184966081452439,-189.15780070361174
4104600,2024,3242.0,3778.296881123239,536.296881123239,536.296881123239,-1.1184966081452439,-189.15780070361174
4103479,2015,2078.133333333477,1922.5204119611542,-155.61292137232272,155.61292137232272,-1.1184966081452439,-189.15780070361174
4103479,2016,2224.0429872496757,3178.4106114903,954.3676242406245,954.3676242406245,-1.1184966081452439,-189.15780070361174
4103479,2017,2565.087031963576,2771.1748098722246,206.0877779086486,206.0877779086486,-1.1184966081452439,-189.15780070361174
4103479,2018,2299.977899543474,2806.511368484227,506.5334689407532,506.5334689407532,-1.1184966081452439,-189.15780070361174
4103479,2019,2146.375616438441,1961.8365459352242,-184.53907050321664,184.53907050321664,-1.1184966081452439,-189.15780070361174
4103479,2020,2584.9763205829368,2436.0854230542504,-148.8908975286863,148.8908975286863,-1.1184966081452439,-189.15780070361174
4103479,2021,1808.409406392728,3116.7899276718917,1308.3805212791638,1308.3805212791638,-1.1184966081452439,-189.15780070361174
4103479,2022,2015.2208219178322,3649.5513132327155,1634.3304913148834,1634.3304913148834,-1.1184966081452439,-189.15780070361174
4103479,2023,2666.267853881291,2849.3326139094224,183.06476002813133,183.06476002813133,-1.1184966081452439,-189.15780070361174
4103479,2024,2230.0,3084.4793525018554,854.4793525018554,854.4793525018554,-1.1184966081452439,-189.15780070361174
4108809,2015,1967.8000000002212,1771.6690550500175,-196.13094495020368,196.13094495020368,-1.1184966081452439,-189.15780070361174
4108809,2016,2208.055737705122,3472.682672499574,1264.6269347944522,1264.6269347944522,-1.1184966081452439,-189.15780070361174
4108809,2017,2478.416712328936,2873.396680207497,394.9799678785612,394.9799678785612,-1.1184966081452439,-189.15780070361174
4108809,2018,1978.7139726028734,2841.2016389071277,862.4876663042544,862.4876663042544,-1.1184966081452439,-189.15780070361174
4108809,2019,2476.271506849414,1886.5975813474251,-589.6739255019888,589.6739255019888,-1.1184966081452439,-189.15780070361174
4108809,2020,3115.8688524591093,2457.0280742930595,-658.8407781660499,658.8407781660499,-1.1184966081452439,-189.15780070361174
4108809,2021,1586.7235616439227,2766.6092117001563,1179.8856500562335,1179.8856500562335,-1.1184966081452439,-189.15780070361174
4108809,2022,1570.3879452055317,3492.2226452945965,1921.8347000890649,1921.8347000890649,-1.1184966081452439,-189.15780070361174
4108809,2023,2591.7893150685104,2878.2280711980675,286.4387561295571,286.4387561295571,-1.1184966081452439,-189.15780070361174
4108809,2024,2500.0,2775.416770423607,275.416770423607,275.416770423607,-1.1184966081452439,-189.15780070361174
4103909,2015,2984.7333333334395,1839.7180722285468,-1145.0152611048927,1145.0152611048927,-1.1184966081452439,-189.15780070361174
4103909,2016,3419.487795992808,2561.9564347236624,-857.5313612691457,857.5313612691457,-1.1184966081452439,-189.15780070361174
4103909,2017,3550.470456621084,2662.7505084177155,-887.7199482033684,887.7199482033684,-1.1184966081452439,-189.15780070361174
4103909,2018,2961.286666666738,2995.848390265213,34.561723598475055,34.561723598475055,-1.1184966081452439,-189.15780070361174
4103909,2019,3016.793287671296,2754.132603665907,-262.66068400538916,262.66068400538916,-1.1184966081452439,-189.15780070361174
4103909,2020,3374.856102003692,2435.3968363201807,-939.4592656835111,939.4592656835111,-1.1184966081452439,-189.15780070361174
4103909,2021,2906.579132420125,2992.3373936609087,85.75826124078367,85.75826124078367,-1.1184966081452439,-189.15780070361174
4103909,2022,3224.3131506849577,3188.774797954524,-35.53835273043387,35.53835273043387,-1.1184966081452439,-189.15780070361174
4103909,2023,3549.8800456621116,2538.4407735501673,-1011.4392721119443,1011.4392721119443,-1.1184966081452439,-189.15780070361174
4103909,2024,3100.0,3423.931679623821,323.93167962382086,323.93167962382086,-1.1184966081452439,-189.15780070361174
4128104,2015,2348.000000000014,1991.7710448522012,-356.22895514781294,356.22895514781294,-1.1184966081452439,-189.15780070361174
4128104,2016,2391.4863387978285,3190.0940048416974,798.6076660438689,798.6076660438689,-1.1184966081452439,-189.15780070361174
4128104,2017,2599.091780821932,3148.8697305069504,549.7779496850185,549.7779496850185,-1.1184966081452439,-189.15780070361174
4128104,2018,2033.3178082191928,2808.3280069503503,775.0101987311575,775.0101987311575,-1.1184966081452439,-189.15780070361174
4128104,2019,1799.6808219178226,2028.217564727072,228.5367428092493,228.5367428092493,-1.1184966081452439,-189.15780070361174
4128104,2020,2402.9508196721386,2612.5650144306073,209.61419475846878,209.61419475846878,-1.1184966081452439,-189.15780070361174
4128104,2021,1449.941095890411,2961.0042901558995,1511.0631942654886,1511.0631942654886,-1.1184966081452439,-189.15780070361174
4128104,2022,1776.5780821917808,3592.825829122733,1816.2477469309522,1816.2477469309522,-1.1184966081452439,-189.15780070361174
4128104,2023,2919.927397260274,2666.5063432653596,-253.42105399491447,253.42105399491447,-1.1184966081452439,-189.15780070361174
4128104,2024,2700.0,3323.303490369739,623.3034903697389,623.3034903697389,-1.1184966081452439,-189.15780070361174
4114708,2015,2898.200000000041,2348.859332597826,-549.3406674022153,549.3406674022153,-1.1184966081452439,-189.15780070361174
4114708,2016,2916.9770491803642,3005.582703603362,88.60565442299776,88.60565442299776,-1.1184966081452439,-189.15780070361174
4114708,2017,3056.7127397260624,2768.6028010530868,-288.10993867297566,288.10993867297566,-1.1184966081452439,-189.15780070361174
4114708,2018,2741.029863013732,1749.4329572506967,-991.5969057630355,991.5969057630355,-1.1184966081452439,-189.15780070361174
4114708,2019,2584.1332876712577,2072.506164461609,-511.62712320964874,511.62712320964874,-1.1184966081452439,-189.15780070361174
4114708,2020,3070.469945355207,2611.514519564084,-458.95542579112316,458.95542579112316,-1.1184966081452439,-189.15780070361174
4114708,2021,1904.8497260274116,3137.7453840991493,1232.8956580717377,1232.8956580717377,-1.1184966081452439,-189.15780070361174
4114708,2022,2267.5230136986434,3418.493202526283,1150.9701888276395,1150.9701888276395,-1.1184966081452439,-189.15780070361174
4114708,2023,3578.1908219178126,2341.672169424484,-1236.5186524933288,1236.5186524933288,-1.1184966081452439,-189.15780070361174
4114708,2024,3200.0,3096.6661468263756,-103.33385317362445,103.33385317362445,-1.1184966081452439,-189.15780070361174
4125704,2015,2237.800000000163,1862.7836309698096,-375.0163690303534,375.0163690303534,-1.1184966081452439,-189.15780070361174
4125704,2016,2223.0448087433147,3451.8408811542045,1228.7960724108898,1228.7960724108898,-1.1184966081452439,-189.15780070361174
4125704,2017,2457.3036986302477,2799.0542182839818,341.75051965373405,341.75051965373405,-1.1184966081452439,-189.15780070361174
4125704,2018,1688.1591780822966,3016.1221283529,1327.9629502706032,1327.9629502706032,-1.1184966081452439,-189.15780070361174
4125704,2019,2165.09410958914,2426.5713819006337,261.47727231149383,261.47727231149383,-1.1184966081452439,-189.15780070361174
4125704,2020,3317.103825136676,2686.2732640799004,-630.8305610567754,630.8305610567754,-1.1184966081452439,-189.15780070361174
4125704,2021,1740.9310958904694,2923.313799102849,1182.3827032123795,1182.3827032123795,-1.1184966081452439,-189.15780070361174
4125704,2022,1475.13178082197,3325.1011682318035,1849.9693874098334,1849.9693874098334,-1.1184966081452439,-189.15780070361174
4125704,2023,2518.2036986301546,2611.393131982371,93.18943335221638,93.18943335221638,-1.1184966081452439,-189.15780070361174
4125704,2024,2582.0,3651.1239218719625,1069.1239218719625,1069.1239218719625,-1.1184966081452439,-189.15780070361174
4124053,2015,2576.666666666832,2937.61667906091,360.95001239407793,360.95001239407793,-1.1184966081452439,-189.15780070361174
4124053,2016,2679.6848816030742,3457.872307453931,778.1874258508569,778.1874258508569,-1.1184966081452439,-189.15780070361174
4124053,2017,2782.549543379131,2772.2860759770574,-10.26346740207373,10.26346740207373,-1.1184966081452439,-189.15780070361174
4124053,2018,2756.740182648513,3418.4150135377904,661.6748308892775,661.6748308892775,-1.1184966081452439,-189.15780070361174
4124053,2019,3281.8705479452924,2646.3109482424243,-635.5595997028681,635.5595997028681,-1.1184966081452439,-189.15780070361174
4124053,2020,3505.056466302431,2716.365557987461,-788.6909083149699,788.6909083149699,-1.1184966081452439,-189.15780070361174
4124053,2021,1839.7066210046194,2938.67458512471,1098.9679641200908,1098.9679641200908,-1.1184966081452439,-189.15780070361174
4124053,2022,1831.3794520548238,3329.6067721043746,1498.2273200495508,1498.2273200495508,-1.1184966081452439,-189.15780070361174
4124053,2023,3233.896118721466,2584.1802201089668,-649.7158986124991,649.7158986124991,-1.1184966081452439,-189.15780070361174
4124053,2024,3337.0,3582.9318201002434,245.93182010024339,245.93182010024339,-1.1184966081452439,-189.15780070361174
4126355,2015,2325.0666666668258,1206.6706855886778,-1118.395981078148,1118.395981078148,-1.1184966081452439,-189.15780070361174
4126355,2016,2357.9285974500544,3261.1131909572528,903.1845935071983,903.1845935071983,-1.1184966081452439,-189.15780070361174
4126355,2017,2734.925022831198,2944.2492216888177,209.32419885761965,209.32419885761965,-1.1184966081452439,-189.15780070361174
4126355,2018,2135.332785388277,3059.3402788029907,924.0074934147137,924.0074934147137,-1.1184966081452439,-189.15780070361174
4126355,2019,2476.6583561645057,2450.259941269789,-26.398414894716552,26.398414894716552,-1.1184966081452439,-189.15780070361174
4126355,2020,3424.608378870769,2899.6806271521104,-524.9277517186583,524.9277517186583,-1.1184966081452439,-189.15780070361174
4126355,2021,1897.5204566210725,2869.349587544367,971.8291309232943,971.8291309232943,-1.1184966081452439,-189.15780070361174
4126355,2022,1622.1035616438762,3273.3429333146255,1651.2393716707493,1651.2393716707493,-1.1184966081452439,-189.15780070361174
4126355,2023,2736.3715981735295,2845.8416860663533,109.47008789282381,109.47008789282381,-1.1184966081452439,-189.15780070361174
4126355,2024,2924.0,3703.8620602276014,779.8620602276014,779.8620602276014,-1.1184966081452439,-189.15780070361174
4113452,2015,2916.133333333433,2427.2121296347964,-488.9212036986364,488.9212036986364,-1.1184966081452439,-189.15780070361174
4113452,2016,3163.594899817945,1654.956422495778,-1508.638477322167,1508.638477322167,-1.1184966081452439,-189.15780070361174
4113452,2017,3380.7582648402667,3068.489101272058,-312.26916356820857,312.26916356820857,-1.1184966081452439,-189.15780070361174
4113452,2018,3073.936803653041,3038.530090760012,-35.406712893028725,35.406712893028725,-1.1184966081452439,-189.15780070361174
4113452,2019,3272.8139726028016,2854.599149048283,-418.2148235545187,418.2148235545187,-1.1184966081452439,-189.15780070361174
4113452,2020,3482.287795992766,2542.8866896419604,-939.4011063508055,939.4011063508055,-1.1184966081452439,-189.15780070361174
4113452,2021,2967.28885844753,3693.4862061939425,726.1973477464126,726.1973477464126,-1.1184966081452439,-189.15780070361174
4113452,2022,2983.8783561644145,2915.4402376356693,-68.43811852874524,68.43811852874524,-1.1184966081452439,-189.15780070361174
4113452,2023,3249.859634703209,3057.359288788778,-192.5003459144309,192.5003459144309,-1.1184966081452439,-189.15780070361174
4113452,2024,3247.0,3690.1166852142405,443.11668521424053,443.11668521424053,-1.1184966081452439,-189.15780070361174
4100509,2015,2164.0000000001164,1767.6507875195055,-396.34921248061096,396.34921248061096,-1.1184966081452439,-189.15780070361174
4100509,2016,2263.0382513662366,3519.6777375455927,1256.639486179356,1256.639486179356,-1.1184966081452439,-189.15780070361174
4100509,2017,2651.8712328768142,2790.7004959343926,138.82926305757837,138.82926305757837,-1.1184966081452439,-189.15780070361174
4100509,2018,2220.652054794608,1656.1630517501414,-564.4890030444665,564.4890030444665,-1.1184966081452439,-189.15780070361174
4100509,2019,2360.3917808219903,1993.9504674049372,-366.44131341705315,366.44131341705315,-1.1184966081452439,-189.15780070361174
4100509,2020,2979.344262295125,2713.366812337304,-265.97744995782114,265.97744995782114,-1.1184966081452439,-189.15780070361174
4100509,2021,1547.5424657534536,3177.2920866464365,1629.7496208929829,1629.7496208929829,-1.1184966081452439,-189.15780070361174
4100509,2022,1796.3232876712473,3679.6009424135927,1883.2776547423455,1883.2776547423455,-1.1184966081452439,-189.15780070361174
4100509,2023,2858.5287671232877,2840.5441739884036,-17.984593134884108,17.984593134884108,-1.1184966081452439,-189.15780070361174
4100509,2024,2500.0,2934.8404186637867,434.84041866378675,434.84041866378675,-1.1184966081452439,-189.15780070361174
4103370,2015,2534.2000000000985,1873.262082677501,-660.9379173225975,660.9379173225975,-1.1184966081452439,-189.15780070361174
4103370,2016,2500.064480874419,3196.269914498308,696.2054336238889,696.2054336238889,-1.1184966081452439,-189.15780070361174
4103370,2017,2677.5723287672163,2824.134674475985,146.5623457087686,146.5623457087686,-1.1184966081452439,-189.15780070361174
4103370,2018,2389.9106849315913,2742.6552712001453,352.74458626855403,352.74458626855403,-1.1184966081452439,-189.15780070361174
4103370,2019,2215.6024657535004,1972.5160684805978,-243.08639727290256,243.08639727290256,-1.1184966081452439,-189.15780070361174
4103370,2020,2583.475409836118,2587.4353141073907,3.959904271272535,3.959904271272535,-1.1184966081452439,-189.15780070361174
4103370,2021,1795.3421917808657,3149.5043859229186,1354.1621941420528,1354.1621941420528,-1.1184966081452439,-189.15780070361174
4103370,2022,2130.8805479452403,3615.47393624035,1484.59338829511,1484.59338829511,-1.1184966081452439,-189.15780070361174
4103370,2023,2988.0627397260387,2850.4678306802007,-137.594909045838,137.594909045838,-1.1184966081452439,-189.15780070361174
4103370,2024,2700.0,3082.329247905974,382.32924790597417,382.32924790597417,-1.1184966081452439,-189.15780070361174
4117453,2015,2521.866666666843,2861.6925892771565,339.8259226103137,339.8259226103137,-1.1184966081452439,-189.15780070361174
4117453,2016,2858.328597450069,3269.8417771879044,411.51317973783534,411.51317973783534,-1.1184966081452439,-189.15780070361174
4117453,2017,2939.7170776257126,2719.971146583983,-219.74593104172936,219.74593104172936,-1.1184966081452439,-189.15780070361174
4117453,2018,2340.1618264841413,1920.8565143479868,-419.3053121361545,419.3053121361545,-1.1184966081452439,-189.15780070361174
4117453,2019,2901.702465753515,2549.7203402132513,-351.9821255402635,351.9821255402635,-1.1184966081452439,-189.15780070361174
4117453,2020,3845.8433515483416,2494.216345082913,-1351.6270064654286,1351.6270064654286,-1.1184966081452439,-189.15780070361174
4117453,2021,2233.781004566263,2707.0318686456417,473.2508640793785,473.2508640793785,-1.1184966081452439,-189.15780070361174
4117453,2022,1833.6695890411313,2979.507262676151,1145.8376736350199,1145.8376736350199,-1.1184966081452439,-189.15780070361174
4117453,2023,3124.9883105023,2497.5975761311547,-627.3907343711453,627.3907343711453,-1.1184966081452439,-189.15780070361174
4117453,2024,3200.0,3226.3566194317173,26.356619431717263,26.356619431717263,-1.1184966081452439,-189.15780070361174
4119806,2015,3031.0000000000878,1681.4655031769428,-1349.534496823145,1349.534496823145,-1.1184966081452439,-189.15780070361174
4119806,2016,3172.1420765028156,2794.237679250641,-377.9043972521745,377.9043972521745,-1.1184966081452439,-189.15780070361174
4119806,2017,3346.911643835689,2780.435261047773,-566.476382787916,566.476382787916,-1.1184966081452439,-189.15780070361174
4119806,2018,3169.6479452055405,2932.5043315601624,-237.14361364537808,237.14361364537808,-1.1184966081452439,-189.15780070361174
4119806,2019,3495.4801369863526,2375.556811197502,-1119.9233257888504,1119.9233257888504,-1.1184966081452439,-189.15780070361174
4119806,2020,3820.2841530055002,2119.7082446521404,-1700.5759083533599,1700.5759083533599,-1.1184966081452439,-189.15780070361174
4119806,2021,2154.160958904135,2828.7681371640397,674.6071782599047,674.6071782599047,-1.1184966081452439,-189.15780070361174
4119806,2022,2157.1684931506993,3190.9694478587267,1033.8009547080273,1033.8009547080273,-1.1184966081452439,-189.15780070361174
4119806,2023,3791.850000000004,2562.8499743279135,-1229.0000256720905,1229.0000256720905,-1.1184966081452439,-189.15780070361174
4119806,2024,4000.0,3451.1883630676025,-548.8116369323975,548.8116369323975,-1.1184966081452439,-189.15780070361174
4106571,2015,3497.400000000009,2712.8029652552354,-784.5970347447737,784.5970347447737,-1.1184966081452439,-189.15780070361174
4106571,2016,3892.0196721311545,3191.1909885143696,-700.8286836167849,700.8286836167849,-1.1184966081452439,-189.15780070361174
4106571,2017,4128.067260273985,2897.459531282728,-1230.6077289912569,1230.6077289912569,-1.1184966081452439,-189.15780070361174
4106571,2018,3398.565205479468,3133.81060078766,-264.75460469180825,264.75460469180825,-1.1184966081452439,-189.15780070361174
4106571,2019,3506.2357534246703,2692.2222136879873,-814.013539736683,814.013539736683,-1.1184966081452439,-189.15780070361174
4106571,2020,4184.245901639354,2548.8367355581777,-1635.4091660811764,1635.4091660811764,-1.1184966081452439,-189.15780070361174
4106571,2021,2809.815205479459,3305.733574815434,495.91836933597506,495.91836933597506,-1.1184966081452439,-189.15780070361174
4106571,2022,2872.2090410958945,3819.2760154070106,947.0669743111162,947.0669743111162,-1.1184966081452439,-189.15780070361174
4106571,2023,4351.641232876714,2660.7914623303886,-1690.849770546325,1690.849770546325,-1.1184966081452439,-189.15780070361174
4106571,2024,4426.0,3547.1733642580843,-878.8266357419157,878.8266357419157,-1.1184966081452439,-189.15780070361174
4103024,2015,3020.200000000089,2544.087261801528,-476.11273819856115,476.11273819856115,-1.1184966081452439,-189.15780070361174
4103024,2016,3370.780327868936,2978.2914086955643,-392.48891917337187,392.48891917337187,-1.1184966081452439,-189.15780070361174
4103024,2017,3657.2332876713053,2954.140259114754,-703.0930285565514,703.0930285565514,-1.1184966081452439,-189.15780070361174
4103024,2018,3043.55589041102,1406.3352865103152,-1637.2206039007046,1637.2206039007046,-1.1184966081452439,-189.15780070361174
4103024,2019,3165.363424657584,3306.758269480116,141.39484482253192,141.39484482253192,-1.1184966081452439,-189.15780070361174
4103024,2020,3879.5901639344643,2406.7855123078434,-1472.8046516266209,1472.8046516266209,-1.1184966081452439,-189.15780070361174
4103024,2021,2467.6469863013976,3576.4589417445573,1108.8119554431596,1108.8119554431596,-1.1184966081452439,-189.15780070361174
4103024,2022,2719.3093150685095,3822.281628906887,1102.9723138383774,1102.9723138383774,-1.1184966081452439,-189.15780070361174
4103024,2023,3912.9469863013746,2866.5053427992325,-1046.4416435021421,1046.4416435021421,-1.1184966081452439,-189.15780070361174
4103024,2024,3445.0,3665.3227955755574,220.3227955755574,220.3227955755574,-1.1184966081452439,-189.15780070361174
4128708,2015,2761.6000000002095,1556.4565555162958,-1205.1434444839138,1205.1434444839138,-1.1184966081452439,-189.15780070361174
4128708,2016,3295.65245901659,3159.25327748356,-136.39918153303006,136.39918153303006,-1.1184966081452439,-189.15780070361174
4128708,2017,3872.9498630138687,3611.152132614791,-261.79773039907786,261.79773039907786,-1.1184966081452439,-189.15780070361174
4128708,2018,3534.195068493294,2798.419208480036,-735.7758600132579,735.7758600132579,-1.1184966081452439,-189.15780070361174
4128708,2019,3828.6539726028577,3886.958025720338,58.30405311748018,58.30405311748018,-1.1184966081452439,-189.15780070361174
4128708,2020,4047.027322404463,3219.8718621059547,-827.1554602985084,827.1554602985084,-1.1184966081452439,-189.15780070361174
4128708,2021,2754.3060273973256,3233.9281505619183,479.6221231645927,479.6221231645927,-1.1184966081452439,-189.15780070361174
4128708,2022,3069.4498630137373,3717.0357068843527,647.5858438706155,647.5858438706155,-1.1184966081452439,-189.15780070361174
4128708,2023,3781.4073972602873,786.0818859731718,-2995.3255112871157,2995.3255112871157,-1.1184966081452439,-189.15780070361174
4128708,2024,3366.0,3192.395160511434,-173.60483948856609,173.60483948856609,-1.1184966081452439,-189.15780070361174
4118501,2015,3089.400000000074,1267.124901919459,-1822.2750980806152,1822.2750980806152,-1.1184966081452439,-189.15780070361174
4118501,2016,3203.620765027392,3281.8489149672814,78.22814993988959,78.22814993988959,-1.1184966081452439,-189.15780070361174
4118501,2017,3418.5309589041685,3571.2992081719517,152.76824926778318,152.76824926778318,-1.1184966081452439,-189.15780070361174
4118501,2018,3188.7090410959427,3144.287882223219,-44.42115887272348,44.42115887272348,-1.1184966081452439,-189.15780070361174
4118501,2019,3365.6898630137453,3822.053748582085,456.3638855683398,456.3638855683398,-1.1184966081452439,-189.15780070361174
4118501,2020,3735.628415300582,3080.2302046445475,-655.3982106560347,655.3982106560347,-1.1184966081452439,-189.15780070361174
4118501,2021,2795.8350684931765,3544.7823368747568,748.9472683815802,748.9472683815802,-1.1184966081452439,-189.15780070361174
4118501,2022,2779.624109589056,3759.285157397199,979.6610478081429,979.6610478081429,-1.1184966081452439,-189.15780070361174
4118501,2023,3520.621369863018,2176.515790544835,-1344.1055793181831,1344.1055793181831,-1.1184966081452439,-189.15780070361174
4118501,2024,3487.0,3371.2966387360593,-115.70336126394068,115.70336126394068,-1.1184966081452439,-189.15780070361174
4103222,2015,3293.0666666667607,3231.1316682994475,-61.934998367313256,61.934998367313256,-1.1184966081452439,-189.15780070361174
4103222,2016,3654.2127504554614,1680.7278961461643,-1973.4848543092971,1973.4848543092971,-1.1184966081452439,-189.15780070361174
4103222,2017,4064.045570776331,3346.5202271020094,-717.5253436743214,717.5253436743214,-1.1184966081452439,-189.15780070361174
4103222,2018,3656.741004566274,3371.1203096021295,-285.6206949641446,285.6206949641446,-1.1184966081452439,-189.15780070361174
4103222,2019,3763.400821917862,3671.2908316458097,-92.10999027205207,92.10999027205207,-1.1184966081452439,-189.15780070361174
4103222,2020,4046.772313296945,2789.529599391547,-1257.242713905398,1257.242713905398,-1.1184966081452439,-189.15780070361174
4103222,2021,3149.9149771689795,3416.977917792455,267.0629406234757,267.0629406234757,-1.1184966081452439,-189.15780070361174
4103222,2022,3285.136438356182,3029.0163547779275,-256.1200835782547,256.1200835782547,-1.1184966081452439,-189.15780070361174
4103222,2023,3979.390776255714,2667.1767685534733,-1312.214007702241,1312.214007702241,-1.1184966081452439,-189.15780070361174
4103222,2024,3928.0,2256.3189256107335,-1671.6810743892665,1671.6810743892665,-1.1184966081452439,-189.15780070361174
4126652,2015,3550.4666666666817,1471.1574823742103,-2079.3091842924714,2079.3091842924714,-1.1184966081452439,-189.15780070361174
4126652,2016,3858.0466302368086,1950.8300846123898,-1907.2165456244188,1907.2165456244188,-1.1184966081452439,-189.15780070361174
4126652,2017,3783.6046118721597,3239.7783729252296,-543.8262389469301,543.8262389469301,-1.1184966081452439,-189.15780070361174
4126652,2018,3249.6925114155365,2668.2970740723003,-581.3954373432362,581.3954373432362,-1.1184966081452439,-189.15780070361174
4126652,2019,3418.4954794520627,3298.6673267746232,-119.82815267743945,119.82815267743945,-1.1184966081452439,-189.15780070361174
4126652,2020,3735.6138433515544,2809.4823422084323,-926.131501143122,926.131501143122,-1.1184966081452439,-189.15780070361174
4126652,2021,3725.4164840182702,4151.3049899186835,425.8885059004133,425.8885059004133,-1.1184966081452439,-189.15780070361174
4126652,2022,3967.287945205482,3719.5784589892023,-247.70948621627986,247.70948621627986,-1.1184966081452439,-189.15780070361174
4126652,2023,3700.940228310503,2697.507971678448,-1003.4322566320548,1003.4322566320548,-1.1184966081452439,-189.15780070361174
4126652,2024,3200.0,2759.9150376013204,-440.08496239867964,440.08496239867964,-1.1184966081452439,-189.15780070361174
4123006,2015,3184.6666666667584,2466.735298138855,-717.9313685279035,717.9313685279035,-1.1184966081452439,-189.15780070361174
4123006,2016,3456.602914389887,1774.6324160905551,-1681.9704982993317,1681.9704982993317,-1.1184966081452439,-189.15780070361174
4123006,2017,3788.555022831124,3193.3517862158888,-595.2032366152353,595.2032366152353,-1.1184966081452439,-189.15780070361174
4123006,2018,3222.8415525114765,2719.3777832753017,-503.4637692361748,503.4637692361748,-1.1184966081452439,-189.15780070361174
4123006,2019,3359.018493150736,3346.0273456901396,-12.991147460596494,12.991147460596494,-1.1184966081452439,-189.15780070361174
4123006,2020,4050.5209471767266,2260.75987280403,-1789.7610743726968,1789.7610743726968,-1.1184966081452439,-189.15780070361174
4123006,2021,2463.169634703224,3950.268336161638,1487.0987014584143,1487.0987014584143,-1.1184966081452439,-189.15780070361174
4123006,2022,2572.349315068508,3674.594591037855,1102.245275969347,1102.245275969347,-1.1184966081452439,-189.15780070361174
4123006,2023,4060.1618721461236,2823.3164620824523,-1236.8454100636714,1236.8454100636714,-1.1184966081452439,-189.15780070361174
4123006,2024,3954.0,3465.653801370586,-488.3461986294142,488.3461986294142,-1.1184966081452439,-189.15780070361174
4115408,2015,2891.200000000128,1506.892332143187,-1384.307667856941,1384.307667856941,-1.1184966081452439,-189.15780070361174
4115408,2016,3078.140983606673,3202.3926576400054,124.25167403333216,124.25167403333216,-1.1184966081452439,-189.15780070361174
4115408,2017,3380.9360273973607,3633.4800738024182,252.54404640505754,252.54404640505754,-1.1184966081452439,-189.15780070361174
4115408,2018,3080.429863013783,2951.239273974783,-129.19058903899986,129.19058903899986,-1.1184966081452439,-189.15780070361174
4115408,2019,3209.567534246644,3615.7359259334507,406.1683916868069,406.1683916868069,-1.1184966081452439,-189.15780070361174
4115408,2020,3759.1311475410366,3130.8100985044357,-628.3210490366009,628.3210490366009,-1.1184966081452439,-189.15780070361174
4115408,2021,2545.32232876716,3307.5023263307203,762.1799975635604,762.1799975635604,-1.1184966081452439,-189.15780070361174
4115408,2022,2639.3805479452335,3777.1857423889232,1137.8051944436897,1137.8051944436897,-1.1184966081452439,-189.15780070361174
4115408,2023,3559.5949315068606,1543.4589637727258,-2016.1359677341347,2016.1359677341347,-1.1184966081452439,-189.15780070361174
4115408,2024,3200.0,3303.1120270271886,103.11202702718856,103.11202702718856,-1.1184966081452439,-189.15780070361174
4103156,2015,3489.200000000033,2526.1221569276486,-963.0778430723844,963.0778430723844,-1.1184966081452439,-189.15780070361174
4103156,2016,3584.1409836065895,2627.4299893059647,-956.7109943006249,956.7109943006249,-1.1184966081452439,-189.15780070361174
4103156,2017,3773.2510958904377,3146.929435147772,-626.3216607426657,626.3216607426657,-1.1184966081452439,-189.15780070361174
4103156,2018,3412.6216438356387,2978.755159666471,-433.8664841691675,433.8664841691675,-1.1184966081452439,-189.15780070361174
4103156,2019,3560.019589041116,3551.2330000969832,-8.786588944132745,8.786588944132745,-1.1184966081452439,-189.15780070361174
4103156,2020,4088.7213114754245,3083.884299934709,-1004.8370115407156,1004.8370115407156,-1.1184966081452439,-189.15780070361174
4103156,2021,2868.377123287682,3832.614175737418,964.237052449736,964.237052449736,-1.1184966081452439,-189.15780070361174
4103156,2022,2973.4243835616526,3184.457927272882,211.0335437112294,211.0335437112294,-1.1184966081452439,-189.15780070361174
4103156,2023,4050.8250684931536,1431.4585572362969,-2619.366511256857,2619.366511256857,-1.1184966081452439,-189.15780070361174
4103156,2024,3900.0,2642.271893885428,-1257.7281061145718,1257.7281061145718,-1.1184966081452439,-189.15780070361174
4117057,2015,3838.7333333333077,1910.544305190864,-1928.1890281424437,1928.1890281424437,-1.1184966081452439,-189.15780070361174
4117057,2016,4033.5588342440506,2987.3128145859314,-1046.2460196581192,1046.2460196581192,-1.1184966081452439,-189.15780070361174
4117057,2017,4115.631415525077,3325.7895122445175,-789.8419032805591,789.8419032805591,-1.1184966081452439,-189.15780070361174
4117057,2018,3961.69899543376,3352.0879731017367,-609.6110223320234,609.6110223320234,-1.1184966081452439,-189.15780070361174
4117057,2019,4063.793972602716,3140.9352709855066,-922.8587016172096,922.8587016172096,-1.1184966081452439,-189.15780070361174
4117057,2020,3971.8506375227525,3548.92590453011,-422.9247329926425,422.9247329926425,-1.1184966081452439,-189.15780070361174
4117057,2021,3693.298995433781,3863.9061688940487,170.60717346026786,170.60717346026786,-1.1184966081452439,-189.15780070361174
4117057,2022,3981.914520547928,3649.7371828261685,-332.1773377217596,332.1773377217596,-1.1184966081452439,-189.15780070361174
4117057,2023,4153.461552511405,3006.8669150233113,-1146.5946374880937,1146.5946374880937,-1.1184966081452439,-189.15780070361174
4117057,2024,4000.0,2925.113994200679,-1074.886005799321,1074.886005799321,-1.1184966081452439,-189.15780070361174
4104451,2015,3522.266666666677,1945.4392347703956,-1576.8274318962813,1576.8274318962813,-1.1184966081452439,-189.15780070361174
4104451,2016,3705.244444444455,3908.035951277855,202.79150683340004,202.79150683340004,-1.1184966081452439,-189.15780070361174
4104451,2017,3826.7315981735273,3626.500037435956,-200.23156073757127,200.23156073757127,-1.1184966081452439,-189.15780070361174
4104451,2018,3622.9996347032084,2918.1228534116426,-704.8767812915657,704.8767812915657,-1.1184966081452439,-189.15780070361174
4104451,2019,3645.4978082191874,3360.875460483076,-284.62234773611135,284.62234773611135,-1.1184966081452439,-189.15780070361174
4104451,2020,3444.1384335154876,3315.831781906528,-128.30665160895978,128.30665160895978,-1.1184966081452439,-189.15780070361174
4104451,2021,3221.201004566216,3220.7224881873553,-0.47851637886060416,0.47851637886060416,-1.1184966081452439,-189.15780070361174
4104451,2022,3644.4005479452117,3897.51277297148,253.11222502626833,253.11222502626833,-1.1184966081452439,-189.15780070361174
4104451,2023,3861.474063926944,1998.8417874645618,-1862.6322764623822,1862.6322764623822,-1.1184966081452439,-189.15780070361174
4104451,2024,3796.0,2764.391958166375,-1031.608041833625,1031.608041833625,-1.1184966081452439,-189.15780070361174
4125209,2015,2933.9333333334366,1463.694051146225,-1470.2392821872115,1470.2392821872115,-1.1184966081452439,-189.15780070361174
4125209,2016,3081.0495446266955,2876.252340850705,-204.7972037759905,204.7972037759905,-1.1184966081452439,-189.15780070361174
4125209,2017,3260.6612785388984,3180.9004383979764,-79.76084014092203,79.76084014092203,-1.1184966081452439,-189.15780070361174
4125209,2018,2733.4452968037217,2666.458317871129,-66.98697893259259,66.98697893259259,-1.1184966081452439,-189.15780070361174
4125209,2019,2886.3936986302037,3333.3132043577516,446.91950572754786,446.91950572754786,-1.1184966081452439,-189.15780070361174
4125209,2020,3588.3315118397586,2968.504699898887,-619.8268119408717,619.8268119408717,-1.1184966081452439,-189.15780070361174
4125209,2021,2121.890502283139,4178.376998999168,2056.486496716029,2056.486496716029,-1.1184966081452439,-189.15780070361174
4125209,2022,2511.5567123287847,3239.908808233374,728.3520959045895,728.3520959045895,-1.1184966081452439,-189.15780070361174
4125209,2023,3691.0366210045677,1645.4627761039048,-2045.5738449006628,2045.5738449006628,-1.1184966081452439,-189.15780070361174
4125209,2024,3070.0,2764.590224036305,-305.4097759636952,305.4097759636952,-1.1184966081452439,-189.15780070361174
4121604,2015,2584.5333333335584,1532.7656950707662,-1051.7676382627922,1051.7676382627922,-1.1184966081452439,-189.15780070361174
4121604,2016,3053.5489981787255,3252.7682787765257,199.2192805978002,199.2192805978002,-1.1184966081452439,-189.15780070361174
4121604,2017,3552.216621004756,3625.743012300185,73.52639129542922,73.52639129542922,-1.1184966081452439,-189.15780070361174
4121604,2018,3369.095159817514,2856.0780985230454,-513.0170612944685,513.0170612944685,-1.1184966081452439,-189.15780070361174
4121604,2019,3541.9517808220517,3904.602489486959,362.65070866490714,362.65070866490714,-1.1184966081452439,-189.15780070361174
4121604,2020,3801.074681238721,3038.2084262432445,-762.8662549954765,762.8662549954765,-1.1184966081452439,-189.15780070361174
4121604,2021,2518.185570776333,3274.0848629120246,755.8992921356917,755.8992921356917,-1.1184966081452439,-189.15780070361174
4121604,2022,2661.091506849349,3740.5747635694324,1079.4832567200833,1079.4832567200833,-1.1184966081452439,-189.15780070361174
4121604,2023,3586.759086757998,785.8151646670079,-2800.94392209099,2800.94392209099,-1.1184966081452439,-189.15780070361174
4121604,2024,3252.0,3200.9657884806616,-51.03421151933844,51.03421151933844,-1.1184966081452439,-189.15780070361174
4115309,2015,2839.6666666668284,2806.805381786488,-32.86128488034046,32.86128488034046,-1.1184966081452439,-189.15780070361174
4115309,2016,3341.1001821495133,2759.036595053851,-582.0635870956621,582.0635870956621,-1.1184966081452439,-189.15780070361174
4115309,2017,3885.687899543509,3238.0493215604224,-647.6385779830866,647.6385779830866,-1.1184966081452439,-189.15780070361174
4115309,2018,3552.6031963471414,3462.5631974227617,-90.03999892437969,90.03999892437969,-1.1184966081452439,-189.15780070361174
4115309,2019,3595.5294520548864,2977.959683813599,-617.5697682412874,617.5697682412874,-1.1184966081452439,-189.15780070361174
4115309,2020,3945.712204007357,1183.2454865735108,-2762.466717433846,2762.466717433846,-1.1184966081452439,-189.15780070361174
4115309,2021,3123.7463470320135,3001.300462190646,-122.44588484136739,122.44588484136739,-1.1184966081452439,-189.15780070361174
4115309,2022,3186.4972602740045,3597.175082043128,410.6778217691235,410.6778217691235,-1.1184966081452439,-189.15780070361174
4115309,2023,3655.601598173527,3443.522242232662,-212.07935594086484,212.07935594086484,-1.1184966081452439,-189.15780070361174
4115309,2024,3331.0,1440.200063004231,-1890.799936995769,1890.799936995769,-1.1184966081452439,-189.15780070361174
4117602,2015,3234.6666666667443,2900.6775265889323,-333.98914007781195,333.98914007781195,-1.1184966081452439,-189.15780070361174
4117602,2016,3389.5919854281233,7474.970985382079,4085.3789999539554,4085.3789999539554,-1.1184966081452439,-189.15780070361174
4117602,2017,3481.415981735223,3487.672839200636,6.2568574654133045,6.2568574654133045,-1.1184966081452439,-189.15780070361174
4117602,2018,3490.651141552565,3351.15404269491,-139.49709885765515,139.49709885765515,-1.1184966081452439,-189.15780070361174
4117602,2019,3689.310958904153,4599.190700057078,909.8797411529254,909.8797411529254,-1.1184966081452439,-189.15780070361174
4117602,2020,3695.755919854314,3260.366323602426,-435.3895962518882,435.3895962518882,-1.1184966081452439,-189.15780070361174
4117602,2021,3630.027853881303,2896.443536341481,-733.5843175398222,733.5843175398222,-1.1184966081452439,-189.15780070361174
4117602,2022,3612.1671232876865,5369.573597371127,1757.4064740834406,1757.4064740834406,-1.1184966081452439,-189.15780070361174
4117602,2023,3319.100913242014,2900.6480541682845,-418.45285907372954,418.45285907372954,-1.1184966081452439,-189.15780070361174
4117602,2024,3100.0,2222.55745881491,-877.4425411850898,877.4425411850898,-1.1184966081452439,-189.15780070361174
4105003,2015,3639.4666666667326,1745.9179689722137,-1893.548697694519,1893.548697694519,-1.1184966081452439,-189.15780070361174
4105003,2016,3506.527504553792,2853.2269700228553,-653.3005345309366,653.3005345309366,-1.1184966081452439,-189.15780070361174
4105003,2017,3407.077899543429,3183.030514204437,-224.04738533899172,224.04738533899172,-1.1184966081452439,-189.15780070361174
4105003,2018,3485.7678538813198,3118.2594843884735,-367.5083694928462,367.5083694928462,-1.1184966081452439,-189.15780070361174
4105003,2019,3858.1071232877052,3351.2461942401906,-506.8609290475147,506.8609290475147,-1.1184966081452439,-189.15780070361174
4105003,2020,3716.0018214936504,3218.9137983003156,-497.0880231933347,497.0880231933347,-1.1184966081452439,-189.15780070361174
4105003,2021,3391.166484018282,3557.594119996256,166.42763597797375,166.42763597797375,-1.1184966081452439,-189.15780070361174
4105003,2022,3528.7057534246737,3683.1537586774666,154.44800525279288,154.44800525279288,-1.1184966081452439,-189.15780070361174
4105003,2023,3540.7600913242086,1870.182254913599,-1670.5778364106095,1670.5778364106095,-1.1184966081452439,-189.15780070361174
4105003,2024,3546.0,2772.8367514249835,-773.1632485750165,773.1632485750165,-1.1184966081452439,-189.15780070361174
4107207,2015,3364.8000000000466,1430.1550855108112,-1934.6449144892354,1934.6449144892354,-1.1184966081452439,-189.15780070361174
4107207,2016,3596.1322404372027,2793.1195867487736,-803.012653688429,803.012653688429,-1.1184966081452439,-189.15780070361174
4107207,2017,3765.5406849315445,3183.6576735341787,-581.8830113973659,581.8830113973659,-1.1184966081452439,-189.15780070361174
4107207,2018,3375.4715068493465,2661.732749551102,-713.7387572982443,713.7387572982443,-1.1184966081452439,-189.15780070361174
4107207,2019,3532.766712328793,3331.677369026602,-201.08934330219108,201.08934330219108,-1.1184966081452439,-189.15780070361174
4107207,2020,4087.4043715847206,2842.4390006258072,-1244.9653709589134,1244.9653709589134,-1.1184966081452439,-189.15780070361174
4107207,2021,2752.606438356179,4127.791673947763,1375.1852355915844,1375.1852355915844,-1.1184966081452439,-189.15780070361174
4107207,2022,2847.882465753433,3233.304071891154,385.421606137721,385.421606137721,-1.1184966081452439,-189.15780070361174
4107207,2023,4100.224246575345,1616.5391475019298,-2483.6850990734156,2483.6850990734156,-1.1184966081452439,-189.15780070361174
4107207,2024,3895.0,2773.219999090712,-1121.780000909288,1121.780000909288,-1.1184966081452439,-189.15780070361174
4116950,2015,2699.8000000001916,2133.9786580621667,-565.821341938025,565.821341938025,-1.1184966081452439,-189.15780070361174
4116950,2016,3051.9136612023613,2391.4161421194553,-660.4975190829059,660.4975190829059,-1.1184966081452439,-189.15780070361174
4116950,2017,3284.9605479453594,3622.479887736387,337.5193397910275,337.5193397910275,-1.1184966081452439,-189.15780070361174
4116950,2018,2854.7167123289005,3043.940296095542,189.2235837666417,189.2235837666417,-1.1184966081452439,-189.15780070361174
4116950,2019,3234.335890411073,3649.0553115002635,414.71942108919075,414.71942108919075,-1.1184966081452439,-189.15780070361174
4116950,2020,3849.7486338798744,2969.4257774120565,-880.3228564678179,880.3228564678179,-1.1184966081452439,-189.15780070361174
4116950,2021,2259.053698630195,3969.0161534434765,1709.9624548132815,1709.9624548132815,-1.1184966081452439,-189.15780070361174
4116950,2022,2355.9331506849694,3187.929962752903,831.9968120679337,831.9968120679337,-1.1184966081452439,-189.15780070361174
4116950,2023,3561.305753424675,2887.751966306979,-673.5537871176962,673.5537871176962,-1.1184966081452439,-189.15780070361174
4116950,2024,3200.0,2251.7438441442164,-948.2561558557836,948.2561558557836,-1.1184966081452439,-189.15780070361174
4119251,2015,3138.666666666773,2234.149132698283,-904.5175339684897,904.5175339684897,-1.1184966081452439,-189.15780070361174
4119251,2016,3384.4608378871694,2511.5644727209287,-872.8963651662407,872.8963651662407,-1.1184966081452439,-189.15780070361174
4119251,2017,3495.9687214612795,3189.889241325996,-306.0794801352836,306.0794801352836,-1.1184966081452439,-189.15780070361174
4119251,2018,3234.885388127929,2714.8536583242453,-520.0317298036839,520.0317298036839,-1.1184966081452439,-189.15780070361174
4119251,2019,3427.500684931565,3503.361390949238,75.86070601767278,75.86070601767278,-1.1184966081452439,-189.15780070361174
4119251,2020,3663.35154826963,2984.981673836334,-678.369874433296,678.369874433296,-1.1184966081452439,-189.15780070361174
4119251,2021,2342.5942922374816,3717.6664228722184,1375.0721306347368,1375.0721306347368,-1.1184966081452439,-189.15780070361174
4119251,2022,2480.1958904109883,3282.450058034903,802.2541676239148,802.2541676239148,-1.1184966081452439,-189.15780070361174
4119251,2023,3908.797488584487,1438.3588730583372,-2470.43861552615,2470.43861552615,-1.1184966081452439,-189.15780070361174
4119251,2024,4000.0,2660.4591133564904,-1339.5408866435096,1339.5408866435096,-1.1184966081452439,-189.15780070361174
4113304,2015,4123.333333333256,2193.227725980182,-1930.1056073530735,1930.1056073530735,-1.1184966081452439,-189.15780070361174
4113304,2016,4189.10746812379,3400.5571565797136,-788.5503115440761,788.5503115440761,-1.1184966081452439,-189.15780070361174
4113304,2017,4098.312785388065,3670.022664211125,-428.2901211769399,428.2901211769399,-1.1184966081452439,-189.15780070361174
4113304,2018,3905.0913242008596,2930.336953156926,-974.7543710439336,974.7543710439336,-1.1184966081452439,-189.15780070361174
4113304,2019,4076.971232876669,3915.827529076241,-161.14370380042828,161.14370380042828,-1.1184966081452439,-189.15780070361174
4113304,2020,4059.8615664844842,3012.767858306715,-1047.0937081777693,1047.0937081777693,-1.1184966081452439,-189.15780070361174
4113304,2021,3797.5913242008887,3444.22225017691,-353.36907402397856,353.36907402397856,-1.1184966081452439,-189.15780070361174
4113304,2022,4091.465753424642,3573.2009382205842,-518.2648152040579,518.2648152040579,-1.1184966081452439,-189.15780070361174
4113304,2023,4258.271689497712,2189.5329628632603,-2068.7387266344517,2068.7387266344517,-1.1184966081452439,-189.15780070361174
4113304,2024,4100.0,3029.1941085575154,-1070.8058914424846,1070.8058914424846,-1.1184966081452439,-189.15780070361174
4106456,2015,3609.8666666666395,1878.1115980659945,-1731.755068600645,1731.755068600645,-1.1184966081452439,-189.15780070361174
4106456,2016,3612.3887067395044,2246.6069030637136,-1365.7818036757908,1365.7818036757908,-1.1184966081452439,-189.15780070361174
4106456,2017,3677.905433789935,3691.541345302605,13.635911512669736,13.635911512669736,-1.1184966081452439,-189.15780070361174
4106456,2018,3687.4810045661948,2846.0912995528142,-841.3897050133805,841.3897050133805,-1.1184966081452439,-189.15780070361174
4106456,2019,3769.009999999989,3111.3633700014293,-657.6466299985595,657.6466299985595,-1.1184966081452439,-189.15780070361174
4106456,2020,3876.816029143882,2043.5240241045958,-1833.2920050392863,1833.2920050392863,-1.1184966081452439,-189.15780070361174
4106456,2021,3771.2844292237323,3386.3293867692596,-384.95504245447273,384.95504245447273,-1.1184966081452439,-189.15780070361174
4106456,2022,3706.1065753424573,3559.237284351824,-146.8692909906331,146.8692909906331,-1.1184966081452439,-189.15780070361174
4106456,2023,3610.079406392689,3997.215269862536,387.13586346984675,387.13586346984675,-1.1184966081452439,-189.15780070361174
4106456,2024,3500.0,3338.344016487036,-161.6559835129642,161.6559835129642,-1.1184966081452439,-189.15780070361174
4124020,2015,3427.0666666667234,1867.2872107752485,-1559.779455891475,1559.779455891475,-1.1184966081452439,-189.15780070361174
4124020,2016,3553.8138433515987,2584.6600033391305,-969.1538400124682,969.1538400124682,-1.1184966081452439,-189.15780070361174
4124020,2017,3439.285981735198,3455.8347341681306,16.54875243293236,16.54875243293236,-1.1184966081452439,-189.15780070361174
4124020,2018,3097.999908675832,3734.366079128401,636.3661704525689,636.3661704525689,-1.1184966081452439,-189.15780070361174
4124020,2019,3594.8700000000276,3381.8830589410622,-212.98694105896539,212.98694105896539,-1.1184966081452439,-189.15780070361174
4124020,2020,3806.029143898019,3267.519697968823,-538.5094459291959,538.5094459291959,-1.1184966081452439,-189.15780070361174
4124020,2021,3371.223881278556,2869.5721610812056,-501.6517201973502,501.6517201973502,-1.1184966081452439,-189.15780070361174
4124020,2022,3361.2200000000116,3164.9374298138196,-196.28257018619206,196.28257018619206,-1.1184966081452439,-189.15780070361174
4124020,2023,3437.6763926940703,2200.5593507986596,-1237.1170418954107,1237.1170418954107,-1.1184966081452439,-189.15780070361174
4124020,2024,3466.0,3342.1616839476555,-123.83831605234445,123.83831605234445,-1.1184966081452439,-189.15780070361174
4105706,2015,2672.6000000001836,3666.632379315823,994.0323793156394,994.0323793156394,-1.1184966081452439,-189.15780070361174
4105706,2016,3284.9530054646534,2821.0644520645974,-463.888553400056,463.888553400056,-1.1184966081452439,-189.15780070361174
4105706,2017,3726.8395890412457,3469.847579949487,-256.9920090917585,256.9920090917585,-1.1184966081452439,-189.15780070361174
4105706,2018,3550.0978082193055,7351.7334337159855,3801.63562549668,3801.63562549668,-1.1184966081452439,-189.15780070361174
4105706,2019,3740.956027397365,2729.181788353266,-1011.774239044099,1011.774239044099,-1.1184966081452439,-189.15780070361174
4105706,2020,3801.049180327949,2739.0540832338306,-1061.9950970941186,1061.9950970941186,-1.1184966081452439,-189.15780070361174
4105706,2021,3033.7710958904668,3300.6165678238153,266.84547193334856,266.84547193334856,-1.1184966081452439,-189.15780070361174
4105706,2022,3170.560821917842,3415.201864036507,244.6410421186647,244.6410421186647,-1.1184966081452439,-189.15780070361174
4105706,2023,3552.553287671245,3888.043788670617,335.49050099937176,335.49050099937176,-1.1184966081452439,-189.15780070361174
4105706,2024,3200.0,3431.8568624448617,231.8568624448617,231.8568624448617,-1.1184966081452439,-189.15780070361174
4107850,2015,3118.6666666667616,1469.8299532998535,-1648.836713366908,1648.836713366908,-1.1184966081452439,-189.15780070361174
4107850,2016,3408.449908925408,3234.2960937672588,-174.15381515814943,174.15381515814943,-1.1184966081452439,-189.15780070361174
4107850,2017,3688.2358447489346,3617.3785959154056,-70.85724883352896,70.85724883352896,-1.1184966081452439,-189.15780070361174
4107850,2018,3437.7210045662746,3176.180871723694,-261.54013284258053,261.54013284258053,-1.1184966081452439,-189.15780070361174
4107850,2019,3420.4390410959427,3744.0720085052963,323.63296740935357,323.63296740935357,-1.1184966081452439,-189.15780070361174
4107850,2020,3767.739526411699,3450.1768265645496,-317.56269984714936,317.56269984714936,-1.1184966081452439,-189.15780070361174
4107850,2021,2928.077853881308,3280.6185994517346,352.5407455704267,352.5407455704267,-1.1184966081452439,-189.15780070361174
4107850,2022,3244.2041095890577,3854.098485425802,609.8943758367445,609.8943758367445,-1.1184966081452439,-189.15780070361174
4107850,2023,3839.9878995433837,1550.4285312193388,-2289.559368324045,2289.559368324045,-1.1184966081452439,-189.15780070361174
4107850,2024,3200.0,3309.542023001649,109.54202300164889,109.54202300164889,-1.1184966081452439,-189.15780070361174
4109757,2015,3290.000000000014,2330.8445906923816,-959.1554093076325,959.1554093076325,-1.1184966081452439,-189.15780070361174
4109757,2016,3326.950819672145,3530.703733991735,203.75291431959022,203.75291431959022,-1.1184966081452439,-189.15780070361174
4109757,2017,3371.817808219192,3420.1289938839727,48.31118566478062,48.31118566478062,-1.1184966081452439,-189.15780070361174
4109757,2018,2937.643835616449,3357.1739370511214,419.53010143467236,419.53010143467236,-1.1184966081452439,-189.15780070361174
4109757,2019,3316.889041095898,3534.1734071894452,217.2843660935473,217.2843660935473,-1.1184966081452439,-189.15780070361174
4109757,2020,3727.628415300554,3188.955797776632,-538.6726175239219,538.6726175239219,-1.1184966081452439,-189.15780070361174
4109757,2021,3149.6863013698667,4294.19682945913,1144.510528089263,1144.510528089263,-1.1184966081452439,-189.15780070361174
4109757,2022,3146.2602739726026,3834.277863018798,688.0175890461956,688.0175890461956,-1.1184966081452439,-189.15780070361174
4109757,2023,3322.198630136986,2133.124778237643,-1189.073851899343,1189.073851899343,-1.1184966081452439,-189.15780070361174
4109757,2024,3316.0,2983.0440549149744,-332.95594508502563,332.95594508502563,-1.1184966081452439,-189.15780070361174
4109302,2015,3663.666666666686,1516.3013623750264,-2147.3653042916594,2147.3653042916594,-1.1184966081452439,-189.15780070361174
4109302,2016,4048.089253187629,2897.8552464194586,-1150.2340067681703,1150.2340067681703,-1.1184966081452439,-189.15780070361174
4109302,2017,4316.252968036549,2839.6011115028036,-1476.651856533745,1476.651856533745,-1.1184966081452439,-189.15780070361174
4109302,2018,3881.1853881278785,3332.5330111793955,-548.6523769484829,548.6523769484829,-1.1184966081452439,-189.15780070361174
4109302,2019,3993.5205479452206,3249.4853392520954,-744.0352086931252,744.0352086931252,-1.1184966081452439,-189.15780070361174
4109302,2020,4068.766848816048,3718.038236126123,-350.72861268992483,350.72861268992483,-1.1184966081452439,-189.15780070361174
4109302,2021,3680.486757990892,3699.5660484106847,19.07929041979287,19.07929041979287,-1.1184966081452439,-189.15780070361174
4109302,2022,3974.2356164383714,3555.1801525830397,-419.0554638553317,419.0554638553317,-1.1184966081452439,-189.15780070361174
4109302,2023,4150.915981735165,1810.2240676247045,-2340.69191411046,2340.69191411046,-1.1184966081452439,-189.15780070361174
4109302,2024,4000.0,2879.0116814177445,-1120.9883185822555,1120.9883185822555,-1.1184966081452439,-189.15780070361174
4106506,2015,2998.000000000109,1458.5640412199293,-1539.4359587801798,1539.4359587801798,-1.1184966081452439,-189.15780070361174
4106506,2016,3438.3934426230526,2908.7697090367033,-529.6237335863493,529.6237335863493,-1.1184966081452439,-189.15780070361174
4106506,2017,3731.841095890498,3315.29993605535,-416.54115983514794,416.54115983514794,-1.1184966081452439,-189.15780070361174
4106506,2018,3349.0191780822647,2738.048261673681,-610.9709164085839,610.9709164085839,-1.1184966081452439,-189.15780070361174
4106506,2019,3318.701369863072,3790.4945513287885,471.7931814657163,471.7931814657163,-1.1184966081452439,-189.15780070361174
4106506,2020,3579.8032786885715,2272.677211395082,-1307.1260672934895,1307.1260672934895,-1.1184966081452439,-189.15780070361174
4106506,2021,2668.6219178082556,2975.63200422,307.0100864117444,307.0100864117444,-1.1184966081452439,-189.15780070361174
4106506,2022,2817.463013698652,3293.4337739805815,475.9707602819294,475.9707602819294,-1.1184966081452439,-189.15780070361174
4106506,2023,3841.531506849322,898.3225826273624,-2943.2089242219595,2943.2089242219595,-1.1184966081452439,-189.15780070361174
4106506,2024,3785.0,3572.4727494754875,-212.5272505245125,212.5272505245125,-1.1184966081452439,-189.15780070361174
4114351,2015,2509.866666666902,3188.2709295805535,678.4042629136516,678.4042629136516,-1.1184966081452439,-189.15780070361174
4114351,2016,2804.6018214938426,1671.706730096096,-1132.8950913977467,1132.8950913977467,-1.1184966081452439,-189.15780070361174
4114351,2017,3139.621187214797,3567.1620888107623,427.54090159596535,427.54090159596535,-1.1184966081452439,-189.15780070361174
4114351,2018,2943.586484018417,3401.053445905621,457.466961887204,457.466961887204,-1.1184966081452439,-189.15780070361174
4114351,2019,3311.716164383681,3771.6314895435876,459.9153251599064,459.9153251599064,-1.1184966081452439,-189.15780070361174
4114351,2020,3722.072859745091,3694.12427501961,-27.94858472548094,27.94858472548094,-1.1184966081452439,-189.15780070361174
4114351,2021,2168.1399086758815,3637.0783964534176,1468.938487777536,1468.938487777536,-1.1184966081452439,-189.15780070361174
4114351,2022,2291.6175342466254,3193.7501901400115,902.1326558933861,902.1326558933861,-1.1184966081452439,-189.15780070361174
4114351,2023,3367.818447488601,2716.1888802443455,-651.6295672442557,651.6295672442557,-1.1184966081452439,-189.15780070361174
4114351,2024,3000.0,2314.986779973659,-685.0132200263411,685.0132200263411,-1.1184966081452439,-189.15780070361174
4120358,2015,3224.9333333334284,1415.3654609741081,-1809.5678723593203,1809.5678723593203,-1.1184966081452439,-189.15780070361174
4120358,2016,3453.7435336977237,2489.6296734914,-964.1138602063238,964.1138602063238,-1.1184966081452439,-189.15780070361174
4120358,2017,3310.621552511497,3253.0133102203736,-57.60824229112359,57.60824229112359,-1.1184966081452439,-189.15780070361174
4120358,2018,3096.987762557146,2801.548305495649,-295.43945706149725,295.43945706149725,-1.1184966081452439,-189.15780070361174
4120358,2019,3728.345753424714,3319.2377795850916,-409.10797383962245,409.10797383962245,-1.1184966081452439,-189.15780070361174
4120358,2020,4070.3041894353837,2670.6630328863066,-1399.641156549077,1399.641156549077,-1.1184966081452439,-189.15780070361174
4120358,2021,2369.382283105057,3193.9414708343033,824.5591877292463,824.5591877292463,-1.1184966081452439,-189.15780070361174
4120358,2022,2363.830684931528,3026.684941740178,662.85425680865,662.85425680865,-1.1184966081452439,-189.15780070361174
4120358,2023,3920.799634703205,2774.9323577847567,-1145.8672769184482,1145.8672769184482,-1.1184966081452439,-189.15780070361174
4120358,2024,3965.0,3411.5927646009636,-553.4072353990364,553.4072353990364,-1.1184966081452439,-189.15780070361174
4121752,2015,3671.4666666667185,7188.541168384521,3517.074501717803,3517.074501717803,-1.1184966081452439,-189.15780070361174
4121752,2016,3982.4400728597925,2150.848972875068,-1831.5910999847247,1831.5910999847247,-1.1184966081452439,-189.15780070361174
4121752,2017,4117.913515981778,3534.1151679681293,-583.7983480136486,583.7983480136486,-1.1184966081452439,-189.15780070361174
4121752,2018,3927.7130593607685,7727.006985867066,3799.2939265062973,3799.2939265062973,-1.1184966081452439,-189.15780070361174
4121752,2019,4047.5947945205776,3085.1869132572965,-962.4078812632811,962.4078812632811,-1.1184966081452439,-189.15780070361174
4121752,2020,4074.411657559221,2151.8896225272097,-1922.5220350320114,1922.5220350320114,-1.1184966081452439,-189.15780070361174
4121752,2021,3738.2404566210216,5949.515629972845,2211.2751733518235,2211.2751733518235,-1.1184966081452439,-189.15780070361174
4121752,2022,3821.1386301369985,2428.444117804008,-1392.6945123329906,1392.6945123329906,-1.1184966081452439,-189.15780070361174
4121752,2023,4060.217625570781,3372.8509273378595,-687.3666982329214,687.3666982329214,-1.1184966081452439,-189.15780070361174
4121752,2024,4000.0,1742.4228717557228,-2257.5771282442774,2257.5771282442774,-1.1184966081452439,-189.15780070361174
4128658,2015,3226.666666666686,2198.854939028162,-1027.8117276385242,1027.8117276385242,-1.1184966081452439,-189.15780070361174
4128658,2016,4235.482695810593,3528.622291389257,-706.8604044213362,706.8604044213362,-1.1184966081452439,-189.15780070361174
4128658,2017,4974.55707762559,3107.2567301204294,-1867.3003475051605,1867.3003475051605,-1.1184966081452439,-189.15780070361174
4128658,2018,4557.004566210056,3454.496080317547,-1102.5084858925088,1102.5084858925088,-1.1184966081452439,-189.15780070361174
4128658,2019,4685.353424657535,3628.872272872002,-1056.4811517855323,1056.4811517855323,-1.1184966081452439,-189.15780070361174
4128658,2020,4632.837887067386,2959.912896935381,-1672.924990132005,1672.924990132005,-1.1184966081452439,-189.15780070361174
4128658,2021,4368.89497716893,3738.886614536164,-630.0083626327664,630.0083626327664,-1.1184966081452439,-189.15780070361174
4128658,2022,4429.945205479423,3497.739283185129,-932.2059222942939,932.2059222942939,-1.1184966081452439,-189.15780070361174
4128658,2023,4209.92694063926,1450.0796762359369,-2759.8472644033227,2759.8472644033227,-1.1184966081452439,-189.15780070361174
4128658,2024,4000.0,2533.3301120397937,-1466.6698879602063,1466.6698879602063,-1.1184966081452439,-189.15780070361174
