point_id,cluster_id,year,dyield_obs,dyield_sim,error,abs_error,r2,bias,municipio
4100103,0.0,2015,2760.0,7727.696715180791,4967.696715180791,4967.696715180791,-242.0892595146352,1791.8720113767054,Abatiá
4100103,0.0,2016,3121.967213114754,7355.920148742024,4233.952935627271,4233.952935627271,-242.0892595146352,1791.8720113767054,Abatiá
4100103,0.0,2017,3056.54794520548,5880.666062259485,2824.118117054006,2824.118117054006,-242.0892595146352,1791.8720113767054,Abatiá
4100103,0.0,2018,3063.4520547945203,1164.759548196946,-1898.6925065975745,1898.6925065975745,-242.0892595146352,1791.8720113767054,Abatiá
4100103,0.0,2019,3480.0,1157.8032656866403,-2322.1967343133592,2322.1967343133592,-242.0892595146352,1791.8720113767054,Abatiá
4100103,0.0,2020,3094.4043715847,1879.5188516308856,-1214.885519953814,1214.885519953814,-242.0892595146352,1791.8720113767054,Abatiá
4100103,0.0,2021,3129.8986301369864,870.4948320882593,-2259.403798048728,2259.403798048728,-242.0892595146352,1791.8720113767054,Abatiá
4100103,0.0,2022,3570.246575342466,8939.92371900424,5369.677143661775,5369.677143661775,-242.0892595146352,1791.8720113767054,Abatiá
4100103,0.0,2023,3600.0,2330.1395805458574,-1269.8604194541426,1269.8604194541426,-242.0892595146352,1791.8720113767054,Abatiá
4100103,0.0,2024,3600.0,13088.314180610829,9488.314180610829,9488.314180610829,-242.0892595146352,1791.8720113767054,Abatiá
4100608,0.0,2015,2221.0,2049.6557138721446,-171.3442861278554,171.3442861278554,0.2489001989160255,-26.92395892406744,Alto Paraná
4100608,0.0,2016,2602.5737704918038,2843.7763336411244,241.20256314932112,241.20256314932112,0.2489001989160255,-26.92395892406744,Alto Paraná
4100608,0.0,2017,2889.2602739726026,2617.7267652326623,-271.5335087399403,271.5335087399403,0.2489001989160255,-26.92395892406744,Alto Paraná
4100608,0.0,2018,2245.4794520547944,2315.586585857968,70.10713380317384,70.10713380317384,0.2489001989160255,-26.92395892406744,Alto Paraná
4100608,0.0,2019,2229.819178082192,2487.512983766296,257.69380568410406,257.69380568410406,0.2489001989160255,-26.92395892406744,Alto Paraná
4100608,0.0,2020,2775.6338797814205,2665.87717833188,-109.7567014495412,109.7567014495412,0.2489001989160255,-26.92395892406744,Alto Paraná
4100608,0.0,2021,2075.594520547945,2146.644963347692,71.05044279974663,71.05044279974663,0.2489001989160255,-26.92395892406744,Alto Paraná
4100608,0.0,2022,2425.66301369863,2195.06027704186,-230.60273665677005,230.60273665677005,0.2489001989160255,-26.92395892406744,Alto Paraná
4100608,0.0,2023,2720.884931506849,2236.616082488159,-484.26884901869016,484.26884901869016,0.2489001989160255,-26.92395892406744,Alto Paraná
4100608,0.0,2024,1983.0,2341.212547315777,358.2125473157771,358.2125473157771,0.2489001989160255,-26.92395892406744,Alto Paraná
4100806,0.0,2015,2450.0,3133.4648784306733,683.4648784306733,683.4648784306733,-0.1914732318905116,199.81103386610147,Alvorada do Sul
4100806,0.0,2016,2939.158469945355,2238.916861793517,-700.2416081518377,700.2416081518377,-0.1914732318905116,199.81103386610147,Alvorada do Sul
4100806,0.0,2017,3412.917808219178,3081.0360315747166,-331.8817766444613,331.8817766444613,-0.1914732318905116,199.81103386610147,Alvorada do Sul
4100806,0.0,2018,2645.3232876712327,3637.3930589233114,992.0697712520778,992.0697712520778,-0.1914732318905116,199.81103386610147,Alvorada do Sul
4100806,0.0,2019,2530.1369863013697,2794.877193043764,264.74020674239364,264.74020674239364,-0.1914732318905116,199.81103386610147,Alvorada do Sul
4100806,0.0,2020,2873.497267759563,3411.459138934725,537.9618711751623,537.9618711751623,-0.1914732318905116,199.81103386610147,Alvorada do Sul
4100806,0.0,2021,3053.698630136986,2400.447222225683,-653.251407911303,653.251407911303,-0.1914732318905116,199.81103386610147,Alvorada do Sul
4100806,0.0,2022,3702.6520547945206,3834.183354137048,131.5312993425273,131.5312993425273,-0.1914732318905116,199.81103386610147,Alvorada do Sul
4100806,0.0,2023,2665.923287671233,2684.2264006542227,18.30311298298966,18.30311298298966,-0.1914732318905116,199.81103386610147,Alvorada do Sul
4100806,0.0,2024,1450.0,2505.413991442793,1055.4139914427928,1055.4139914427928,-0.1914732318905116,199.81103386610147,Alvorada do Sul
4100905,0.0,2015,2760.0,3585.53247853116,825.53247853116,825.53247853116,-5.899763170310906,-25.818987455885782,Amaporã
4100905,0.0,2016,2880.655737704918,1452.9774607979764,-1427.6782769069416,1427.6782769069416,-5.899763170310906,-25.818987455885782,Amaporã
4100905,0.0,2017,3000.0,2927.701622494079,-72.29837750592105,72.29837750592105,-5.899763170310906,-25.818987455885782,Amaporã
4100905,0.0,2018,2932.449315068493,3406.793296706534,474.343981638041,474.343981638041,-5.899763170310906,-25.818987455885782,Amaporã
4100905,0.0,2019,2500.5205479452056,1267.247030901582,-1233.2735170436238,1233.2735170436238,-5.899763170310906,-25.818987455885782,Amaporã
4100905,0.0,2020,2472.3005464480875,3815.0409213594967,1342.7403749114092,1342.7403749114092,-5.899763170310906,-25.818987455885782,Amaporã
4100905,0.0,2021,1811.945205479452,1291.5992621099167,-520.3459433695352,520.3459433695352,-5.899763170310906,-25.818987455885782,Amaporã
4100905,0.0,2022,2029.6986301369864,3398.477800622146,1368.7791704851595,1368.7791704851595,-5.899763170310906,-25.818987455885782,Amaporã
4100905,0.0,2023,2750.3342465753426,2911.13300313184,160.7987565564972,160.7987565564972,-5.899763170310906,-25.818987455885782,Amaporã
4100905,0.0,2024,2308.0,1131.211478144897,-1176.788521855103,1176.788521855103,-5.899763170310906,-25.818987455885782,Amaporã
4101101,0.0,2015,3077.0,3621.478237587332,544.4782375873319,544.4782375873319,-1.0613877785210415,74.78366978675221,Andirá
4101101,0.0,2016,3270.551912568306,3186.7723431725017,-83.77956939580417,83.77956939580417,-1.0613877785210415,74.78366978675221,Andirá
4101101,0.0,2017,4043.238356164384,3800.541833532825,-242.6965226315588,242.6965226315588,-1.0613877785210415,74.78366978675221,Andirá
4101101,0.0,2018,3744.906849315069,4265.889039842945,520.9821905278764,520.9821905278764,-1.0613877785210415,74.78366978675221,Andirá
4101101,0.0,2019,3035.695890410959,2521.950976540441,-513.7449138705178,513.7449138705178,-1.0613877785210415,74.78366978675221,Andirá
4101101,0.0,2020,3106.098360655738,4121.065058280864,1014.966697625126,1014.966697625126,-1.0613877785210415,74.78366978675221,Andirá
4101101,0.0,2021,3288.583561643836,3136.991699218953,-151.59186242488295,151.59186242488295,-1.0613877785210415,74.78366978675221,Andirá
4101101,0.0,2022,3630.739726027397,3912.178509643548,281.43878361615043,281.43878361615043,-1.0613877785210415,74.78366978675221,Andirá
4101101,0.0,2023,3720.0,3566.4369521005297,-153.56304789947035,153.56304789947035,-1.0613877785210415,74.78366978675221,Andirá
4101101,0.0,2024,3720.0,3251.3467047332715,-468.6532952667285,468.6532952667285,-1.0613877785210415,74.78366978675221,Andirá
4101150,0.0,2015,3050.0,1381.2990752999203,-1668.7009247000797,1668.7009247000797,-7.039692997534493,-815.4834815117389,Ângulo
4101150,0.0,2016,3261.147540983606,1871.8135863655184,-1389.3339546180885,1389.3339546180885,-7.039692997534493,-815.4834815117389,Ângulo
4101150,0.0,2017,3434.7123287671234,2993.4283984607905,-441.2839303063329,441.2839303063329,-7.039692997534493,-815.4834815117389,Ângulo
4101150,0.0,2018,2996.7123287671234,1743.3893191999289,-1253.3230095671945,1253.3230095671945,-7.039692997534493,-815.4834815117389,Ângulo
4101150,0.0,2019,2952.876712328767,1959.8290499648472,-993.04766236392,993.04766236392,-7.039692997534493,-815.4834815117389,Ângulo
4101150,0.0,2020,3136.6120218579235,1762.082081078535,-1374.5299407793884,1374.5299407793884,-7.039692997534493,-815.4834815117389,Ângulo
4101150,0.0,2021,2160.8630136986303,2287.250222576289,126.38720887765884,126.38720887765884,-7.039692997534493,-815.4834815117389,Ângulo
4101150,0.0,2022,2791.671232876712,3255.042703349696,463.3714704729832,463.3714704729832,-7.039692997534493,-815.4834815117389,Ângulo
4101150,0.0,2023,3343.013698630137,2850.443447971701,-492.5702506584357,492.5702506584357,-7.039692997534493,-815.4834815117389,Ângulo
4101150,0.0,2024,2500.0,1368.196178525409,-1131.803821474591,1131.803821474591,-7.039692997534493,-815.4834815117389,Ângulo
4101408,0.0,2015,2650.0,1586.8455855525583,-1063.1544144474417,1063.1544144474417,-24.5577097036894,440.50933443629685,Apucarana
4101408,0.0,2016,3127.5956284153003,4033.829390789053,906.233762373753,906.233762373753,-24.5577097036894,440.50933443629685,Apucarana
4101408,0.0,2017,3549.5890410958905,5500.861869185106,1951.272828089216,1951.272828089216,-24.5577097036894,440.50933443629685,Apucarana
4101408,0.0,2018,3335.1561643835616,1872.716114400466,-1462.4400499830956,1462.4400499830956,-24.5577097036894,440.50933443629685,Apucarana
4101408,0.0,2019,3539.487671232877,3577.302949355361,37.81527812248396,37.81527812248396,-24.5577097036894,440.50933443629685,Apucarana
4101408,0.0,2020,3874.863387978142,4952.600809699451,1077.7374217213091,1077.7374217213091,-24.5577097036894,440.50933443629685,Apucarana
4101408,0.0,2021,3497.123287671233,4944.852820332723,1447.7295326614903,1447.7295326614903,-24.5577097036894,440.50933443629685,Apucarana
4101408,0.0,2022,3326.4383561643835,6260.661985747662,2934.223629583278,2934.223629583278,-24.5577097036894,440.50933443629685,Apucarana
4101408,0.0,2023,3500.0,1503.908573861336,-1996.091426138664,1996.091426138664,-24.5577097036894,440.50933443629685,Apucarana
4101408,0.0,2024,3500.0,4071.76678238064,571.7667823806396,571.7667823806396,-24.5577097036894,440.50933443629685,Apucarana
4101507,0.0,2015,2300.0,8964.017072989795,6664.0170729897945,6664.0170729897945,-256.3042342465543,5722.965829749468,Arapongas
4101507,0.0,2016,3003.8251366120217,11090.494450004053,8086.669313392031,8086.669313392031,-256.3042342465543,5722.965829749468,Arapongas
4101507,0.0,2017,3548.7671232876714,10564.181621649455,7015.414498361784,7015.414498361784,-256.3042342465543,5722.965829749468,Arapongas
4101507,0.0,2018,3198.356164383561,4198.421888868597,1000.0657244850358,1000.0657244850358,-256.3042342465543,5722.965829749468,Arapongas
4101507,0.0,2019,3302.4657534246576,10803.311345493848,7500.845592069189,7500.845592069189,-256.3042342465543,5722.965829749468,Arapongas
4101507,0.0,2020,3675.409836065574,11651.043460749646,7975.633624684073,7975.633624684073,-256.3042342465543,5722.965829749468,Arapongas
4101507,0.0,2021,3548.356164383561,7852.717449461358,4304.361285077797,4304.361285077797,-256.3042342465543,5722.965829749468,Arapongas
4101507,0.0,2022,3551.6438356164385,6592.979794015758,3041.335958399319,3041.335958399319,-256.3042342465543,5722.965829749468,Arapongas
4101507,0.0,2023,3422.328767123288,8132.579238569687,4710.250471446399,4710.250471446399,-256.3042342465543,5722.965829749468,Arapongas
4101507,0.0,2024,3100.0,10031.06475658926,6931.06475658926,6931.06475658926,-256.3042342465543,5722.965829749468,Arapongas
4101606,0.0,2015,3371.0,0.0,-3371.0,3371.0,-403.6578150981981,-3763.465807320908,Arapoti
4101606,0.0,2016,3687.218579234973,0.0,-3687.218579234973,3687.218579234973,-403.6578150981981,-3763.465807320908,Arapoti
4101606,0.0,2017,3873.972602739726,0.0,-3873.972602739726,3873.972602739726,-403.6578150981981,-3763.465807320908,Arapoti
4101606,0.0,2018,3573.5616438356165,0.0,-3573.5616438356165,3573.5616438356165,-403.6578150981981,-3763.465807320908,Arapoti
4101606,0.0,2019,3694.904109589041,0.0,-3694.904109589041,3694.904109589041,-403.6578150981981,-3763.465807320908,Arapoti
4101606,0.0,2020,3908.584699453552,0.0,-3908.584699453552,3908.584699453552,-403.6578150981981,-3763.465807320908,Arapoti
4101606,0.0,2021,3886.939726027397,0.0,-3886.939726027397,3886.939726027397,-403.6578150981981,-3763.465807320908,Arapoti
4101606,0.0,2022,4037.2931506849313,0.0,-4037.2931506849313,4037.2931506849313,-403.6578150981981,-3763.465807320908,Arapoti
4101606,0.0,2023,3910.183561643836,0.0,-3910.183561643836,3910.183561643836,-403.6578150981981,-3763.465807320908,Arapoti
4101606,0.0,2024,3691.0,0.0,-3691.0,3691.0,-403.6578150981981,-3763.465807320908,Arapoti
4101655,0.0,2015,2350.0,0.0,-2350.0,2350.0,-42.30589921534756,-3083.562498690022,Arapuã
4101655,0.0,2016,2928.1420765027324,0.0,-2928.1420765027324,2928.1420765027324,-42.30589921534756,-3083.562498690022,Arapuã
4101655,0.0,2017,3550.410958904109,0.0,-3550.410958904109,3550.410958904109,-42.30589921534756,-3083.562498690022,Arapuã
4101655,0.0,2018,3327.780821917808,0.0,-3327.780821917808,3327.780821917808,-42.30589921534756,-3083.562498690022,Arapuã
4101655,0.0,2019,3642.246575342466,0.0,-3642.246575342466,3642.246575342466,-42.30589921534756,-3083.562498690022,Arapuã
4101655,0.0,2020,3798.7377049180327,0.0,-3798.7377049180327,3798.7377049180327,-42.30589921534756,-3083.562498690022,Arapuã
4101655,0.0,2021,2554.2109589041097,0.0,-2554.2109589041097,2554.2109589041097,-42.30589921534756,-3083.562498690022,Arapuã
4101655,0.0,2022,2548.6328767123287,0.0,-2548.6328767123287,2548.6328767123287,-42.30589921534756,-3083.562498690022,Arapuã
4101655,0.0,2023,3160.46301369863,0.0,-3160.46301369863,3160.46301369863,-42.30589921534756,-3083.562498690022,Arapuã
4101655,0.0,2024,2975.0,0.0,-2975.0,2975.0,-42.30589921534756,-3083.562498690022,Arapuã
4101705,0.0,2015,2834.0,2571.3683166005053,-262.6316833994947,262.6316833994947,-0.4045547291455751,1.262929188536282,Araruna
4101705,0.0,2016,3219.092896174863,2833.428497100186,-385.664399074677,385.664399074677,-0.4045547291455751,1.262929188536282,Araruna
4101705,0.0,2017,3499.178082191781,2809.622727481849,-689.5553547099321,689.5553547099321,-0.4045547291455751,1.262929188536282,Araruna
4101705,0.0,2018,3062.246575342466,2925.7634327161736,-136.4831426262922,136.4831426262922,-0.4045547291455751,1.262929188536282,Araruna
4101705,0.0,2019,3067.753424657534,3475.278042802272,407.5246181447378,407.5246181447378,-0.4045547291455751,1.262929188536282,Araruna
4101705,0.0,2020,3299.4535519125684,3431.458649917141,132.00509800457257,132.00509800457257,-0.4045547291455751,1.262929188536282,Araruna
4101705,0.0,2021,2065.753424657534,2747.8925796188832,682.139154961349,682.139154961349,-0.4045547291455751,1.262929188536282,Araruna
4101705,0.0,2022,2386.7123287671234,2990.5817526070814,603.869423839958,603.869423839958,-0.4045547291455751,1.262929188536282,Araruna
4101705,0.0,2023,3225.31506849315,2450.154262191224,-775.1608063019271,775.1608063019271,-0.4045547291455751,1.262929188536282,Araruna
4101705,0.0,2024,2660.0,3096.5863830470685,436.58638304706847,436.58638304706847,-0.4045547291455751,1.262929188536282,Araruna
4101853,0.0,2015,2230.0,2155.692397305911,-74.30760269408893,74.30760269408893,-2.844100609049997,-49.97946696685976,Ariranha do Ivaí
4101853,0.0,2016,2868.469945355191,2863.729006550926,-4.74093880426517,4.74093880426517,-2.844100609049997,-49.97946696685976,Ariranha do Ivaí
4101853,0.0,2017,3550.410958904109,2504.0264373994346,-1046.384521504675,1046.384521504675,-2.844100609049997,-49.97946696685976,Ariranha do Ivaí
4101853,0.0,2018,3327.780821917808,3454.482342801178,126.70152088337,126.70152088337,-2.844100609049997,-49.97946696685976,Ariranha do Ivaí
4101853,0.0,2019,3766.761643835616,2941.374492751021,-825.3871510845952,825.3871510845952,-2.844100609049997,-49.97946696685976,Ariranha do Ivaí
4101853,0.0,2020,3857.715846994536,2470.2129136825347,-1387.502933312001,1387.502933312001,-2.844100609049997,-49.97946696685976,Ariranha do Ivaí
4101853,0.0,2021,2443.3424657534247,3604.660659523983,1161.3181937705583,1161.3181937705583,-2.844100609049997,-49.97946696685976,Ariranha do Ivaí
4101853,0.0,2022,2416.328767123288,4717.826929407679,2301.498162284391,2301.498162284391,-2.844100609049997,-49.97946696685976,Ariranha do Ivaí
4101853,0.0,2023,3076.657534246576,2074.426686600759,-1002.2308476458164,1002.2308476458164,-2.844100609049997,-49.97946696685976,Ariranha do Ivaí
4101853,0.0,2024,2975.0,3226.2414484385245,251.2414484385245,251.2414484385245,-2.844100609049997,-49.97946696685976,Ariranha do Ivaí
4101903,0.0,2015,2580.0,2835.1932454478665,255.1932454478665,255.1932454478665,-0.5427209396177837,-35.396907282552185,Assaí
4101903,0.0,2016,2923.3661202185795,2625.2466522212203,-298.11946799735915,298.11946799735915,-0.5427209396177837,-35.396907282552185,Assaí
4101903,0.0,2017,3190.912328767123,3119.0270907946765,-71.8852379724467,71.8852379724467,-0.5427209396177837,-35.396907282552185,Assaí
4101903,0.0,2018,3046.904109589041,3303.675151441685,256.771041852644,256.771041852644,-0.5427209396177837,-35.396907282552185,Assaí
4101903,0.0,2019,3229.575342465753,2490.482391100196,-739.0929513655574,739.0929513655574,-0.5427209396177837,-35.396907282552185,Assaí
4101903,0.0,2020,3414.644808743169,3005.02672665726,-409.6180820859099,409.6180820859099,-0.5427209396177837,-35.396907282552185,Assaí
4101903,0.0,2021,3252.7068493150687,2640.050895478427,-612.6559538366419,612.6559538366419,-0.5427209396177837,-35.396907282552185,Assaí
4101903,0.0,2022,3157.0,2982.9979833623515,-174.00201663764847,174.00201663764847,-0.5427209396177837,-35.396907282552185,Assaí
4101903,0.0,2023,2503.1698630136984,2623.066276839676,119.89641382597756,119.89641382597756,-0.5427209396177837,-35.396907282552185,Assaí
4101903,0.0,2024,1860.0,3179.5439359435536,1319.5439359435536,1319.5439359435536,-0.5427209396177837,-35.396907282552185,Assaí
4102109,0.0,2015,2350.0,7632.613868666059,5282.613868666059,5282.613868666059,-32.26407426780322,1160.0031819624232,Astorga
4102109,0.0,2016,3038.743169398907,8856.571717314948,5817.82854791604,5817.82854791604,-32.26407426780322,1160.0031819624232,Astorga
4102109,0.0,2017,3709.917808219178,3744.630324501087,34.71251628190885,34.71251628190885,-32.26407426780322,1160.0031819624232,Astorga
4102109,0.0,2018,3221.095890410959,3605.779588101041,384.6836976900822,384.6836976900822,-32.26407426780322,1160.0031819624232,Astorga
4102109,0.0,2019,3203.698630136986,2568.724386413761,-634.9742437232253,634.9742437232253,-32.26407426780322,1160.0031819624232,Astorga
4102109,0.0,2020,3519.289617486339,3883.219671706542,363.9300542202032,363.9300542202032,-32.26407426780322,1160.0031819624232,Astorga
4102109,0.0,2021,3445.4520547945203,4104.418975039802,658.9669202452815,658.9669202452815,-32.26407426780322,1160.0031819624232,Astorga
4102109,0.0,2022,3754.071232876712,2868.1798291232453,-885.8914037534669,885.8914037534669,-32.26407426780322,1160.0031819624232,Astorga
4102109,0.0,2023,3256.909589041096,2936.5263150609644,-320.38327398013143,320.38327398013143,-32.26407426780322,1160.0031819624232,Astorga
4102109,0.0,2024,2522.0,3420.5451360614784,898.5451360614784,898.5451360614784,-32.26407426780322,1160.0031819624232,Astorga
4102208,0.0,2015,2850.0,2287.466765526447,-562.533234473553,562.533234473553,-49.644486705749394,1594.3677556714422,Atalaia
4102208,0.0,2016,3252.185792349727,3006.2452767040654,-245.94051564566143,245.94051564566143,-49.644486705749394,1594.3677556714422,Atalaia
4102208,0.0,2017,3624.794520547945,8397.948796421211,4773.154275873267,4773.154275873267,-49.644486705749394,1594.3677556714422,Atalaia
4102208,0.0,2018,3010.1917808219177,2711.4172925211874,-298.77448830073035,298.77448830073035,-49.644486705749394,1594.3677556714422,Atalaia
4102208,0.0,2019,2918.986301369863,2660.705278328399,-258.2810230414643,258.2810230414643,-49.644486705749394,1594.3677556714422,Atalaia
4102208,0.0,2020,2947.5409836065573,3219.5367838406537,271.99580023409635,271.99580023409635,-49.644486705749394,1594.3677556714422,Atalaia
4102208,0.0,2021,1794.2465753424658,8638.825391500208,6844.578816157742,6844.578816157742,-49.644486705749394,1594.3677556714422,Atalaia
4102208,0.0,2022,2607.2876712328766,9168.450367524054,6561.162696291178,6561.162696291178,-49.644486705749394,1594.3677556714422,Atalaia
4102208,0.0,2023,3402.8986301369864,2434.857415976651,-968.0412141603356,968.0412141603356,-49.644486705749394,1594.3677556714422,Atalaia
4102208,0.0,2024,2727.0,2553.356443779884,-173.64355622011635,173.64355622011635,-49.644486705749394,1594.3677556714422,Atalaia
4102406,0.0,2015,3200.0,2840.4247468239446,-359.5752531760554,359.5752531760554,0.1177615954467923,87.61659469217784,Bandeirantes
4102406,0.0,2016,3200.0,2964.926774510654,-235.073225489346,235.073225489346,0.1177615954467923,87.61659469217784,Bandeirantes
4102406,0.0,2017,3159.671232876712,2978.388205808538,-181.2830270681743,181.2830270681743,0.1177615954467923,87.61659469217784,Bandeirantes
4102406,0.0,2018,2908.27397260274,3277.03678095341,368.7628083506702,368.7628083506702,0.1177615954467923,87.61659469217784,Bandeirantes
4102406,0.0,2019,3002.4657534246576,2717.7809305562123,-284.6848228684453,284.6848228684453,0.1177615954467923,87.61659469217784,Bandeirantes
4102406,0.0,2020,3300.0,3418.5694564694604,118.56945646946042,118.56945646946042,0.1177615954467923,87.61659469217784,Bandeirantes
4102406,0.0,2021,3088.27397260274,2786.6417730755024,-301.6321995272374,301.6321995272374,0.1177615954467923,87.61659469217784,Bandeirantes
4102406,0.0,2022,3300.427397260274,3803.248758604892,502.8213613446173,502.8213613446173,0.1177615954467923,87.61659469217784,Bandeirantes
4102406,0.0,2023,2748.6301369863013,3284.1388475535127,535.5087105672114,535.5087105672114,0.1177615954467923,87.61659469217784,Bandeirantes
4102406,0.0,2024,1799.0,2511.7521383190774,712.7521383190774,712.7521383190774,0.1177615954467923,87.61659469217784,Bandeirantes
4102505,0.0,2015,2680.0,0.0,-2680.0,2680.0,-43.02639564536153,-2940.155200239539,Barbosa Ferraz
4102505,0.0,2016,3118.382513661202,0.0,-3118.382513661202,3118.382513661202,-43.02639564536153,-2940.155200239539,Barbosa Ferraz
4102505,0.0,2017,3374.5534246575344,0.0,-3374.5534246575344,3374.5534246575344,-43.02639564536153,-2940.155200239539,Barbosa Ferraz
4102505,0.0,2018,2897.5342465753424,0.0,-2897.5342465753424,2897.5342465753424,-43.02639564536153,-2940.155200239539,Barbosa Ferraz
4102505,0.0,2019,3078.904109589041,0.0,-3078.904109589041,3078.904109589041,-43.02639564536153,-2940.155200239539,Barbosa Ferraz
4102505,0.0,2020,3575.136612021858,0.0,-3575.136612021858,3575.136612021858,-43.02639564536153,-2940.155200239539,Barbosa Ferraz
4102505,0.0,2021,2117.917808219178,0.0,-2117.917808219178,2117.917808219178,-43.02639564536153,-2940.155200239539,Barbosa Ferraz
4102505,0.0,2022,2293.31506849315,0.0,-2293.31506849315,2293.31506849315,-43.02639564536153,-2940.155200239539,Barbosa Ferraz
4102505,0.0,2023,3385.8082191780823,0.0,-3385.8082191780823,3385.8082191780823,-43.02639564536153,-2940.155200239539,Barbosa Ferraz
4102505,0.0,2024,2880.0,0.0,-2880.0,2880.0,-43.02639564536153,-2940.155200239539,Barbosa Ferraz
4102703,0.0,2015,3400.0,0.0,-3400.0,3400.0,-105.6703653782108,-3415.0009536641965,Barra do Jacaré
4102703,0.0,2016,3434.688524590164,0.0,-3434.688524590164,3434.688524590164,-105.6703653782108,-3415.0009536641965,Barra do Jacaré
4102703,0.0,2017,3430.183561643836,0.0,-3430.183561643836,3430.183561643836,-105.6703653782108,-3415.0009536641965,Barra do Jacaré
4102703,0.0,2018,2838.487671232877,0.0,-2838.487671232877,2838.487671232877,-105.6703653782108,-3415.0009536641965,Barra do Jacaré
4102703,0.0,2019,2750.723287671233,0.0,-2750.723287671233,2750.723287671233,-105.6703653782108,-3415.0009536641965,Barra do Jacaré
4102703,0.0,2020,3536.8306010928964,0.0,-3536.8306010928964,3536.8306010928964,-105.6703653782108,-3415.0009536641965,Barra do Jacaré
4102703,0.0,2021,3784.301369863014,0.0,-3784.301369863014,3784.301369863014,-105.6703653782108,-3415.0009536641965,Barra do Jacaré
4102703,0.0,2022,3674.794520547945,0.0,-3674.794520547945,3674.794520547945,-105.6703653782108,-3415.0009536641965,Barra do Jacaré
4102703,0.0,2023,3650.0,0.0,-3650.0,3650.0,-105.6703653782108,-3415.0009536641965,Barra do Jacaré
4102703,0.0,2024,3650.0,0.0,-3650.0,3650.0,-105.6703653782108,-3415.0009536641965,Barra do Jacaré
4102802,0.0,2015,2600.0,2254.4627987241256,-345.5372012758744,345.5372012758744,-16.590211141729423,-1095.54129476565,Bela Vista do Paraíso
4102802,0.0,2016,3127.8688524590166,2038.731989656508,-1089.1368628025084,1089.1368628025084,-16.590211141729423,-1095.54129476565,Bela Vista do Paraíso
4102802,0.0,2017,3574.3835616438355,1655.69606946364,-1918.6874921801957,1918.6874921801957,-16.590211141729423,-1095.54129476565,Bela Vista do Paraíso
4102802,0.0,2018,2995.890410958904,1734.7407294205975,-1261.1496815383064,1261.1496815383064,-16.590211141729423,-1095.54129476565,Bela Vista do Paraíso
4102802,0.0,2019,2878.082191780822,2538.5951789546803,-339.48701282614184,339.48701282614184,-16.590211141729423,-1095.54129476565,Bela Vista do Paraíso
4102802,0.0,2020,3174.590163934426,2211.069331049759,-963.520832884667,963.520832884667,-16.590211141729423,-1095.54129476565,Bela Vista do Paraíso
4102802,0.0,2021,3032.9534246575345,2550.02990128642,-482.9235233711147,482.9235233711147,-16.590211141729423,-1095.54129476565,Bela Vista do Paraíso
4102802,0.0,2022,2967.0,1418.9452513588208,-1548.0547486411792,1548.0547486411792,-16.590211141729423,-1095.54129476565,Bela Vista do Paraíso
4102802,0.0,2023,3286.1013698630136,1622.566374029086,-1663.5349958339275,1663.5349958339275,-16.590211141729423,-1095.54129476565,Bela Vista do Paraíso
4102802,0.0,2024,3600.0,2256.619403697416,-1343.380596302584,1343.380596302584,-16.590211141729423,-1095.54129476565,Bela Vista do Paraíso
4103008,0.0,2015,3466.0,0.0,-3466.0,3466.0,-115.57661364820513,-3466.928243131971,Boa Esperança
4103008,0.0,2016,3692.7322404371594,0.0,-3692.7322404371594,3692.7322404371594,-115.57661364820513,-3466.928243131971,Boa Esperança
4103008,0.0,2017,3858.019178082192,0.0,-3858.019178082192,3858.019178082192,-115.57661364820513,-3466.928243131971,Boa Esperança
4103008,0.0,2018,3573.150684931507,0.0,-3573.150684931507,3573.150684931507,-115.57661364820513,-3466.928243131971,Boa Esperança
4103008,0.0,2019,3627.2602739726026,0.0,-3627.2602739726026,3627.2602739726026,-115.57661364820513,-3466.928243131971,Boa Esperança
4103008,0.0,2020,3749.1803278688526,0.0,-3749.1803278688526,3749.1803278688526,-115.57661364820513,-3466.928243131971,Boa Esperança
4103008,0.0,2021,2843.8356164383563,0.0,-2843.8356164383563,2843.8356164383563,-115.57661364820513,-3466.928243131971,Boa Esperança
4103008,0.0,2022,3229.205479452055,0.0,-3229.205479452055,3229.205479452055,-115.57661364820513,-3466.928243131971,Boa Esperança
4103008,0.0,2023,3652.8986301369855,0.0,-3652.8986301369855,3652.8986301369855,-115.57661364820513,-3466.928243131971,Boa Esperança
4103008,0.0,2024,2977.0,0.0,-2977.0,2977.0,-115.57661364820513,-3466.928243131971,Boa Esperança
4103206,0.0,2015,2700.0,3147.311584412563,447.3115844125632,447.3115844125632,-15.406653068806886,-175.15395890213384,Bom Sucesso
4103206,0.0,2016,3175.0819672131147,1460.0533457620256,-1715.028621451089,1715.028621451089,-15.406653068806886,-175.15395890213384,Bom Sucesso
4103206,0.0,2017,3571.904109589041,4129.112444749087,557.2083351600463,557.2083351600463,-15.406653068806886,-175.15395890213384,Bom Sucesso
4103206,0.0,2018,3348.7671232876714,3704.81047828636,356.0433549986888,356.0433549986888,-15.406653068806886,-175.15395890213384,Bom Sucesso
4103206,0.0,2019,3401.6438356164385,1224.2192896904896,-2177.424545925949,2177.424545925949,-15.406653068806886,-175.15395890213384,Bom Sucesso
4103206,0.0,2020,3549.726775956284,4324.950528575375,775.2237526190906,775.2237526190906,-15.406653068806886,-175.15395890213384,Bom Sucesso
4103206,0.0,2021,2794.246575342466,3583.8750053049102,789.6284299624444,789.6284299624444,-15.406653068806886,-175.15395890213384,Bom Sucesso
4103206,0.0,2022,2906.575342465753,3807.857013105964,901.2816706402108,901.2816706402108,-15.406653068806886,-175.15395890213384,Bom Sucesso
4103206,0.0,2023,3347.123287671233,3665.397255968656,318.2739682974229,318.2739682974229,-15.406653068806886,-175.15395890213384,Bom Sucesso
4103206,0.0,2024,3000.0,995.9424822652328,-2004.0575177347675,2004.0575177347675,-15.406653068806886,-175.15395890213384,Bom Sucesso
4103305,0.0,2015,2480.0,29255.19648642829,26775.19648642829,26775.19648642829,-3242.526757303565,29535.037965879183,Borrazópolis
4103305,0.0,2016,2480.0,42188.10969436859,39708.10969436859,39708.10969436859,-3242.526757303565,29535.037965879183,Borrazópolis
4103305,0.0,2017,3140.8876712328765,28078.846783125413,24937.95911189254,24937.95911189254,-3242.526757303565,29535.037965879183,Borrazópolis
4103305,0.0,2018,3504.1616438356164,38276.99475330057,34772.833109464955,34772.833109464955,-3242.526757303565,29535.037965879183,Borrazópolis
4103305,0.0,2019,3847.6,28058.467359754934,24210.86735975493,24210.86735975493,-3242.526757303565,29535.037965879183,Borrazópolis
4103305,0.0,2020,3687.284153005464,33036.587686339175,29349.30353333371,29349.30353333371,-3242.526757303565,29535.037965879183,Borrazópolis
4103305,0.0,2021,2355.3972602739727,39313.119469039055,36957.72220876508,36957.72220876508,-3242.526757303565,29535.037965879183,Borrazópolis
4103305,0.0,2022,2438.7068493150687,35221.90293459813,32783.19608528307,32783.19608528307,-3242.526757303565,29535.037965879183,Borrazópolis
4103305,0.0,2023,2895.6027397260277,29286.28038318496,26390.677643458934,26390.677643458934,-3242.526757303565,29535.037965879183,Borrazópolis
4103305,0.0,2024,2727.0,22191.514426041715,19464.514426041715,19464.514426041715,-3242.526757303565,29535.037965879183,Borrazópolis
4103404,0.0,2015,2080.0,2124.1404728246484,44.14047282464844,44.14047282464844,-1.0050413129863718,-148.50311747676153,Cafeara
4103404,0.0,2016,2542.5136612021856,2639.202427756901,96.68876655471558,96.68876655471558,-1.0050413129863718,-148.50311747676153,Cafeara
4103404,0.0,2017,3115.945205479452,2719.725066733772,-396.22013874567983,396.22013874567983,-1.0050413129863718,-148.50311747676153,Cafeara
4103404,0.0,2018,2373.013698630137,2702.4116648470563,329.3979662169195,329.3979662169195,-1.0050413129863718,-148.50311747676153,Cafeara
4103404,0.0,2019,2321.4520547945203,2240.027970249504,-81.42408454501674,81.42408454501674,-1.0050413129863718,-148.50311747676153,Cafeara
4103404,0.0,2020,2848.6338797814205,2032.290063083868,-816.3438166975525,816.3438166975525,-1.0050413129863718,-148.50311747676153,Cafeara
4103404,0.0,2021,2045.4794520547944,2273.9318269953337,228.45237494053916,228.45237494053916,-1.0050413129863718,-148.50311747676153,Cafeara
4103404,0.0,2022,2568.7123287671234,2993.760524099389,425.0481953322656,425.0481953322656,-1.0050413129863718,-148.50311747676153,Cafeara
4103404,0.0,2023,2904.164383561644,1832.8864367704284,-1071.2779467912153,1071.2779467912153,-1.0050413129863718,-148.50311747676153,Cafeara
4103404,0.0,2024,2200.0,1956.5070361427609,-243.49296385723915,243.49296385723915,-1.0050413129863718,-148.50311747676153,Cafeara
4103503,0.0,2015,2290.0,2391.4114667423232,101.41146674232324,101.41146674232324,-28.47165903338633,-1490.0125253041756,Califórnia
4103503,0.0,2016,3124.535519125683,2839.8234321012164,-284.71208702446665,284.71208702446665,-28.47165903338633,-1490.0125253041756,Califórnia
4103503,0.0,2017,3773.561643835617,3862.829096268989,89.26745243337291,89.26745243337291,-28.47165903338633,-1490.0125253041756,Califórnia
4103503,0.0,2018,3418.5205479452056,3307.19809099566,-111.322456949546,111.322456949546,-28.47165903338633,-1490.0125253041756,Califórnia
4103503,0.0,2019,3522.301369863014,0.0,-3522.301369863014,3522.301369863014,-28.47165903338633,-1490.0125253041756,Califórnia
4103503,0.0,2020,3800.0,0.0,-3800.0,3800.0,-28.47165903338633,-1490.0125253041756,Califórnia
4103503,0.0,2021,3648.767123287672,3401.283424283954,-247.48369900371745,247.48369900371745,-28.47165903338633,-1490.0125253041756,Califórnia
4103503,0.0,2022,3600.821917808219,3725.426399527402,124.6044817191828,124.6044817191828,-28.47165903338633,-1490.0125253041756,Califórnia
4103503,0.0,2023,3649.5890410958905,0.0,-3649.5890410958905,3649.5890410958905,-28.47165903338633,-1490.0125253041756,Califórnia
4103503,0.0,2024,3600.0,0.0,-3600.0,3600.0,-28.47165903338633,-1490.0125253041756,Califórnia
4103602,0.0,2015,3067.0,4457.657882422877,1390.6578824228773,1390.6578824228773,-8.137411751364363,823.5118396619891,Cambará
4103602,0.0,2016,2656.267759562841,2702.949506007705,46.68174644486362,46.68174644486362,-8.137411751364363,823.5118396619891,Cambará
4103602,0.0,2017,2964.3232876712327,3699.0736169464753,734.7503292752426,734.7503292752426,-8.137411751364363,823.5118396619891,Cambará
4103602,0.0,2018,3340.841095890411,4670.663503145401,1329.8224072549897,1329.8224072549897,-8.137411751364363,823.5118396619891,Cambará
4103602,0.0,2019,3261.972602739726,3271.346827191241,9.374224451515149,9.374224451515149,-8.137411751364363,823.5118396619891,Cambará
4103602,0.0,2020,3741.311475409836,5206.596029690832,1465.2845542809964,1465.2845542809964,-8.137411751364363,823.5118396619891,Cambará
4103602,0.0,2021,3788.438356164384,4057.830785800577,269.3924296361929,269.3924296361929,-8.137411751364363,823.5118396619891,Cambará
4103602,0.0,2022,3600.0,5062.077625097757,1462.077625097757,1462.077625097757,-8.137411751364363,823.5118396619891,Cambará
4103602,0.0,2023,3600.0,5271.278634844775,1671.2786348447753,1671.2786348447753,-8.137411751364363,823.5118396619891,Cambará
4103602,0.0,2024,3600.0,3455.798562910681,-144.20143708931892,144.20143708931892,-8.137411751364363,823.5118396619891,Cambará
4103701,0.0,2015,2100.0,3048.127576547439,948.1275765474388,948.1275765474388,-0.572108882451229,-67.03485601444068,Cambé
4103701,0.0,2016,3080.3278688524592,3398.654236280297,318.3263674278378,318.3263674278378,-0.572108882451229,-67.03485601444068,Cambé
4103701,0.0,2017,3823.150684931507,3014.232669626981,-808.9180153045259,808.9180153045259,-0.572108882451229,-67.03485601444068,Cambé
4103701,0.0,2018,3413.4794520547944,3826.7965383514575,413.3170862966631,413.3170862966631,-0.572108882451229,-67.03485601444068,Cambé
4103701,0.0,2019,3366.109589041096,3780.626526415386,414.5169373742897,414.5169373742897,-0.572108882451229,-67.03485601444068,Cambé
4103701,0.0,2020,3525.136612021858,3715.908579744401,190.77196772254277,190.77196772254277,-0.572108882451229,-67.03485601444068,Cambé
4103701,0.0,2021,3373.5616438356165,2888.03852603376,-485.52311780185664,485.52311780185664,-0.572108882451229,-67.03485601444068,Cambé
4103701,0.0,2022,3678.904109589041,3405.3226813041706,-273.5814282848705,273.5814282848705,-0.572108882451229,-67.03485601444068,Cambé
4103701,0.0,2023,3621.6931506849314,2810.719091970614,-810.9740587143174,810.9740587143174,-0.572108882451229,-67.03485601444068,Cambé
4103701,0.0,2024,3102.0,2525.5881245923915,-576.4118754076085,576.4118754076085,-0.572108882451229,-67.03485601444068,Cambé
4103800,0.0,2015,2727.0,6916.563308212558,4189.563308212558,4189.563308212558,-565.9887986479865,5993.729049456164,Cambira
4103800,0.0,2016,3216.158469945355,8402.776234276986,5186.617764331631,5186.617764331631,-565.9887986479865,5993.729049456164,Cambira
4103800,0.0,2017,3437.8630136986303,11218.540732277836,7780.677718579207,7780.677718579207,-565.9887986479865,5993.729049456164,Cambira
4103800,0.0,2018,3180.0,8610.96409937189,5430.9640993718895,5430.9640993718895,-565.9887986479865,5993.729049456164,Cambira
4103800,0.0,2019,3573.205479452055,10956.934480571676,7383.72900111962,7383.72900111962,-565.9887986479865,5993.729049456164,Cambira
4103800,0.0,2020,3728.743169398907,8663.068966193294,4934.325796794386,4934.325796794386,-565.9887986479865,5993.729049456164,Cambira
4103800,0.0,2021,3298.356164383561,12355.654392035683,9057.298227652123,9057.298227652123,-565.9887986479865,5993.729049456164,Cambira
4103800,0.0,2022,3402.4657534246576,10248.239330420409,6845.773576995749,6845.773576995749,-565.9887986479865,5993.729049456164,Cambira
4103800,0.0,2023,3347.123287671233,4070.3543034147137,723.2310157434808,723.2310157434808,-565.9887986479865,5993.729049456164,Cambira
4103800,0.0,2024,3000.0,11405.109985760988,8405.109985760988,8405.109985760988,-565.9887986479865,5993.729049456164,Cambira
4104303,0.0,2015,3048.0,1259.4103803042487,-1788.5896196957513,1788.5896196957513,-27.57122338290091,-563.11150267875,Campo Mourão
4104303,0.0,2016,3446.1639344262294,0.0,-3446.1639344262294,3446.1639344262294,-27.57122338290091,-563.11150267875,Campo Mourão
4104303,0.0,2017,3719.013698630137,3735.550634554419,16.53693592428226,16.53693592428226,-27.57122338290091,-563.11150267875,Campo Mourão
4104303,0.0,2018,3297.5342465753424,4355.748523701132,1058.214277125789,1058.214277125789,-27.57122338290091,-563.11150267875,Campo Mourão
4104303,0.0,2019,3554.5205479452056,4229.280125263005,674.7595773177995,674.7595773177995,-27.57122338290091,-563.11150267875,Campo Mourão
4104303,0.0,2020,3999.453551912568,3766.5050943045153,-232.9484576080531,232.9484576080531,-27.57122338290091,-563.11150267875,Campo Mourão
4104303,0.0,2021,3103.5068493150684,0.0,-3103.5068493150684,3103.5068493150684,-27.57122338290091,-563.11150267875,Campo Mourão
4104303,0.0,2022,3383.671232876712,4032.575517939421,648.9042850627088,648.9042850627088,-27.57122338290091,-563.11150267875,Campo Mourão
4104303,0.0,2023,3709.123287671233,3490.230502092957,-218.89278557827535,218.89278557827535,-27.57122338290091,-563.11150267875,Campo Mourão
4104303,0.0,2024,3000.0,3760.5715444052994,760.5715444052994,760.5715444052994,-27.57122338290091,-563.11150267875,Campo Mourão
4104709,0.0,2015,3000.0,4001.4831577384457,1001.4831577384456,1001.4831577384456,-29.71514053723873,-1221.0812615065672,Carlópolis
4104709,0.0,2016,2939.169398907104,2900.180389629132,-38.989009277971945,38.989009277971945,-29.71514053723873,-1221.0812615065672,Carlópolis
4104709,0.0,2017,4024.841095890411,3488.890157163031,-535.9509387273802,535.9509387273802,-29.71514053723873,-1221.0812615065672,Carlópolis
4104709,0.0,2018,4218.38904109589,0.0,-4218.38904109589,4218.38904109589,-29.71514053723873,-1221.0812615065672,Carlópolis
4104709,0.0,2019,3300.0,2628.2718821046287,-671.7281178953713,671.7281178953713,-29.71514053723873,-1221.0812615065672,Carlópolis
4104709,0.0,2020,3626.775956284153,0.0,-3626.775956284153,3626.775956284153,-29.71514053723873,-1221.0812615065672,Carlópolis
4104709,0.0,2021,3823.972602739726,3316.3735368643474,-507.5990658753785,507.5990658753785,-29.71514053723873,-1221.0812615065672,Carlópolis
4104709,0.0,2022,3689.917808219178,4065.73656681185,375.8187585926721,375.8187585926721,-29.71514053723873,-1221.0812615065672,Carlópolis
4104709,0.0,2023,3680.0,0.0,-3680.0,3680.0,-29.71514053723873,-1221.0812615065672,Carlópolis
4104709,0.0,2024,3680.0,3371.3175977593546,-308.6824022406454,308.6824022406454,-29.71514053723873,-1221.0812615065672,Carlópolis
4105102,0.0,2015,2400.0,2128.9541898141424,-271.0458101858576,271.0458101858576,-1.649651269884255,-399.4114852033085,Centenário do Sul
4105102,0.0,2016,2822.2950819672133,2248.9675708957143,-573.327511071499,573.327511071499,-1.649651269884255,-399.4114852033085,Centenário do Sul
4105102,0.0,2017,3219.8356164383563,2424.635204571304,-795.2004118670525,795.2004118670525,-1.649651269884255,-399.4114852033085,Centenário do Sul
4105102,0.0,2018,2343.013698630137,2690.0228021767025,347.0091035465657,347.0091035465657,-1.649651269884255,-399.4114852033085,Centenário do Sul
4105102,0.0,2019,2230.958904109589,2225.075652103937,-5.883252005651684,5.883252005651684,-1.649651269884255,-399.4114852033085,Centenário do Sul
4105102,0.0,2020,2774.0437158469945,1919.315859749516,-854.7278560974787,854.7278560974787,-1.649651269884255,-399.4114852033085,Centenário do Sul
4105102,0.0,2021,2045.4794520547944,2144.931659563171,99.4522075083762,99.4522075083762,-1.649651269884255,-399.4114852033085,Centenário do Sul
4105102,0.0,2022,2568.7123287671234,2098.1533840152792,-470.55894475184414,470.55894475184414,-1.649651269884255,-399.4114852033085,Centenário do Sul
4105102,0.0,2023,2803.3424657534247,1627.7399779962593,-1175.6024877571654,1175.6024877571654,-1.649651269884255,-399.4114852033085,Centenário do Sul
4105102,0.0,2024,2000.0,1705.7701106485222,-294.2298893514778,294.2298893514778,-1.649651269884255,-399.4114852033085,Centenário do Sul
4105508,0.0,2015,2247.0,8324.75210999327,6077.752109993269,6077.752109993269,-499.339616771108,8978.367716228491,Cianorte
4105508,0.0,2016,2488.311475409836,14030.687666949934,11542.376191540096,11542.376191540096,-499.339616771108,8978.367716228491,Cianorte
4105508,0.0,2017,2728.512328767123,14106.519571334298,11378.007242567175,11378.007242567175,-499.339616771108,8978.367716228491,Cianorte
4105508,0.0,2018,2513.232876712329,5993.387292051266,3480.1544153389373,3480.1544153389373,-499.339616771108,8978.367716228491,Cianorte
4105508,0.0,2019,2804.109589041096,13112.00565894444,10307.896069903343,10307.896069903343,-499.339616771108,8978.367716228491,Cianorte
4105508,0.0,2020,2746.9945355191257,7156.402027383763,4409.407491864637,4409.407491864637,-499.339616771108,8978.367716228491,Cianorte
4105508,0.0,2021,1595.0684931506848,14196.752445501264,12601.683952350577,12601.683952350577,-499.339616771108,8978.367716228491,Cianorte
4105508,0.0,2022,1710.7945205479452,14040.223223384191,12329.428702836249,12329.428702836249,-499.339616771108,8978.367716228491,Cianorte
4105508,0.0,2023,2657.013698630137,7868.173650849327,5211.15995221919,5211.15995221919,-499.339616771108,8978.367716228491,Cianorte
4105508,0.0,2024,2900.0,15345.811033671424,12445.811033671424,12445.811033671424,-499.339616771108,8978.367716228491,Cianorte
4105607,0.0,2015,3200.0,2130.4770021449804,-1069.5229978550196,1069.5229978550196,-1.5070338527260445,-137.10420324342667,Cidade Gaúcha
4105607,0.0,2016,3099.4535519125684,1887.517945130136,-1211.9356067824324,1211.9356067824324,-1.5070338527260445,-137.10420324342667,Cidade Gaúcha
4105607,0.0,2017,3252.054794520548,2510.343740382525,-741.711054138023,741.711054138023,-1.5070338527260445,-137.10420324342667,Cidade Gaúcha
4105607,0.0,2018,2794.246575342466,2482.730029440899,-311.5165459015666,311.5165459015666,-1.5070338527260445,-137.10420324342667,Cidade Gaúcha
4105607,0.0,2019,2553.698630136986,2389.87992549887,-163.8187046381163,163.8187046381163,-1.5070338527260445,-137.10420324342667,Cidade Gaúcha
4105607,0.0,2020,2597.814207650273,2445.354900025773,-152.45930762450007,152.45930762450007,-1.5070338527260445,-137.10420324342667,Cidade Gaúcha
4105607,0.0,2021,1595.0684931506848,2882.219351454339,1287.1508583036543,1287.1508583036543,-1.5070338527260445,-137.10420324342667,Cidade Gaúcha
4105607,0.0,2022,1772.8,2934.6412631774965,1161.8412631774966,1161.8412631774966,-1.5070338527260445,-137.10420324342667,Cidade Gaúcha
4105607,0.0,2023,2555.6849315068494,1915.9912544104252,-639.6936770964239,639.6936770964239,-1.5070338527260445,-137.10420324342667,Cidade Gaúcha
4105607,0.0,2024,2578.0,3048.623740120664,470.623740120664,470.623740120664,-1.5070338527260445,-137.10420324342667,Cidade Gaúcha
4105904,0.0,2015,2780.0,1593.4157394848694,-1186.5842605151306,1186.5842605151306,-5.011823771495235,-363.9418397606681,Colorado
4105904,0.0,2016,3006.2295081967213,3419.4522233489733,413.222715152252,413.222715152252,-5.011823771495235,-363.9418397606681,Colorado
4105904,0.0,2017,3388.794520547945,3784.3184128836415,395.5238923356974,395.5238923356974,-5.011823771495235,-363.9418397606681,Colorado
4105904,0.0,2018,2564.5068493150684,2746.5519958485,182.0451465334313,182.0451465334313,-5.011823771495235,-363.9418397606681,Colorado
4105904,0.0,2019,2658.6301369863013,1314.457547460224,-1344.1725895260774,1344.1725895260774,-5.011823771495235,-363.9418397606681,Colorado
4105904,0.0,2020,3398.3606557377047,2426.827376476471,-971.533279261234,971.533279261234,-5.011823771495235,-363.9418397606681,Colorado
4105904,0.0,2021,2469.8630136986303,1995.1478942727429,-474.71511942588745,474.71511942588745,-5.011823771495235,-363.9418397606681,Colorado
4105904,0.0,2022,2792.6849315068494,4156.214480216885,1363.5295487100357,1363.5295487100357,-5.011823771495235,-363.9418397606681,Colorado
4105904,0.0,2023,2852.931506849315,1201.7588452137234,-1651.1726616355918,1651.1726616355918,-5.011823771495235,-363.9418397606681,Colorado
4105904,0.0,2024,2000.0,1634.4382100258242,-365.5617899741758,365.5617899741758,-5.011823771495235,-363.9418397606681,Colorado
4106001,0.0,2015,2820.0,2259.0616783995797,-560.9383216004207,560.9383216004207,-19.056619499449965,-479.86305505419466,Congonhinhas
4106001,0.0,2016,3212.1311475409834,1687.439203195818,-1524.6919443451654,1524.6919443451654,-19.056619499449965,-479.86305505419466,Congonhinhas
4106001,0.0,2017,3206.794520547945,4218.578880667442,1011.7843601194968,1011.7843601194968,-19.056619499449965,-479.86305505419466,Congonhinhas
4106001,0.0,2018,2854.783561643836,2430.150306921189,-424.6332547226466,424.6332547226466,-19.056619499449965,-479.86305505419466,Congonhinhas
4106001,0.0,2019,3186.928767123288,1758.966952864712,-1427.9618142585755,1427.9618142585755,-19.056619499449965,-479.86305505419466,Congonhinhas
4106001,0.0,2020,3175.344262295082,2114.6005141000724,-1060.7437481950096,1060.7437481950096,-19.056619499449965,-479.86305505419466,Congonhinhas
4106001,0.0,2021,2883.07397260274,3149.0467339063666,265.97276130362707,265.97276130362707,-19.056619499449965,-479.86305505419466,Congonhinhas
4106001,0.0,2022,2888.4712328767123,2443.649863497755,-444.8213693789571,444.8213693789571,-19.056619499449965,-479.86305505419466,Congonhinhas
4106001,0.0,2023,3161.7561643835616,3110.9948059440712,-50.76135843949032,50.76135843949032,-19.056619499449965,-479.86305505419466,Congonhinhas
4106001,0.0,2024,3434.0,2852.164138975195,-581.8358610248051,581.8358610248051,-19.056619499449965,-479.86305505419466,Congonhinhas
4106100,0.0,2015,3000.0,735.4072608022899,-2264.59273919771,2264.59273919771,-43.42484941027641,-1708.5543914464984,Conselheiro Mairinck
4106100,0.0,2016,3100.546448087432,2513.9046250556657,-586.6418230317659,586.6418230317659,-43.42484941027641,-1708.5543914464984,Conselheiro Mairinck
4106100,0.0,2017,3200.0,2036.4947351375072,-1163.5052648624928,1163.5052648624928,-43.42484941027641,-1708.5543914464984,Conselheiro Mairinck
4106100,0.0,2018,3583.123287671233,2603.976973313703,-979.1463143575296,979.1463143575296,-43.42484941027641,-1708.5543914464984,Conselheiro Mairinck
4106100,0.0,2019,3728.109589041096,862.6687183941447,-2865.440870646951,2865.440870646951,-43.42484941027641,-1708.5543914464984,Conselheiro Mairinck
4106100,0.0,2020,3500.0,2798.231784691336,-701.7682153086644,701.7682153086644,-43.42484941027641,-1708.5543914464984,Conselheiro Mairinck
4106100,0.0,2021,3736.931506849315,1200.267689812537,-2536.6638170367787,2536.6638170367787,-43.42484941027641,-1708.5543914464984,Conselheiro Mairinck
4106100,0.0,2022,3843.972602739726,2494.525315352648,-1349.4472873870786,1349.4472873870786,-43.42484941027641,-1708.5543914464984,Conselheiro Mairinck
4106100,0.0,2023,3720.0,2201.6984687655345,-1518.3015312344655,1518.3015312344655,-43.42484941027641,-1708.5543914464984,Conselheiro Mairinck
4106100,0.0,2024,3720.0,599.9639485984542,-3120.0360514015456,3120.0360514015456,-43.42484941027641,-1708.5543914464984,Conselheiro Mairinck
4106407,0.0,2015,2640.0,5195.919570898249,2555.919570898249,2555.919570898249,-65.34423918066398,2960.852716841548,Cornélio Procópio
4106407,0.0,2016,3122.622950819672,8445.073883789068,5322.450932969396,5322.450932969396,-65.34423918066398,2960.852716841548,Cornélio Procópio
4106407,0.0,2017,3539.5068493150684,5216.164835077285,1676.6579857622164,1676.6579857622164,-65.34423918066398,2960.852716841548,Cornélio Procópio
4106407,0.0,2018,3147.2876712328766,5998.726360884923,2851.438689652047,2851.438689652047,-65.34423918066398,2960.852716841548,Cornélio Procópio
4106407,0.0,2019,3031.72602739726,3320.282985419198,288.55695802193804,288.55695802193804,-65.34423918066398,2960.852716841548,Cornélio Procópio
4106407,0.0,2020,3240.0,5785.214251091217,2545.214251091217,2545.214251091217,-65.34423918066398,2960.852716841548,Cornélio Procópio
4106407,0.0,2021,2816.54794520548,10019.76539609034,7203.217450884859,7203.217450884859,-65.34423918066398,2960.852716841548,Cornélio Procópio
4106407,0.0,2022,3062.4,6227.570376894972,3165.1703768949715,3165.1703768949715,-65.34423918066398,2960.852716841548,Cornélio Procópio
4106407,0.0,2023,2779.380821917808,4593.490560305007,1814.1097383871995,1814.1097383871995,-65.34423918066398,2960.852716841548,Cornélio Procópio
4106407,0.0,2024,1860.0,4045.791213853384,2185.7912138533834,2185.7912138533834,-65.34423918066398,2960.852716841548,Cornélio Procópio
4106555,0.0,2015,2400.0,1050.9687330067666,-1349.0312669932334,1349.0312669932334,-21.404199132202404,-1235.804084384075,Corumbataí do Sul
4106555,0.0,2016,2942.9508196721317,0.0,-2942.9508196721317,2942.9508196721317,-21.404199132202404,-1235.804084384075,Corumbataí do Sul
4106555,0.0,2017,3225.4246575342468,3350.178467441556,124.75380990730946,124.75380990730946,-21.404199132202404,-1235.804084384075,Corumbataí do Sul
4106555,0.0,2018,2735.54794520548,3201.7241709691534,466.17622576367376,466.17622576367376,-21.404199132202404,-1235.804084384075,Corumbataí do Sul
4106555,0.0,2019,3004.109589041096,0.0,-3004.109589041096,3004.109589041096,-21.404199132202404,-1235.804084384075,Corumbataí do Sul
4106555,0.0,2020,3248.6338797814205,3097.7346059107026,-150.89927387071793,150.89927387071793,-21.404199132202404,-1235.804084384075,Corumbataí do Sul
4106555,0.0,2021,2174.772602739726,0.0,-2174.772602739726,2174.772602739726,-21.404199132202404,-1235.804084384075,Corumbataí do Sul
4106555,0.0,2022,2692.33698630137,3054.937875159585,362.6008888582151,362.6008888582151,-21.404199132202404,-1235.804084384075,Corumbataí do Sul
4106555,0.0,2023,3546.301369863014,2956.493153809972,-589.8082160530421,589.8082160530421,-21.404199132202404,-1235.804084384075,Corumbataí do Sul
4106555,0.0,2024,3100.0,0.0,-3100.0,3100.0,-21.404199132202404,-1235.804084384075,Corumbataí do Sul
4106605,0.0,2015,3200.0,3053.603721874988,-146.39627812501203,146.39627812501203,-0.9249142439932896,246.81174892771568,Cruzeiro do Oeste
4106605,0.0,2016,3200.0,3192.4288046530755,-7.571195346924469,7.571195346924469,-0.9249142439932896,246.81174892771568,Cruzeiro do Oeste
4106605,0.0,2017,3260.493150684932,3046.119523406567,-214.37362727836444,214.37362727836444,-0.9249142439932896,246.81174892771568,Cruzeiro do Oeste
4106605,0.0,2018,2855.7150684931507,3009.2956358678016,153.58056737465083,153.58056737465083,-0.9249142439932896,246.81174892771568,Cruzeiro do Oeste
4106605,0.0,2019,2701.9698630136986,2505.8829342681493,-196.08692874554936,196.08692874554936,-0.9249142439932896,246.81174892771568,Cruzeiro do Oeste
4106605,0.0,2020,2798.907103825137,3129.365849003694,330.45874517855736,330.45874517855736,-0.9249142439932896,246.81174892771568,Cruzeiro do Oeste
4106605,0.0,2021,1697.6438356164383,3084.2380731751573,1386.594237558719,1386.594237558719,-0.9249142439932896,246.81174892771568,Cruzeiro do Oeste
4106605,0.0,2022,2418.109589041096,3663.983716942632,1245.8741279015362,1245.8741279015362,-0.9249142439932896,246.81174892771568,Cruzeiro do Oeste
4106605,0.0,2023,3193.4246575342468,2630.411273088845,-563.0133844454012,563.0133844454012,-0.9249142439932896,246.81174892771568,Cruzeiro do Oeste
4106605,0.0,2024,2400.0,2879.051225204945,479.0512252049448,479.0512252049448,-0.9249142439932896,246.81174892771568,Cruzeiro do Oeste
4106704,0.0,2015,2750.0,2526.1795886121467,-223.82041138785328,223.82041138785328,-19.871967062912105,-854.6304572329016,Cruzeiro do Sul
4106704,0.0,2016,2976.2295081967213,1091.1550984258795,-1885.0744097708416,1885.0744097708416,-19.871967062912105,-854.6304572329016,Cruzeiro do Sul
4106704,0.0,2017,3149.5890410958905,3201.2074808818465,51.61843978595607,51.61843978595607,-19.871967062912105,-854.6304572329016,Cruzeiro do Sul
4106704,0.0,2018,2411.890410958904,2454.635506077189,42.74509511828501,42.74509511828501,-19.871967062912105,-854.6304572329016,Cruzeiro do Sul
4106704,0.0,2019,2523.931506849315,1069.3049900691915,-1454.6265167801237,1454.6265167801237,-19.871967062912105,-854.6304572329016,Cruzeiro do Sul
4106704,0.0,2020,3149.1803278688526,1151.1064759154608,-1998.073851953392,1998.073851953392,-19.871967062912105,-854.6304572329016,Cruzeiro do Sul
4106704,0.0,2021,2487.3205479452054,2829.767312757061,342.4467648118557,342.4467648118557,-19.871967062912105,-854.6304572329016,Cruzeiro do Sul
4106704,0.0,2022,2798.145205479452,3102.6384774691464,304.4932719896942,304.4932719896942,-19.871967062912105,-854.6304572329016,Cruzeiro do Sul
4106704,0.0,2023,2972.3835616438355,912.4579492639582,-2059.9256123798773,2059.9256123798773,-19.871967062912105,-854.6304572329016,Cruzeiro do Sul
4106704,0.0,2024,2355.0,688.9126582372816,-1666.0873417627186,1666.0873417627186,-19.871967062912105,-854.6304572329016,Cruzeiro do Sul
4106852,0.0,2015,2600.0,2879.1035374220014,279.1035374220014,279.1035374220014,-0.6970358272244304,-35.59080126128033,Cruzmaltina
4106852,0.0,2016,2600.0,2169.793417527186,-430.2065824728138,430.2065824728138,-0.6970358272244304,-35.59080126128033,Cruzmaltina
4106852,0.0,2017,2600.0,2552.271656594397,-47.72834340560303,47.72834340560303,-0.6970358272244304,-35.59080126128033,Cruzmaltina
4106852,0.0,2018,2667.046575342465,3488.9201075055007,821.8735321630352,821.8735321630352,-0.6970358272244304,-35.59080126128033,Cruzmaltina
4106852,0.0,2019,3605.109589041096,2424.5109047011606,-1180.5986843399355,1180.5986843399355,-0.6970358272244304,-35.59080126128033,Cruzmaltina
4106852,0.0,2020,3533.9508196721317,3116.1941472696867,-417.75667240244456,417.75667240244456,-0.6970358272244304,-35.59080126128033,Cruzmaltina
4106852,0.0,2021,2421.4219178082194,2802.245316481356,380.8233986731366,380.8233986731366,-0.6970358272244304,-35.59080126128033,Cruzmaltina
4106852,0.0,2022,2427.0986301369862,2708.330440132782,281.23180999579563,281.23180999579563,-0.6970358272244304,-35.59080126128033,Cruzmaltina
4106852,0.0,2023,2673.939726027397,2539.8938751252545,-134.04585090214275,134.04585090214275,-0.6970358272244304,-35.59080126128033,Cruzmaltina
4106852,0.0,2024,2727.0,2818.395842656168,91.3958426561676,91.3958426561676,-0.6970358272244304,-35.59080126128033,Cruzmaltina
4107009,0.0,2015,2300.0,2264.791829838356,-35.208170161644375,35.208170161644375,0.3500350020098244,-96.67810213670889,Curiúva
4107009,0.0,2016,2752.4590163934427,1892.552379105762,-859.9066372876807,859.9066372876807,0.3500350020098244,-96.67810213670889,Curiúva
4107009,0.0,2017,3452.054794520548,3650.925442125368,198.87064760482008,198.87064760482008,0.3500350020098244,-96.67810213670889,Curiúva
4107009,0.0,2018,3700.0,3722.8225163277352,22.82251632773523,22.82251632773523,0.3500350020098244,-96.67810213670889,Curiúva
4107009,0.0,2019,3548.7671232876714,3018.3721224571827,-530.3950008304887,530.3950008304887,0.3500350020098244,-96.67810213670889,Curiúva
4107009,0.0,2020,3684.546448087432,3088.8258797500066,-595.720568337425,595.720568337425,0.3500350020098244,-96.67810213670889,Curiúva
4107009,0.0,2021,3841.9890410958906,3854.308240920334,12.31919982444333,12.31919982444333,0.3500350020098244,-96.67810213670889,Curiúva
4107009,0.0,2022,3720.0,3691.3282901834,-28.67170981660001,28.67170981660001,0.3500350020098244,-96.67810213670889,Curiúva
4107009,0.0,2023,3130.1917808219177,3604.9494522442874,474.75767142236873,474.75767142236873,0.3500350020098244,-96.67810213670889,Curiúva
4107009,0.0,2024,2550.0,2924.3510298873825,374.35102988738254,374.35102988738254,0.3500350020098244,-96.67810213670889,Curiúva
4107108,0.0,2015,3200.0,1424.1479453401366,-1775.8520546598634,1775.8520546598634,-4.341963581540298,-778.0417410250741,Diamante do Norte
4107108,0.0,2016,3200.0,1878.0065509599067,-1321.9934490400933,1321.9934490400933,-4.341963581540298,-778.0417410250741,Diamante do Norte
4107108,0.0,2017,3200.0,2151.531935738371,-1048.468064261629,1048.468064261629,-4.341963581540298,-778.0417410250741,Diamante do Norte
4107108,0.0,2018,2544.657534246576,2094.8635285917617,-449.7940056548137,449.7940056548137,-4.341963581540298,-778.0417410250741,Diamante do Norte
4107108,0.0,2019,2252.876712328767,1015.8705889608156,-1237.0061233679517,1237.0061233679517,-4.341963581540298,-778.0417410250741,Diamante do Norte
4107108,0.0,2020,2801.092896174863,1506.9464685538494,-1294.1464276210138,1294.1464276210138,-4.341963581540298,-778.0417410250741,Diamante do Norte
4107108,0.0,2021,1790.13698630137,1995.3192573152917,205.18227101392156,205.18227101392156,-4.341963581540298,-778.0417410250741,Diamante do Norte
4107108,0.0,2022,1910.6849315068491,3520.118439603467,1609.4335080966175,1609.4335080966175,-4.341963581540298,-778.0417410250741,Diamante do Norte
4107108,0.0,2023,2494.246575342466,654.8109430792081,-1839.4356322632575,1839.4356322632575,-4.341963581540298,-778.0417410250741,Diamante do Norte
4107108,0.0,2024,1800.0,1171.6625675073433,-628.3374324926567,628.3374324926567,-4.341963581540298,-778.0417410250741,Diamante do Norte
4107256,0.0,2015,3199.0,4861.247994999048,1662.2479949990484,1662.2479949990484,-277.359542877704,6661.509326708506,Douradina
4107256,0.0,2016,2948.136612021858,12256.455097440508,9308.318485418651,9308.318485418651,-277.359542877704,6661.509326708506,Douradina
4107256,0.0,2017,3133.5342465753424,8291.173187964521,5157.638941389179,5157.638941389179,-277.359542877704,6661.509326708506,Douradina
4107256,0.0,2018,2874.410958904109,8844.849164033974,5970.438205129865,5970.438205129865,-277.359542877704,6661.509326708506,Douradina
4107256,0.0,2019,2704.109589041096,11862.009247277256,9157.89965823616,9157.89965823616,-277.359542877704,6661.509326708506,Douradina
4107256,0.0,2020,3200.0,8641.233793878553,5441.233793878553,5441.233793878553,-277.359542877704,6661.509326708506,Douradina
4107256,0.0,2021,1838.904109589041,10323.954715265394,8485.050605676353,8485.050605676353,-277.359542877704,6661.509326708506,Douradina
4107256,0.0,2022,2309.753424657534,14778.804891551114,12469.05146689358,12469.05146689358,-277.359542877704,6661.509326708506,Douradina
4107256,0.0,2023,3238.054794520548,4672.466317368759,1434.4115228482106,1434.4115228482106,-277.359542877704,6661.509326708506,Douradina
4107256,0.0,2024,2400.0,9928.802592615444,7528.802592615444,7528.802592615444,-277.359542877704,6661.509326708506,Douradina
4107306,0.0,2015,3224.0,3723.901701413718,499.901701413718,499.901701413718,-1.4027893913652585,141.62598400445876,Doutor Camargo
4107306,0.0,2016,3211.934426229508,3572.004496970129,360.07007074062085,360.07007074062085,-1.4027893913652585,141.62598400445876,Doutor Camargo
4107306,0.0,2017,3300.821917808219,3744.936329258612,444.1144114503932,444.1144114503932,-1.4027893913652585,141.62598400445876,Doutor Camargo
4107306,0.0,2018,3450.410958904109,3421.199699378156,-29.211259525953665,29.211259525953665,-1.4027893913652585,141.62598400445876,Doutor Camargo
4107306,0.0,2019,3550.410958904109,3186.073402404773,-364.33755649933664,364.33755649933664,-1.4027893913652585,141.62598400445876,Doutor Camargo
4107306,0.0,2020,3298.3606557377047,2755.905476191124,-542.4551795465809,542.4551795465809,-1.4027893913652585,141.62598400445876,Doutor Camargo
4107306,0.0,2021,1991.780821917808,3130.4903065853136,1138.7094846675054,1138.7094846675054,-1.4027893913652585,141.62598400445876,Doutor Camargo
4107306,0.0,2022,2613.150684931507,4007.5130558893657,1394.3623709578587,1394.3623709578587,-1.4027893913652585,141.62598400445876,Doutor Camargo
4107306,0.0,2023,3695.890410958904,2849.820100018917,-846.0703109399869,846.0703109399869,-1.4027893913652585,141.62598400445876,Doutor Camargo
4107306,0.0,2024,3200.0,2561.1761073263497,-638.8238926736503,638.8238926736503,-1.4027893913652585,141.62598400445876,Doutor Camargo
4107504,0.0,2015,2805.0,2907.467364868793,102.46736486879354,102.46736486879354,-1.905118565380152,-0.3739431168995907,Engenheiro Beltrão
4107504,0.0,2016,3151.88524590164,3246.790841189002,94.90559528736276,94.90559528736276,-1.905118565380152,-0.3739431168995907,Engenheiro Beltrão
4107504,0.0,2017,3482.3972602739727,3418.2431337946787,-64.15412647929406,64.15412647929406,-1.905118565380152,-0.3739431168995907,Engenheiro Beltrão
4107504,0.0,2018,2970.427397260274,3307.315597968853,336.888200708579,336.888200708579,-1.905118565380152,-0.3739431168995907,Engenheiro Beltrão
4107504,0.0,2019,3069.3123287671237,2691.261785064757,-378.05054370236576,378.05054370236576,-1.905118565380152,-0.3739431168995907,Engenheiro Beltrão
4107504,0.0,2020,3524.3169398907103,2474.728413992268,-1049.5885258984426,1049.5885258984426,-1.905118565380152,-0.3739431168995907,Engenheiro Beltrão
4107504,0.0,2021,1998.5753424657532,2776.319423475145,777.7440810093915,777.7440810093915,-1.905118565380152,-0.3739431168995907,Engenheiro Beltrão
4107504,0.0,2022,2606.1917808219177,4294.272190889543,1688.080410067625,1688.080410067625,-1.905118565380152,-0.3739431168995907,Engenheiro Beltrão
4107504,0.0,2023,3773.5890410958905,2405.394085530139,-1368.1949555657516,1368.1949555657516,-1.905118565380152,-0.3739431168995907,Engenheiro Beltrão
4107504,0.0,2024,3000.0,2856.1630685351065,-143.8369314648935,143.8369314648935,-1.905118565380152,-0.3739431168995907,Engenheiro Beltrão
4107553,0.0,2015,3083.0,2234.775387354201,-848.2246126457985,848.2246126457985,-1.0454778092867003,-293.1216694294079,Farol
4107553,0.0,2016,3282.584699453552,2939.5839096880622,-343.0007897654896,343.0007897654896,-1.0454778092867003,-293.1216694294079,Farol
4107553,0.0,2017,3490.082191780822,2739.5389058202427,-750.5432859605794,750.5432859605794,-1.0454778092867003,-293.1216694294079,Farol
4107553,0.0,2018,2985.8082191780823,2569.3704942683426,-416.4377249097397,416.4377249097397,-1.0454778092867003,-293.1216694294079,Farol
4107553,0.0,2019,3095.013698630137,2549.1143855454734,-545.8993130846634,545.8993130846634,-1.0454778092867003,-293.1216694294079,Farol
4107553,0.0,2020,3850.8196721311474,3235.6399880472286,-615.1796840839188,615.1796840839188,-1.0454778092867003,-293.1216694294079,Farol
4107553,0.0,2021,2608.657534246576,3123.9179702260167,515.2604359794414,515.2604359794414,-1.0454778092867003,-293.1216694294079,Farol
4107553,0.0,2022,2631.3424657534247,2981.5733441304383,350.2308783770136,350.2308783770136,-1.0454778092867003,-293.1216694294079,Farol
4107553,0.0,2023,3233.753424657534,2531.5108449038707,-702.2425797536634,702.2425797536634,-1.0454778092867003,-293.1216694294079,Farol
4107553,0.0,2024,2480.0,2904.819981553319,424.8199815533189,424.8199815533189,-1.0454778092867003,-293.1216694294079,Farol
4107603,0.0,2015,2650.0,3378.26324639474,728.2632463947402,728.2632463947402,-2.31966004462158,9.781276585341402,Faxinal
4107603,0.0,2016,2650.0,2620.2509228228023,-29.749077177197705,29.749077177197705,-2.31966004462158,9.781276585341402,Faxinal
4107603,0.0,2017,2650.0,3575.119747536586,925.119747536586,925.119747536586,-2.31966004462158,9.781276585341402,Faxinal
4107603,0.0,2018,2449.364383561644,2783.989722886713,334.6253393250686,334.6253393250686,-2.31966004462158,9.781276585341402,Faxinal
4107603,0.0,2019,3254.1698630136984,2997.6297248612746,-256.5401381524239,256.5401381524239,-2.31966004462158,9.781276585341402,Faxinal
4107603,0.0,2020,3440.655737704918,2015.3604794495727,-1425.2952582553453,1425.2952582553453,-2.31966004462158,9.781276585341402,Faxinal
4107603,0.0,2021,2763.928767123288,3022.694707716786,258.76594059349827,258.76594059349827,-2.31966004462158,9.781276585341402,Faxinal
4107603,0.0,2022,3240.9753424657533,2856.887111420605,-384.0882310451484,384.0882310451484,-2.31966004462158,9.781276585341402,Faxinal
4107603,0.0,2023,3347.945205479452,3416.317521200022,68.37231572056999,68.37231572056999,-2.31966004462158,9.781276585341402,Faxinal
4107603,0.0,2024,3100.0,2978.338880913066,-121.66111908693392,121.66111908693392,-2.31966004462158,9.781276585341402,Faxinal
4107702,0.0,2015,3221.0,900.3430602756523,-2320.6569397243475,2320.6569397243475,-17.94318287689035,-1116.402700748687,Fênix
4107702,0.0,2016,3351.207650273224,4191.451603664463,840.2439533912388,840.2439533912388,-17.94318287689035,-1116.402700748687,Fênix
4107702,0.0,2017,3439.671232876712,3651.7096823297456,212.03844945303356,212.03844945303356,-17.94318287689035,-1116.402700748687,Fênix
4107702,0.0,2018,3097.5342465753424,2528.460599637862,-569.0736469374806,569.0736469374806,-17.94318287689035,-1116.402700748687,Fênix
4107702,0.0,2019,3203.2876712328766,700.090559759046,-2503.197111473831,2503.197111473831,-17.94318287689035,-1116.402700748687,Fênix
4107702,0.0,2020,3499.4535519125684,1028.086251700179,-2471.3673002123896,2471.3673002123896,-17.94318287689035,-1116.402700748687,Fênix
4107702,0.0,2021,2190.1369863013697,1298.1713054204265,-891.9656808809434,891.9656808809434,-17.94318287689035,-1116.402700748687,Fênix
4107702,0.0,2022,2643.3972602739727,5502.836612980667,2859.4393527066945,2859.4393527066945,-17.94318287689035,-1116.402700748687,Fênix
4107702,0.0,2023,4028.109589041096,532.3533762872868,-3495.756212753809,3495.756212753809,-17.94318287689035,-1116.402700748687,Fênix
4107702,0.0,2024,3800.0,976.2681289449642,-2823.731871055036,2823.731871055036,-17.94318287689035,-1116.402700748687,Fênix
4107751,0.0,2015,3001.0,2484.8674553101064,-516.1325446898936,516.1325446898936,-3.686988487607661,-313.9517529632193,Figueira
4107751,0.0,2016,3000.497267759563,3407.699543377662,407.2022756180991,407.2022756180991,-3.686988487607661,-313.9517529632193,Figueira
4107751,0.0,2017,3000.0,3275.02870822494,275.02870822494015,275.02870822494015,-3.686988487607661,-313.9517529632193,Figueira
4107751,0.0,2018,3336.241095890411,1437.7080444751898,-1898.5330514152213,1898.5330514152213,-3.686988487607661,-313.9517529632193,Figueira
4107751,0.0,2019,3431.5808219178084,3363.23462874429,-68.34619317351826,68.34619317351826,-3.686988487607661,-313.9517529632193,Figueira
4107751,0.0,2020,3585.092896174863,4144.309705823992,559.2168096491287,559.2168096491287,-3.686988487607661,-313.9517529632193,Figueira
4107751,0.0,2021,3966.0,4029.4717170288,63.47171702879996,63.47171702879996,-3.686988487607661,-313.9517529632193,Figueira
4107751,0.0,2022,3857.112328767124,3007.392267636894,-849.7200611302296,849.7200611302296,-3.686988487607661,-313.9517529632193,Figueira
4107751,0.0,2023,3750.0,3379.620914748898,-370.379085251102,370.379085251102,-3.686988487607661,-313.9517529632193,Figueira
4107751,0.0,2024,3750.0,3008.6738955068035,-741.3261044931965,741.3261044931965,-3.686988487607661,-313.9517529632193,Figueira
4107801,0.0,2015,3470.0,2915.5873420565763,-554.4126579434237,554.4126579434237,-0.4224774524171082,-8.279808275967184,Floraí
4107801,0.0,2016,3233.715846994536,3331.122704086877,97.4068570923414,97.4068570923414,-0.4224774524171082,-8.279808275967184,Floraí
4107801,0.0,2017,3176.4383561643835,3122.213932691571,-54.22442347281276,54.22442347281276,-0.4224774524171082,-8.279808275967184,Floraí
4107801,0.0,2018,2871.095890410959,3659.8083095567854,788.7124191458274,788.7124191458274,-0.4224774524171082,-8.279808275967184,Floraí
4107801,0.0,2019,2853.698630136986,2519.3416408105422,-334.3569893264439,334.3569893264439,-0.4224774524171082,-8.279808275967184,Floraí
4107801,0.0,2020,2948.087431693989,2507.049841285287,-441.0375904087018,441.0375904087018,-0.4224774524171082,-8.279808275967184,Floraí
4107801,0.0,2021,1793.4246575342463,2499.3845661064847,705.9599085722382,705.9599085722382,-0.4224774524171082,-8.279808275967184,Floraí
4107801,0.0,2022,2557.698630136986,3282.0298063561763,724.3311762191902,724.3311762191902,-0.4224774524171082,-8.279808275967184,Floraí
4107801,0.0,2023,3238.054794520548,2313.8226890855453,-924.2321054350028,924.2321054350028,-0.4224774524171082,-8.279808275967184,Floraí
4107801,0.0,2024,2400.0,2309.055322797116,-90.94467720288412,90.94467720288412,-0.4224774524171082,-8.279808275967184,Floraí
4107900,0.0,2015,3397.0,2817.98306883566,-579.0169311643403,579.0169311643403,-10.343039583515775,1024.0883391657526,Floresta
4107900,0.0,2016,3700.147540983607,5464.242560284341,1764.0950193007347,1764.0950193007347,-10.343039583515775,1024.0883391657526,Floresta
4107900,0.0,2017,3798.3561643835615,5916.739534411213,2118.3833700276514,2118.3833700276514,-10.343039583515775,1024.0883391657526,Floresta
4107900,0.0,2018,3196.7123287671234,5292.957288406054,2096.244959638931,2096.244959638931,-10.343039583515775,1024.0883391657526,Floresta
4107900,0.0,2019,3329.31506849315,3002.512569156016,-326.80249933713503,326.80249933713503,-10.343039583515775,1024.0883391657526,Floresta
4107900,0.0,2020,3422.6775956284155,3372.542983179821,-50.13461244859445,50.13461244859445,-10.343039583515775,1024.0883391657526,Floresta
4107900,0.0,2021,1941.3698630136987,4496.458429424864,2555.0885664111656,2555.0885664111656,-10.343039583515775,1024.0883391657526,Floresta
4107900,0.0,2022,2571.123287671233,6218.57702176618,3647.4537340949473,3647.4537340949473,-10.343039583515775,1024.0883391657526,Floresta
4107900,0.0,2023,3400.8630136986303,1943.3043899302288,-1457.5586237684015,1457.5586237684015,-10.343039583515775,1024.0883391657526,Floresta
4107900,0.0,2024,2600.0,3073.130408902569,473.1304089025689,473.1304089025689,-10.343039583515775,1024.0883391657526,Floresta
4108007,0.0,2015,2460.0,26898.773015762723,24438.773015762723,24438.773015762723,-19706.32434126505,39836.69442566702,Florestópolis
4108007,0.0,2016,2972.786885245901,52207.54011327359,49234.753228027694,49234.753228027694,-19706.32434126505,39836.69442566702,Florestópolis
4108007,0.0,2017,3480.0,54086.64038687425,50606.64038687425,50606.64038687425,-19706.32434126505,39836.69442566702,Florestópolis
4108007,0.0,2018,2975.890410958904,45296.03640087275,42320.14598991384,42320.14598991384,-19706.32434126505,39836.69442566702,Florestópolis
4108007,0.0,2019,2876.7342465753422,30406.517979875687,27529.783733300344,27529.783733300344,-19706.32434126505,39836.69442566702,Florestópolis
4108007,0.0,2020,3031.218579234973,36851.28393920443,33820.06535996946,33820.06535996946,-19706.32434126505,39836.69442566702,Florestópolis
4108007,0.0,2021,2569.1342465753423,37624.10860861213,35054.97436203679,35054.97436203679,-19706.32434126505,39836.69442566702,Florestópolis
4108007,0.0,2022,2991.780821917808,59303.31596764619,56311.535145728376,56311.535145728376,-19706.32434126505,39836.69442566702,Florestópolis
4108007,0.0,2023,3064.3972602739727,36549.914701275455,33485.51744100148,33485.51744100148,-19706.32434126505,39836.69442566702,Florestópolis
4108007,0.0,2024,2509.0,48073.75559405523,45564.75559405523,45564.75559405523,-19706.32434126505,39836.69442566702,Florestópolis
4108106,0.0,2015,3100.0,2619.2155511767373,-480.78444882326266,480.78444882326266,0.3118131427631284,-211.8848130014548,Flórida
4108106,0.0,2016,3351.3661202185795,3336.5754365726425,-14.790683645936952,14.790683645936952,0.3118131427631284,-211.8848130014548,Flórida
4108106,0.0,2017,3650.4109589041095,2964.345124295849,-686.06583460826,686.06583460826,0.3118131427631284,-211.8848130014548,Flórida
4108106,0.0,2018,3115.232876712329,3130.120289785793,14.88741307346436,14.88741307346436,0.3118131427631284,-211.8848130014548,Flórida
4108106,0.0,2019,3175.178082191781,2604.464167518665,-570.713914673116,570.713914673116,0.3118131427631284,-211.8848130014548,Flórida
4108106,0.0,2020,3322.4043715847,2730.937772220239,-591.4665993644608,591.4665993644608,0.3118131427631284,-211.8848130014548,Flórida
4108106,0.0,2021,2018.219178082192,2185.1884548496537,166.9692767674619,166.9692767674619,0.3118131427631284,-211.8848130014548,Flórida
4108106,0.0,2022,2656.876712328767,2841.0223896056978,184.14567727693063,184.14567727693063,0.3118131427631284,-211.8848130014548,Flórida
4108106,0.0,2023,3278.3835616438355,3114.4034382879486,-163.98012335588692,163.98012335588692,0.3118131427631284,-211.8848130014548,Flórida
4108106,0.0,2024,2480.0,2502.951107338519,22.9511073385188,22.9511073385188,0.3118131427631284,-211.8848130014548,Flórida
4108551,0.0,2015,2480.0,5605.063836171935,3125.063836171935,3125.063836171935,-37.31295154661394,2129.7319002323256,Godoy Moreira
4108551,0.0,2016,2992.786885245901,8719.569390631841,5726.78250538594,5726.78250538594,-37.31295154661394,2129.7319002323256,Godoy Moreira
4108551,0.0,2017,3550.410958904109,5308.548433161315,1758.1374742572057,1758.1374742572057,-37.31295154661394,2129.7319002323256,Godoy Moreira
4108551,0.0,2018,3327.780821917808,5905.695564983527,2577.914743065719,2577.914743065719,-37.31295154661394,2129.7319002323256,Godoy Moreira
4108551,0.0,2019,3513.698630136986,4016.1874078536216,502.48877771663547,502.48877771663547,-37.31295154661394,2129.7319002323256,Godoy Moreira
4108551,0.0,2020,3602.55737704918,5100.834095360729,1498.2767183115493,1498.2767183115493,-37.31295154661394,2129.7319002323256,Godoy Moreira
4108551,0.0,2021,2485.778082191781,4992.204882740197,2506.426800548416,2506.426800548416,-37.31295154661394,2129.7319002323256,Godoy Moreira
4108551,0.0,2022,2455.876712328767,5168.026749276685,2712.150036947918,2712.150036947918,-37.31295154661394,2129.7319002323256,Godoy Moreira
4108551,0.0,2023,3165.0,2438.632092029304,-726.3679079706963,726.3679079706963,-37.31295154661394,2129.7319002323256,Godoy Moreira
4108551,0.0,2024,3165.0,4781.4460178886375,1616.4460178886377,1616.4460178886377,-37.31295154661394,2129.7319002323256,Godoy Moreira
4108700,0.0,2015,2230.0,0.0,-2230.0,2230.0,-38.86133259154369,-2001.2562708385483,Grandes Rios
4108700,0.0,2016,2230.0,2164.9818033746774,-65.01819662532262,65.01819662532262,-38.86133259154369,-2001.2562708385483,Grandes Rios
4108700,0.0,2017,2230.0,0.0,-2230.0,2230.0,-38.86133259154369,-2001.2562708385483,Grandes Rios
4108700,0.0,2018,2061.123287671233,2150.947890365745,89.82460269451167,89.82460269451167,-38.86133259154369,-2001.2562708385483,Grandes Rios
4108700,0.0,2019,2935.986301369863,0.0,-2935.986301369863,2935.986301369863,-38.86133259154369,-2001.2562708385483,Grandes Rios
4108700,0.0,2020,3090.273224043716,0.0,-3090.273224043716,3090.273224043716,-38.86133259154369,-2001.2562708385483,Grandes Rios
4108700,0.0,2021,1955.2602739726028,0.0,-1955.2602739726028,1955.2602739726028,-38.86133259154369,-2001.2562708385483,Grandes Rios
4108700,0.0,2022,2347.904109589041,0.0,-2347.904109589041,2347.904109589041,-38.86133259154369,-2001.2562708385483,Grandes Rios
4108700,0.0,2023,2747.945205479452,0.0,-2747.945205479452,2747.945205479452,-38.86133259154369,-2001.2562708385483,Grandes Rios
4108700,0.0,2024,2500.0,0.0,-2500.0,2500.0,-38.86133259154369,-2001.2562708385483,Grandes Rios
4108908,0.0,2022,5000.0,5422.718681625291,422.7186816252906,422.7186816252906,-1.5375268804444882,-270.4138561623995,Guairaçá
4108908,0.0,2023,4117.808219178082,2287.226944798319,-1830.5812743797635,1830.5812743797635,-1.5375268804444882,-270.4138561623995,Guairaçá
4108908,0.0,2024,3250.0,3846.621024267274,596.6210242672742,596.6210242672742,-1.5375268804444882,-270.4138561623995,Guairaçá
4109005,0.0,2015,2727.0,2986.6402518529158,259.6402518529153,259.6402518529153,-11.135031195058025,-387.0350681088758,Guapirama
4109005,0.0,2016,3115.6120218579235,3193.824826369279,78.21280451135544,78.21280451135544,-11.135031195058025,-387.0350681088758,Guapirama
4109005,0.0,2017,3500.0,3551.382896635396,51.38289663539536,51.38289663539536,-11.135031195058025,-387.0350681088758,Guapirama
4109005,0.0,2018,3207.6164383561645,2942.1130834799465,-265.50335487621805,265.50335487621805,-11.135031195058025,-387.0350681088758,Guapirama
4109005,0.0,2019,3212.3835616438355,3082.136214425872,-130.24734721796358,130.24734721796358,-11.135031195058025,-387.0350681088758,Guapirama
4109005,0.0,2020,3675.9562841530055,4000.637949755704,324.6816656026981,324.6816656026981,-11.135031195058025,-387.0350681088758,Guapirama
4109005,0.0,2021,3850.0,3974.416846377269,124.4168463772694,124.4168463772694,-11.135031195058025,-387.0350681088758,Guapirama
4109005,0.0,2022,3759.2602739726026,3280.1017097066137,-479.1585642659888,479.1585642659888,-11.135031195058025,-387.0350681088758,Guapirama
4109005,0.0,2023,3670.0,0.0,-3670.0,3670.0,-11.135031195058025,-387.0350681088758,Guapirama
4109005,0.0,2024,3670.0,3506.224120291779,-163.77587970822103,163.77587970822103,-11.135031195058025,-387.0350681088758,Guapirama
4109104,0.0,2015,3000.0,3845.676500941489,845.6765009414885,845.6765009414885,-10.273613145331192,155.64957585992244,Guaporema
4109104,0.0,2016,3100.546448087432,3342.7100296536078,242.1635815661757,242.1635815661757,-10.273613145331192,155.64957585992244,Guaporema
4109104,0.0,2017,3200.0,3073.168612683096,-126.83138731690406,126.83138731690406,-10.273613145331192,155.64957585992244,Guaporema
4109104,0.0,2018,2746.301369863014,2617.1268434659182,-129.17452639709563,129.17452639709563,-10.273613145331192,155.64957585992244,Guaporema
4109104,0.0,2019,2778.904109589041,3789.614302937936,1010.7101933488944,1010.7101933488944,-10.273613145331192,155.64957585992244,Guaporema
4109104,0.0,2020,2923.224043715847,1331.7917619353818,-1591.4322817804652,1591.4322817804652,-10.273613145331192,155.64957585992244,Guaporema
4109104,0.0,2021,1793.4246575342463,4588.392305847783,2794.9676483135363,2794.9676483135363,-10.273613145331192,155.64957585992244,Guaporema
4109104,0.0,2022,1856.986301369863,4533.086509346939,2676.100207977076,2676.100207977076,-10.273613145331192,155.64957585992244,Guaporema
4109104,0.0,2023,3002.4657534246576,696.9386264253602,-2305.5271269992973,2305.5271269992973,-10.273613145331192,155.64957585992244,Guaporema
4109104,0.0,2024,3300.0,1439.8429489458158,-1860.157051054184,1860.157051054184,-10.273613145331192,155.64957585992244,Guaporema
4109203,0.0,2015,2220.0,13135.770149651386,10915.770149651386,10915.770149651386,-1983.0705640547835,17360.602953275662,Guaraci
4109203,0.0,2016,2813.224043715847,19757.053846678267,16943.82980296242,16943.82980296242,-1983.0705640547835,17360.602953275662,Guaraci
4109203,0.0,2017,3374.794520547945,24709.938262806423,21335.14374225848,21335.14374225848,-1983.0705640547835,17360.602953275662,Guaraci
4109203,0.0,2018,2760.1917808219177,21350.93992640329,18590.74814558137,18590.74814558137,-1983.0705640547835,17360.602953275662,Guaraci
4109203,0.0,2019,2568.164383561644,15538.520550816847,12970.356167255204,12970.356167255204,-1983.0705640547835,17360.602953275662,Guaraci
4109203,0.0,2020,2849.4535519125684,22406.86837888098,19557.41482696841,19557.41482696841,-1983.0705640547835,17360.602953275662,Guaraci
4109203,0.0,2021,2170.27397260274,22228.11021915269,20057.83624654996,20057.83624654996,-1983.0705640547835,17360.602953275662,Guaraci
4109203,0.0,2022,2169.6438356164385,26775.28835838873,24605.64452277229,24605.64452277229,-1983.0705640547835,17360.602953275662,Guaraci
4109203,0.0,2023,2362.0,12892.194504153707,10530.194504153707,10530.194504153707,-1983.0705640547835,17360.602953275662,Guaraci
4109203,0.0,2024,2000.0,20099.0914246034,18099.0914246034,18099.0914246034,-1983.0705640547835,17360.602953275662,Guaraci
4109708,0.0,2015,2800.0,0.0,-2800.0,2800.0,-37.02146022396212,-2249.465471173441,Ibaiti
4109708,0.0,2016,2800.0,2885.624361103979,85.62436110397903,85.62436110397903,-37.02146022396212,-2249.465471173441,Ibaiti
4109708,0.0,2017,2800.0,0.0,-2800.0,2800.0,-37.02146022396212,-2249.465471173441,Ibaiti
4109708,0.0,2018,3384.7671232876714,0.0,-3384.7671232876714,3384.7671232876714,-37.02146022396212,-2249.465471173441,Ibaiti
4109708,0.0,2019,3655.517808219178,0.0,-3655.517808219178,3655.517808219178,-37.02146022396212,-2249.465471173441,Ibaiti
4109708,0.0,2020,3169.4863387978144,0.0,-3169.4863387978144,3169.4863387978144,-37.02146022396212,-2249.465471173441,Ibaiti
4109708,0.0,2021,3355.5205479452056,0.0,-3355.5205479452056,3355.5205479452056,-37.02146022396212,-2249.465471173441,Ibaiti
4109708,0.0,2022,3720.0,2783.010905950633,-936.9890940493664,936.9890940493664,-37.02146022396212,-2249.465471173441,Ibaiti
4109708,0.0,2023,2968.876712328767,0.0,-2968.876712328767,2968.876712328767,-37.02146022396212,-2249.465471173441,Ibaiti
4109708,0.0,2024,2230.0,2720.878551789616,490.87855178961536,490.87855178961536,-37.02146022396212,-2249.465471173441,Ibaiti
4109807,0.0,2015,2250.0,3906.3283830434752,1656.3283830434752,1656.3283830434752,-32.8580901026826,2110.3866465692395,Ibiporã
4109807,0.0,2016,2928.688524590164,5089.5046465607775,2160.816121970613,2160.816121970613,-32.8580901026826,2110.3866465692395,Ibiporã
4109807,0.0,2017,3473.972602739726,3486.3845984242807,12.411995684554768,12.411995684554768,-32.8580901026826,2110.3866465692395,Ibiporã
4109807,0.0,2018,3223.972602739726,6595.204539786282,3371.231937046556,3371.231937046556,-32.8580901026826,2110.3866465692395,Ibiporã
4109807,0.0,2019,3301.6438356164385,4017.448667130127,715.8048315136884,715.8048315136884,-32.8580901026826,2110.3866465692395,Ibiporã
4109807,0.0,2020,3374.3169398907103,5668.697083974796,2294.380144084086,2294.380144084086,-32.8580901026826,2110.3866465692395,Ibiporã
4109807,0.0,2021,3241.430136986301,7547.271113377636,4305.840976391335,4305.840976391335,-32.8580901026826,2110.3866465692395,Ibiporã
4109807,0.0,2022,3547.0602739726028,6556.569080700987,3009.508806728384,3009.508806728384,-32.8580901026826,2110.3866465692395,Ibiporã
4109807,0.0,2023,3777.358904109589,5397.75767362649,1620.3987695169012,1620.3987695169012,-32.8580901026826,2110.3866465692395,Ibiporã
4109807,0.0,2024,3700.0,5657.1444997127965,1957.1444997127965,1957.1444997127965,-32.8580901026826,2110.3866465692395,Ibiporã
4109906,0.0,2015,3000.0,2368.06284079717,-631.9371592028301,631.9371592028301,-10.764536895491704,381.4920053735348,Icaraíma
4109906,0.0,2016,2346.448087431694,1928.632850577491,-417.8152368542035,417.8152368542035,-10.764536895491704,381.4920053735348,Icaraíma
4109906,0.0,2017,2355.3424657534247,2200.055786356031,-155.28667939739353,155.28667939739353,-10.764536895491704,381.4920053735348,Icaraíma
4109906,0.0,2018,2294.246575342466,2450.477907824816,156.23133248235035,156.23133248235035,-10.764536895491704,381.4920053735348,Icaraíma
4109906,0.0,2019,2154.5205479452056,1076.1914691281006,-1078.329078817105,1078.329078817105,-10.764536895491704,381.4920053735348,Icaraíma
4109906,0.0,2020,2348.087431693989,2458.1207965419385,110.03336484794954,110.03336484794954,-10.764536895491704,381.4920053735348,Icaraíma
4109906,0.0,2021,1470.6849315068494,3637.0041148508376,2166.319183343988,2166.319183343988,-10.764536895491704,381.4920053735348,Icaraíma
4109906,0.0,2022,1680.454794520548,5068.054891830655,3387.6000973101072,3387.6000973101072,-10.764536895491704,381.4920053735348,Icaraíma
4109906,0.0,2023,2350.6054794520546,2203.2546270283087,-147.3508524237459,147.3508524237459,-10.764536895491704,381.4920053735348,Icaraíma
4109906,0.0,2024,2303.0,2728.45508244623,425.4550824462299,425.4550824462299,-10.764536895491704,381.4920053735348,Icaraíma
4110003,0.0,2015,3000.0,2183.336284655265,-816.663715344735,816.663715344735,-14.429837711536187,-853.2323805240521,Iguaraçu
4110003,0.0,2016,3236.2841530054643,2040.9557865055065,-1195.328366499958,1195.328366499958,-14.429837711536187,-853.2323805240521,Iguaraçu
4110003,0.0,2017,3434.7123287671234,1838.8842534135576,-1595.8280753535655,1595.8280753535655,-14.429837711536187,-853.2323805240521,Iguaraçu
4110003,0.0,2018,2946.301369863014,2076.134163516869,-870.1672063461447,870.1672063461447,-14.429837711536187,-853.2323805240521,Iguaraçu
4110003,0.0,2019,2928.493150684932,2201.157304645524,-727.3358460394074,727.3358460394074,-14.429837711536187,-853.2323805240521,Iguaraçu
4110003,0.0,2020,3023.224043715847,1776.5730491784748,-1246.6509945373723,1246.6509945373723,-14.429837711536187,-853.2323805240521,Iguaraçu
4110003,0.0,2021,2347.123287671233,2385.2213460759917,38.098058404758376,38.098058404758376,-14.429837711536187,-853.2323805240521,Iguaraçu
4110003,0.0,2022,3116.6027397260277,4369.117440986351,1252.5147012603234,1252.5147012603234,-14.429837711536187,-853.2323805240521,Iguaraçu
4110003,0.0,2023,3602.5068493150684,1231.5934805302154,-2370.913368784853,2370.913368784853,-14.429837711536187,-853.2323805240521,Iguaraçu
4110003,0.0,2024,3000.0,1999.9510080004327,-1000.0489919995672,1000.0489919995672,-14.429837711536187,-853.2323805240521,Iguaraçu
4110300,0.0,2016,2300.0,3745.525982164357,1445.5259821643572,1445.5259821643572,-11.46239542039094,467.33682472838296,Inajá
4110300,0.0,2017,2652.876712328767,3219.771695809732,566.894983480965,566.894983480965,-11.46239542039094,467.33682472838296,Inajá
4110300,0.0,2018,2471.6931506849314,3101.532736054416,629.8395853694847,629.8395853694847,-11.46239542039094,467.33682472838296,Inajá
4110300,0.0,2019,2289.753424657534,2300.544299306756,10.790874649221678,10.790874649221678,-11.46239542039094,467.33682472838296,Inajá
4110300,0.0,2020,2812.032786885246,2740.404924332662,-71.62786255258379,71.62786255258379,-11.46239542039094,467.33682472838296,Inajá
4110300,0.0,2021,2321.972602739726,3007.661071236006,685.6884684962802,685.6884684962802,-11.46239542039094,467.33682472838296,Inajá
4110300,0.0,2022,2634.9890410958906,4041.243303831696,1406.2542627358057,1406.2542627358057,-11.46239542039094,467.33682472838296,Inajá
4110300,0.0,2023,2813.0931506849315,1674.4527422579424,-1138.640408426989,1138.640408426989,-11.46239542039094,467.33682472838296,Inajá
4110300,0.0,2024,2040.0,2711.305536638905,671.3055366389049,671.3055366389049,-11.46239542039094,467.33682472838296,Inajá
4110409,0.0,2015,2500.0,1207.579037572479,-1292.420962427521,1292.420962427521,-3.945113235889476,-117.1230714134866,Indianópolis
4110409,0.0,2016,2902.185792349727,1376.0271085165998,-1526.158683833127,1526.158683833127,-3.945113235889476,-117.1230714134866,Indianópolis
4110409,0.0,2017,3300.0,2976.7901653040344,-323.2098346959656,323.2098346959656,-3.945113235889476,-117.1230714134866,Indianópolis
4110409,0.0,2018,2543.8356164383563,3333.598634422436,789.7630179840799,789.7630179840799,-3.945113235889476,-117.1230714134866,Indianópolis
4110409,0.0,2019,2404.931506849315,2998.995032376436,594.0635255271204,594.0635255271204,-3.945113235889476,-117.1230714134866,Indianópolis
4110409,0.0,2020,2798.907103825137,3150.4675477686483,351.5604439435115,351.5604439435115,-3.945113235889476,-117.1230714134866,Indianópolis
4110409,0.0,2021,1793.4246575342463,1247.169803700593,-546.2548538336534,546.2548538336534,-3.945113235889476,-117.1230714134866,Indianópolis
4110409,0.0,2022,1789.9397260273972,3800.6833637927866,2010.7436377653892,2010.7436377653892,-3.945113235889476,-117.1230714134866,Indianópolis
4110409,0.0,2023,2281.1698630136984,2092.075528780796,-189.0943342329024,189.0943342329024,-3.945113235889476,-117.1230714134866,Indianópolis
4110409,0.0,2024,2000.0,959.777329668202,-1040.222670331798,1040.222670331798,-3.945113235889476,-117.1230714134866,Indianópolis
4110805,0.0,2015,2393.0,0.0,-2393.0,2393.0,-67.13406002680506,-3147.1980387753574,Iretama
4110805,0.0,2016,2798.7049180327867,0.0,-2798.7049180327867,2798.7049180327867,-67.13406002680506,-3147.1980387753574,Iretama
4110805,0.0,2017,3275.6164383561645,0.0,-3275.6164383561645,3275.6164383561645,-67.13406002680506,-3147.1980387753574,Iretama
4110805,0.0,2018,3476.027397260274,0.0,-3476.027397260274,3476.027397260274,-67.13406002680506,-3147.1980387753574,Iretama
4110805,0.0,2019,3650.4109589041095,0.0,-3650.4109589041095,3650.4109589041095,-67.13406002680506,-3147.1980387753574,Iretama
4110805,0.0,2020,3599.4535519125684,0.0,-3599.4535519125684,3599.4535519125684,-67.13406002680506,-3147.1980387753574,Iretama
4110805,0.0,2021,2859.780821917808,0.0,-2859.780821917808,2859.780821917808,-67.13406002680506,-3147.1980387753574,Iretama
4110805,0.0,2022,2870.219178082192,0.0,-2870.219178082192,2870.219178082192,-67.13406002680506,-3147.1980387753574,Iretama
4110805,0.0,2023,3348.7671232876714,0.0,-3348.7671232876714,3348.7671232876714,-67.13406002680506,-3147.1980387753574,Iretama
4110805,0.0,2024,3200.0,0.0,-3200.0,3200.0,-67.13406002680506,-3147.1980387753574,Iretama
4110904,0.0,2015,3000.0,2230.5799988238523,-769.4200011761477,769.4200011761477,-1.5322440035924707,78.19687888657847,Itaguajé
4110904,0.0,2016,3125.1803278688526,2776.127575191128,-349.05275267772504,349.05275267772504,-1.5322440035924707,78.19687888657847,Itaguajé
4110904,0.0,2017,3274.709589041096,3172.5901123009467,-102.11947674014937,102.11947674014937,-1.5322440035924707,78.19687888657847,Itaguajé
4110904,0.0,2018,2443.013698630137,3374.031012864351,931.0173142342142,931.0173142342142,-1.5322440035924707,78.19687888657847,Itaguajé
4110904,0.0,2019,2167.627397260274,2071.9883585342723,-95.63903872600169,95.63903872600169,-1.5322440035924707,78.19687888657847,Itaguajé
4110904,0.0,2020,2914.021857923497,2575.051943889508,-338.9699140339899,338.9699140339899,-1.5322440035924707,78.19687888657847,Itaguajé
4110904,0.0,2021,2142.1917808219177,3035.3868386417494,893.1950578198316,893.1950578198316,-1.5322440035924707,78.19687888657847,Itaguajé
4110904,0.0,2022,2469.8520547945204,3767.55498398766,1297.7029291931394,1297.7029291931394,-1.5322440035924707,78.19687888657847,Itaguajé
4110904,0.0,2023,2726.408219178082,1658.0679448133858,-1068.3402743646964,1068.3402743646964,-1.5322440035924707,78.19687888657847,Itaguajé
4110904,0.0,2024,1750.0,2133.5949453373096,383.5949453373096,383.5949453373096,-1.5322440035924707,78.19687888657847,Itaguajé
4111001,0.0,2015,3209.0,987.6693257425508,-2221.330674257449,2221.330674257449,-9.369785086577409,-1104.6886351414555,Itambaracá
4111001,0.0,2016,3149.6775956284155,2478.274280856536,-671.4033147718801,671.4033147718801,-9.369785086577409,-1104.6886351414555,Itambaracá
4111001,0.0,2017,3105.619178082192,1906.9644403059008,-1198.654737776291,1198.654737776291,-9.369785086577409,-1104.6886351414555,Itambaracá
4111001,0.0,2018,2938.5205479452056,3147.880424633791,209.35987668858525,209.35987668858525,-9.369785086577409,-1104.6886351414555,Itambaracá
4111001,0.0,2019,3001.972602739726,1196.4133763481896,-1805.5592263915364,1805.5592263915364,-9.369785086577409,-1104.6886351414555,Itambaracá
4111001,0.0,2020,3240.0,3349.8768531565734,109.87685315657336,109.87685315657336,-9.369785086577409,-1104.6886351414555,Itambaracá
4111001,0.0,2021,2401.6657534246574,1171.798798145939,-1229.8669552787185,1229.8669552787185,-9.369785086577409,-1104.6886351414555,Itambaracá
4111001,0.0,2022,2654.282191780822,1285.0228714062964,-1369.2593203745255,1369.2593203745255,-9.369785086577409,-1104.6886351414555,Itambaracá
4111001,0.0,2023,2763.753424657534,816.9415471132579,-1946.8118775442765,1946.8118775442765,-9.369785086577409,-1104.6886351414555,Itambaracá
4111001,0.0,2024,1829.0,905.763025134962,-923.236974865038,923.236974865038,-9.369785086577409,-1104.6886351414555,Itambaracá
4111100,0.0,2015,3000.0,3230.193146511456,230.19314651145575,230.19314651145575,-1.4464420424644158,257.659624240148,Itambé
4111100,0.0,2016,3502.7322404371585,4008.430205997227,505.6979655600685,505.6979655600685,-1.4464420424644158,257.659624240148,Itambé
4111100,0.0,2017,3823.561643835617,4099.286365627555,275.72472179193846,275.72472179193846,-1.4464420424644158,257.659624240148,Itambé
4111100,0.0,2018,3109.594520547945,3905.734799666645,796.1402791186993,796.1402791186993,-1.4464420424644158,257.659624240148,Itambé
4111100,0.0,2019,3194.0219178082198,2400.689495453877,-793.3324223543418,793.3324223543418,-1.4464420424644158,257.659624240148,Itambé
4111100,0.0,2020,3397.814207650273,3115.537430929961,-282.2767767203122,282.2767767203122,-1.4464420424644158,257.659624240148,Itambé
4111100,0.0,2021,1911.123287671233,2850.289187112431,939.1658994411982,939.1658994411982,-1.4464420424644158,257.659624240148,Itambé
4111100,0.0,2022,2478.356164383561,4338.5897446436775,1860.233580260116,1860.233580260116,-1.4464420424644158,257.659624240148,Itambé
4111100,0.0,2023,3215.3698630136987,2045.8990889772565,-1169.4707740364422,1169.4707740364422,-1.4464420424644158,257.659624240148,Itambé
4111100,0.0,2024,2355.0,2569.5206228291,214.52062282909992,214.52062282909992,-1.4464420424644158,257.659624240148,Itambé
4111308,0.0,2015,3200.0,2230.0545788851864,-969.9454211148136,969.9454211148136,-2.037976456055837,-368.0310187662319,Itaúna do Sul
4111308,0.0,2016,2922.4918032786886,2110.7155431795472,-811.7762600991414,811.7762600991414,-2.037976456055837,-368.0310187662319,Itaúna do Sul
4111308,0.0,2017,2648.0,2781.6967569377257,133.6967569377257,133.6967569377257,-2.037976456055837,-368.0310187662319,Itaúna do Sul
4111308,0.0,2018,1817.227397260274,3097.686345545255,1280.4589482849808,1280.4589482849808,-2.037976456055837,-368.0310187662319,Itaúna do Sul
4111308,0.0,2019,2008.219178082192,1990.035849650568,-18.183328431624204,18.183328431624204,-2.037976456055837,-368.0310187662319,Itaúna do Sul
4111308,0.0,2020,3360.96174863388,1694.6062692718992,-1666.3554793619803,1666.3554793619803,-2.037976456055837,-368.0310187662319,Itaúna do Sul
4111308,0.0,2021,2145.682191780822,2566.989364487474,421.3071727066522,421.3071727066522,-2.037976456055837,-368.0310187662319,Itaúna do Sul
4111308,0.0,2022,1709.0493150684931,1917.136459374056,208.0871443055628,208.0871443055628,-2.037976456055837,-368.0310187662319,Itaúna do Sul
4111308,0.0,2023,2650.2712328767125,1674.7937434661928,-975.4774894105196,975.4774894105196,-2.037976456055837,-368.0310187662319,Itaúna do Sul
4111308,0.0,2024,2502.0,1219.8777685208393,-1282.1222314791607,1282.1222314791607,-2.037976456055837,-368.0310187662319,Itaúna do Sul
4111506,0.0,2015,2600.0,2348.451523772382,-251.5484762276178,251.5484762276178,-0.4390485175867455,139.98559146020958,Ivaiporã
4111506,0.0,2016,3052.4590163934427,2592.145058956418,-460.3139574370248,460.3139574370248,-0.4390485175867455,139.98559146020958,Ivaiporã
4111506,0.0,2017,3500.0,3641.773071213952,141.77307121395145,141.77307121395145,-0.4390485175867455,139.98559146020958,Ivaiporã
4111506,0.0,2018,3235.3424657534247,3727.6376584354593,492.29519268203467,492.29519268203467,-0.4390485175867455,139.98559146020958,Ivaiporã
4111506,0.0,2019,3622.780821917808,3337.1469209261527,-285.63390099165554,285.63390099165554,-0.4390485175867455,139.98559146020958,Ivaiporã
4111506,0.0,2020,3749.224043715847,3581.135910974708,-168.08813274113936,168.08813274113936,-0.4390485175867455,139.98559146020958,Ivaiporã
4111506,0.0,2021,2483.2986301369865,2588.923757774044,105.62512763705764,105.62512763705764,-0.4390485175867455,139.98559146020958,Ivaiporã
4111506,0.0,2022,2600.0520547945207,3813.483153587421,1213.4310987929002,1213.4310987929002,-0.4390485175867455,139.98559146020958,Ivaiporã
4111506,0.0,2023,3211.043835616438,3869.379233179576,658.3353975631376,658.3353975631376,-0.4390485175867455,139.98559146020958,Ivaiporã
4111506,0.0,2024,2975.0,2928.980494110452,-46.01950588954833,46.01950588954833,-0.4390485175867455,139.98559146020958,Ivaiporã
4111555,0.0,2015,3099.0,0.0,-3099.0,3099.0,-27.861511775283244,-2549.394495096939,Ivaté
4111555,0.0,2016,2848.136612021858,0.0,-2848.136612021858,2848.136612021858,-27.861511775283244,-2549.394495096939,Ivaté
4111555,0.0,2017,2902.4657534246576,0.0,-2902.4657534246576,2902.4657534246576,-27.861511775283244,-2549.394495096939,Ivaté
4111555,0.0,2018,2645.4794520547944,0.0,-2645.4794520547944,2645.4794520547944,-27.861511775283244,-2549.394495096939,Ivaté
4111555,0.0,2019,2654.0164383561646,0.0,-2654.0164383561646,2654.0164383561646,-27.861511775283244,-2549.394495096939,Ivaté
4111555,0.0,2020,3098.956284153005,0.0,-3098.956284153005,3098.956284153005,-27.861511775283244,-2549.394495096939,Ivaté
4111555,0.0,2021,1689.3150684931506,0.0,-1689.3150684931506,1689.3150684931506,-27.861511775283244,-2549.394495096939,Ivaté
4111555,0.0,2022,1887.123287671233,0.0,-1887.123287671233,1887.123287671233,-27.861511775283244,-2549.394495096939,Ivaté
4111555,0.0,2023,2669.4520547945203,0.0,-2669.4520547945203,2669.4520547945203,-27.861511775283244,-2549.394495096939,Ivaté
4111555,0.0,2024,2000.0,0.0,-2000.0,2000.0,-27.861511775283244,-2549.394495096939,Ivaté
4111605,0.0,2015,3698.0,3242.552825945566,-455.4471740544341,455.4471740544341,-0.9651175113929668,-12.317126228530515,Ivatuba
4111605,0.0,2016,3724.142076502733,3868.997280602317,144.85520409958417,144.85520409958417,-0.9651175113929668,-12.317126228530515,Ivatuba
4111605,0.0,2017,3760.082191780822,3320.757583205001,-439.324608575821,439.324608575821,-0.9651175113929668,-12.317126228530515,Ivatuba
4111605,0.0,2018,3306.219178082192,3516.2405572105645,210.0213791283727,210.0213791283727,-0.9651175113929668,-12.317126228530515,Ivatuba
4111605,0.0,2019,3303.698630136986,2983.139752493928,-320.55887764305817,320.55887764305817,-0.9651175113929668,-12.317126228530515,Ivatuba
4111605,0.0,2020,3523.7704918032787,2888.933921885876,-634.8365699174028,634.8365699174028,-0.9651175113929668,-12.317126228530515,Ivatuba
4111605,0.0,2021,2090.1369863013697,3412.547186701218,1322.4102003998482,1322.4102003998482,-0.9651175113929668,-12.317126228530515,Ivatuba
4111605,0.0,2022,2626.575342465753,3838.509261985416,1211.933919519663,1211.933919519663,-0.9651175113929668,-12.317126228530515,Ivatuba
4111605,0.0,2023,3780.561643835617,2678.973157043798,-1101.5884867918185,1101.5884867918185,-0.9651175113929668,-12.317126228530515,Ivatuba
4111605,0.0,2024,3245.0,3184.363751549761,-60.63624845023878,60.63624845023878,-0.9651175113929668,-12.317126228530515,Ivatuba
4111704,0.0,2015,3000.0,0.0,-3000.0,3000.0,-250.40724763127065,-2805.86696179761,Jaboti
4111704,0.0,2016,3201.092896174863,0.0,-3201.092896174863,3201.092896174863,-250.40724763127065,-2805.86696179761,Jaboti
4111704,0.0,2017,3400.0,3247.033396540844,-152.96660345915643,152.96660345915643,-250.40724763127065,-2805.86696179761,Jaboti
4111704,0.0,2018,3435.2876712328766,0.0,-3435.2876712328766,3435.2876712328766,-250.40724763127065,-2805.86696179761,Jaboti
4111704,0.0,2019,3459.917808219178,0.0,-3459.917808219178,3459.917808219178,-250.40724763127065,-2805.86696179761,Jaboti
4111704,0.0,2020,3585.7377049180327,0.0,-3585.7377049180327,3585.7377049180327,-250.40724763127065,-2805.86696179761,Jaboti
4111704,0.0,2021,3720.0,0.0,-3720.0,3720.0,-250.40724763127065,-2805.86696179761,Jaboti
4111704,0.0,2022,3593.972602739726,0.0,-3593.972602739726,3593.972602739726,-250.40724763127065,-2805.86696179761,Jaboti
4111704,0.0,2023,3470.0,0.0,-3470.0,3470.0,-250.40724763127065,-2805.86696179761,Jaboti
4111704,0.0,2024,3470.0,3030.305668767736,-439.6943312322642,439.6943312322642,-250.40724763127065,-2805.86696179761,Jaboti
4111803,0.0,2015,2960.0,3997.022255519495,1037.0222555194946,1037.0222555194946,-10.391232188257542,38.419086989008974,Jacarezinho
4111803,0.0,2016,3267.169398907104,2110.274016548148,-1156.895382358956,1156.895382358956,-10.391232188257542,38.419086989008974,Jacarezinho
4111803,0.0,2017,4493.016438356164,5636.673701952874,1143.6572635967095,1143.6572635967095,-10.391232188257542,38.419086989008974,Jacarezinho
4111803,0.0,2018,4290.958904109589,5366.984519473358,1076.0256153637692,1076.0256153637692,-10.391232188257542,38.419086989008974,Jacarezinho
4111803,0.0,2019,3326.027397260274,1668.6951777631295,-1657.3322194971445,1657.3322194971445,-10.391232188257542,38.419086989008974,Jacarezinho
4111803,0.0,2020,3701.36612021858,1959.155305985902,-1742.2108142326774,1742.2108142326774,-10.391232188257542,38.419086989008974,Jacarezinho
4111803,0.0,2021,3950.0,1748.8575874499368,-2201.1424125500635,2201.1424125500635,-10.391232188257542,38.419086989008974,Jacarezinho
4111803,0.0,2022,3813.890410958904,6009.143648412904,2195.253237454,2195.253237454,-10.391232188257542,38.419086989008974,Jacarezinho
4111803,0.0,2023,3680.0,4214.978806377903,534.9788063779033,534.9788063779033,-10.391232188257542,38.419086989008974,Jacarezinho
4111803,0.0,2024,3680.0,4834.834520217055,1154.834520217055,1154.834520217055,-10.391232188257542,38.419086989008974,Jacarezinho
4111902,0.0,2015,2460.0,2283.269160742908,-176.73083925709216,176.73083925709216,-26.636358992556424,204.2206309015353,Jaguapitã
4111902,0.0,2016,2932.568306010929,2021.539432353626,-911.0288736573032,911.0288736573032,-26.636358992556424,204.2206309015353,Jaguapitã
4111902,0.0,2017,3374.794520547945,5714.16321536967,2339.368694821725,2339.368694821725,-26.636358992556424,204.2206309015353,Jaguapitã
4111902,0.0,2018,2921.5068493150684,2235.63436257148,-685.8724867435885,685.8724867435885,-26.636358992556424,204.2206309015353,Jaguapitã
4111902,0.0,2019,2852.876712328767,2627.616531769713,-225.26018055905388,225.26018055905388,-26.636358992556424,204.2206309015353,Jaguapitã
4111902,0.0,2020,3099.4535519125684,6383.692155187313,3284.2386032747445,3284.2386032747445,-26.636358992556424,204.2206309015353,Jaguapitã
4111902,0.0,2021,2546.301369863014,2464.8632966090245,-81.43807325398939,81.43807325398939,-26.636358992556424,204.2206309015353,Jaguapitã
4111902,0.0,2022,2982.1917808219177,3873.018830714168,890.8270498922507,890.8270498922507,-26.636358992556424,204.2206309015353,Jaguapitã
4111902,0.0,2023,3219.8630136986303,1554.921792185529,-1664.9412215131013,1664.9412215131013,-26.636358992556424,204.2206309015353,Jaguapitã
4111902,0.0,2024,2600.0,1873.0436360107608,-726.9563639892388,726.9563639892388,-26.636358992556424,204.2206309015353,Jaguapitã
4112108,0.0,2015,2353.0,4962.6187268729045,2609.6187268729045,2609.6187268729045,-215.1614350999804,4290.376829486353,Jandaia do Sul
4112108,0.0,2016,3005.0437158469945,2274.903854106047,-730.1398617409473,730.1398617409473,-215.1614350999804,4290.376829486353,Jandaia do Sul
4112108,0.0,2017,3423.150684931507,9802.32720088322,6379.176515951713,6379.176515951713,-215.1614350999804,4290.376829486353,Jandaia do Sul
4112108,0.0,2018,3149.5890410958905,8132.345931904151,4982.756890808261,4982.756890808261,-215.1614350999804,4290.376829486353,Jandaia do Sul
4112108,0.0,2019,3352.054794520548,10012.596483065792,6660.541688545244,6660.541688545244,-215.1614350999804,4290.376829486353,Jandaia do Sul
4112108,0.0,2020,3499.4535519125684,8922.396213113285,5422.942661200716,5422.942661200716,-215.1614350999804,4290.376829486353,Jandaia do Sul
4112108,0.0,2021,2870.6849315068494,8938.773292006876,6068.088360500026,6068.088360500026,-215.1614350999804,4290.376829486353,Jandaia do Sul
4112108,0.0,2022,2879.31506849315,7876.977412508083,4997.662344014932,4997.662344014932,-215.1614350999804,4290.376829486353,Jandaia do Sul
4112108,0.0,2023,3400.0,3289.8162672345898,-110.18373276541024,110.18373276541024,-215.1614350999804,4290.376829486353,Jandaia do Sul
4112108,0.0,2024,3400.0,10023.3047014761,6623.3047014761,6623.3047014761,-215.1614350999804,4290.376829486353,Jandaia do Sul
4112207,0.0,2015,3101.0,2894.868035636544,-206.1319643634561,206.1319643634561,-2.421078975901049,-165.32655396105935,Janiópolis
4112207,0.0,2016,3286.5081967213114,3062.746452506028,-223.7617442152832,223.7617442152832,-2.421078975901049,-165.32655396105935,Janiópolis
4112207,0.0,2017,3530.493150684932,3862.07730184482,331.58415115988873,331.58415115988873,-2.421078975901049,-165.32655396105935,Janiópolis
4112207,0.0,2018,3216.958904109589,2448.016881547332,-768.9420225622571,768.9420225622571,-2.421078975901049,-165.32655396105935,Janiópolis
4112207,0.0,2019,3318.821917808219,2339.6890908038267,-979.1328270043924,979.1328270043924,-2.421078975901049,-165.32655396105935,Janiópolis
4112207,0.0,2020,3639.234972677596,2964.7766348469136,-674.458337830682,674.458337830682,-2.421078975901049,-165.32655396105935,Janiópolis
4112207,0.0,2021,2390.958904109589,3166.526694655872,775.5677905462821,775.5677905462821,-2.421078975901049,-165.32655396105935,Janiópolis
4112207,0.0,2022,2711.5068493150684,3741.6201762759856,1030.1133269609172,1030.1133269609172,-2.421078975901049,-165.32655396105935,Janiópolis
4112207,0.0,2023,3409.3698630136987,2373.742495303029,-1035.6273677106692,1035.6273677106692,-2.421078975901049,-165.32655396105935,Janiópolis
4112207,0.0,2024,2730.0,2827.5234554090584,97.52345540905844,97.52345540905844,-2.421078975901049,-165.32655396105935,Janiópolis
4112306,0.0,2015,3000.0,3456.7861026143923,456.7861026143924,456.7861026143924,-5.199682150380828,-103.4169547402897,Japira
4112306,0.0,2016,3236.2841530054643,3654.742889183871,418.4587361784065,418.4587361784065,-5.199682150380828,-103.4169547402897,Japira
4112306,0.0,2017,3470.0,2950.883897510525,-519.1161024894745,519.1161024894745,-5.199682150380828,-103.4169547402897,Japira
4112306,0.0,2018,3470.0,3634.1979796630335,164.1979796630344,164.1979796630344,-5.199682150380828,-103.4169547402897,Japira
4112306,0.0,2019,3384.301369863014,3168.5693503647394,-215.73201949827444,215.73201949827444,-5.199682150380828,-103.4169547402897,Japira
4112306,0.0,2020,3249.726775956284,3593.2906542910087,343.56387833472445,343.56387833472445,-5.199682150380828,-103.4169547402897,Japira
4112306,0.0,2021,3462.1369863013697,2980.5970443925,-481.5399419088699,481.5399419088699,-5.199682150380828,-103.4169547402897,Japira
4112306,0.0,2022,3593.972602739726,3351.755237194034,-242.2173655456918,242.2173655456918,-5.199682150380828,-103.4169547402897,Japira
4112306,0.0,2023,3470.0,3164.457267088553,-305.5427329114468,305.5427329114468,-5.199682150380828,-103.4169547402897,Japira
4112306,0.0,2024,3470.0,2816.9719181603027,-653.0280818396973,653.0280818396973,-5.199682150380828,-103.4169547402897,Japira
4112405,0.0,2015,2800.0,1534.1065191503196,-1265.8934808496804,1265.8934808496804,-6.067360806549974,-268.4915742649912,Japurá
4112405,0.0,2016,3151.912568306011,1636.1784218677192,-1515.734146438292,1515.734146438292,-6.067360806549974,-268.4915742649912,Japurá
4112405,0.0,2017,3348.7671232876714,3412.109875150196,63.34275186252444,63.34275186252444,-6.067360806549974,-268.4915742649912,Japurá
4112405,0.0,2018,2595.068493150685,1872.591707833536,-722.476785317149,722.476785317149,-6.067360806549974,-268.4915742649912,Japurá
4112405,0.0,2019,2756.164383561644,3553.306515614332,797.1421320526883,797.1421320526883,-6.067360806549974,-268.4915742649912,Japurá
4112405,0.0,2020,3047.5409836065573,1730.486717176798,-1317.0542664297593,1317.0542664297593,-6.067360806549974,-268.4915742649912,Japurá
4112405,0.0,2021,1793.4246575342463,4761.40958271769,2967.984925183443,2967.984925183443,-6.067360806549974,-268.4915742649912,Japurá
4112405,0.0,2022,1806.5753424657532,1829.7589003425437,23.18355787679002,23.18355787679002,-6.067360806549974,-268.4915742649912,Japurá
4112405,0.0,2023,2539.002739726028,1596.2521021634511,-942.7506375625762,942.7506375625762,-6.067360806549974,-268.4915742649912,Japurá
4112405,0.0,2024,2479.0,1706.3402069720998,-772.6597930279002,772.6597930279002,-6.067360806549974,-268.4915742649912,Japurá
4112504,0.0,2015,2600.0,2642.1178655688445,42.117865568844536,42.117865568844536,-13.158235716802125,645.3181169977934,Jardim Alegre
4112504,0.0,2016,3052.4590163934427,5949.470041271197,2897.0110248777546,2897.0110248777546,-13.158235716802125,645.3181169977934,Jardim Alegre
4112504,0.0,2017,3500.0,3009.329248343428,-490.67075165657207,490.67075165657207,-13.158235716802125,645.3181169977934,Jardim Alegre
4112504,0.0,2018,3500.0,8384.11809283666,4884.118092836659,4884.118092836659,-13.158235716802125,645.3181169977934,Jardim Alegre
4112504,0.0,2019,3883.123287671233,3148.9816712719576,-734.1416163992753,734.1416163992753,-13.158235716802125,645.3181169977934,Jardim Alegre
4112504,0.0,2020,3749.224043715847,2862.374315499085,-886.8497282167623,886.8497282167623,-13.158235716802125,645.3181169977934,Jardim Alegre
4112504,0.0,2021,2483.2986301369865,3047.591066633988,564.2924364970017,564.2924364970017,-13.158235716802125,645.3181169977934,Jardim Alegre
4112504,0.0,2022,2452.8520547945204,2698.6707029821573,245.81864818763688,245.81864818763688,-13.158235716802125,645.3181169977934,Jardim Alegre
4112504,0.0,2023,3066.2438356164384,2959.703326740969,-106.54050887546964,106.54050887546964,-13.158235716802125,645.3181169977934,Jardim Alegre
4112504,0.0,2024,2975.0,3013.0257071581154,38.02570715811544,38.02570715811544,-13.158235716802125,645.3181169977934,Jardim Alegre
4112603,0.0,2015,2994.0,2375.056543178678,-618.9434568213219,618.9434568213219,-1.9267056836835643,218.24761037134977,Jardim Olinda
4112603,0.0,2016,3198.1092896174864,3999.952949394844,801.8436597773575,801.8436597773575,-1.9267056836835643,218.24761037134977,Jardim Olinda
4112603,0.0,2017,3435.2876712328766,3834.3080827183744,399.0204114854978,399.0204114854978,-1.9267056836835643,218.24761037134977,Jardim Olinda
4112603,0.0,2018,2628.1369863013697,3725.522779763284,1097.385793461914,1097.385793461914,-1.9267056836835643,218.24761037134977,Jardim Olinda
4112603,0.0,2019,2445.764383561644,1598.228620129518,-847.5357634321256,847.5357634321256,-1.9267056836835643,218.24761037134977,Jardim Olinda
4112603,0.0,2020,3140.8251366120217,2405.111818167921,-735.7133184441004,735.7133184441004,-1.9267056836835643,218.24761037134977,Jardim Olinda
4112603,0.0,2021,1924.6027397260275,2884.707897092783,960.1051573667552,960.1051573667552,-1.9267056836835643,218.24761037134977,Jardim Olinda
4112603,0.0,2022,2307.3479452054794,3754.8791953427,1447.531250137221,1447.531250137221,-1.9267056836835643,218.24761037134977,Jardim Olinda
4112603,0.0,2023,2759.5561643835617,1558.701649181545,-1200.8545152020167,1200.8545152020167,-1.9267056836835643,218.24761037134977,Jardim Olinda
4112603,0.0,2024,1620.0,2499.636885384317,879.6368853843169,879.6368853843169,-1.9267056836835643,218.24761037134977,Jardim Olinda
4112702,0.0,2015,2940.0,3502.09235807638,562.0923580763797,562.0923580763797,-1.1834925477430396,417.1339099262606,Jataizinho
4112702,0.0,2016,3122.9945355191257,3273.1837916920995,150.18925617297373,150.18925617297373,-1.1834925477430396,417.1339099262606,Jataizinho
4112702,0.0,2017,3211.2438356164384,3931.7960524025375,720.552216786099,720.552216786099,-1.1834925477430396,417.1339099262606,Jataizinho
4112702,0.0,2018,2921.884931506849,3620.795458993579,698.9105274867297,698.9105274867297,-1.1834925477430396,417.1339099262606,Jataizinho
4112702,0.0,2019,3046.1013698630136,2609.1548631102246,-436.946506752789,436.946506752789,-1.1834925477430396,417.1339099262606,Jataizinho
4112702,0.0,2020,3354.9726775956283,3458.7166428927057,103.74396529707748,103.74396529707748,-1.1834925477430396,417.1339099262606,Jataizinho
4112702,0.0,2021,3235.567123287671,3977.171710831742,741.6045875440709,741.6045875440709,-1.1834925477430396,417.1339099262606,Jataizinho
4112702,0.0,2022,3123.0,3595.36541778276,472.3654177827593,472.3654177827593,-1.1834925477430396,417.1339099262606,Jataizinho
4112702,0.0,2023,2556.884931506849,2859.188739433101,302.3038079262519,302.3038079262519,-1.1834925477430396,417.1339099262606,Jataizinho
4112702,0.0,2024,2000.0,2856.5234689430536,856.5234689430536,856.5234689430536,-1.1834925477430396,417.1339099262606,Jataizinho
4112801,0.0,2015,2603.0,3053.802608199396,450.80260819939576,450.80260819939576,-0.7248911029067584,169.4005830200544,Joaquim Távora
4112801,0.0,2016,3053.9508196721317,3853.0895369420105,799.1387172698792,799.1387172698792,-0.7248911029067584,169.4005830200544,Joaquim Távora
4112801,0.0,2017,3348.7671232876714,3719.7778551728784,371.01073188520695,371.01073188520695,-0.7248911029067584,169.4005830200544,Joaquim Távora
4112801,0.0,2018,3399.627397260274,4069.002231542287,669.3748342820131,669.3748342820131,-0.7248911029067584,169.4005830200544,Joaquim Távora
4112801,0.0,2019,3396.372602739726,3534.49679948142,138.12419674169405,138.12419674169405,-0.7248911029067584,169.4005830200544,Joaquim Távora
4112801,0.0,2020,3501.6393442622957,3344.1110022099565,-157.52834205233876,157.52834205233876,-0.7248911029067584,169.4005830200544,Joaquim Távora
4112801,0.0,2021,3800.0,3150.429677735934,-649.5703222640659,649.5703222640659,-0.7248911029067584,169.4005830200544,Joaquim Távora
4112801,0.0,2022,3724.383561643836,3535.3884571001754,-188.9951045436601,188.9951045436601,-0.7248911029067584,169.4005830200544,Joaquim Távora
4112801,0.0,2023,3650.0,3906.384232041223,256.3842320412232,256.3842320412232,-0.7248911029067584,169.4005830200544,Joaquim Távora
4112801,0.0,2024,3650.0,3655.2642786411966,5.264278641196597,5.264278641196597,-0.7248911029067584,169.4005830200544,Joaquim Távora
4112900,0.0,2015,2603.0,2647.938629603589,44.93862960358911,44.93862960358911,-2.027211877475253,-639.2196475777286,Jundiaí do Sul
4112900,0.0,2016,3204.7704918032787,2390.463159017815,-814.3073327854636,814.3073327854636,-2.027211877475253,-639.2196475777286,Jundiaí do Sul
4112900,0.0,2017,3144.657534246576,2835.5133374967804,-309.1441967497949,309.1441967497949,-2.027211877475253,-639.2196475777286,Jundiaí do Sul
4112900,0.0,2018,2726.849315068493,2893.635665683494,166.78635061500108,166.78635061500108,-2.027211877475253,-639.2196475777286,Jundiaí do Sul
4112900,0.0,2019,3217.178082191781,2504.2325372013306,-712.9455449904503,712.9455449904503,-2.027211877475253,-639.2196475777286,Jundiaí do Sul
4112900,0.0,2020,3666.010928961749,2996.0541760354126,-669.9567529263359,669.9567529263359,-2.027211877475253,-639.2196475777286,Jundiaí do Sul
4112900,0.0,2021,3850.0,3134.510347220379,-715.4896527796209,715.4896527796209,-2.027211877475253,-639.2196475777286,Jundiaí do Sul
4112900,0.0,2022,3850.0,2550.922351901353,-1299.0776480986465,1299.0776480986465,-2.027211877475253,-639.2196475777286,Jundiaí do Sul
4112900,0.0,2023,3850.0,3168.9089549067653,-681.0910450932347,681.0910450932347,-2.027211877475253,-639.2196475777286,Jundiaí do Sul
4112900,0.0,2024,3850.0,2448.0907174276704,-1401.9092825723296,1401.9092825723296,-2.027211877475253,-639.2196475777286,Jundiaí do Sul
4113007,0.0,2015,2709.0,1055.2026468692222,-1653.7973531307778,1653.7973531307778,-15.552491851050672,-1624.068947600426,Jussara
4113007,0.0,2016,2842.726775956284,1040.973974307443,-1801.752801648841,1801.752801648841,-15.552491851050672,-1624.068947600426,Jussara
4113007,0.0,2017,2975.0,621.967330506808,-2353.032669493192,2353.032669493192,-15.552491851050672,-1624.068947600426,Jussara
4113007,0.0,2018,2483.493150684932,811.9122453295597,-1671.580905355372,1671.580905355372,-15.552491851050672,-1624.068947600426,Jussara
4113007,0.0,2019,2680.54794520548,1218.2738434163691,-1462.2741017891103,1462.2741017891103,-15.552491851050672,-1624.068947600426,Jussara
4113007,0.0,2020,2972.9508196721317,915.9719543968836,-2056.978865275248,2056.978865275248,-15.552491851050672,-1624.068947600426,Jussara
4113007,0.0,2021,1793.4246575342463,1026.3112193900397,-767.1134381442071,767.1134381442071,-15.552491851050672,-1624.068947600426,Jussara
4113007,0.0,2022,1768.7671232876712,873.2043243282869,-895.5627989593843,895.5627989593843,-15.552491851050672,-1624.068947600426,Jussara
4113007,0.0,2023,2638.4246575342468,763.6397246045366,-1874.78493292971,1874.78493292971,-15.552491851050672,-1624.068947600426,Jussara
4113007,0.0,2024,2750.0,1046.1883907215793,-1703.8116092784207,1703.8116092784207,-15.552491851050672,-1624.068947600426,Jussara
4113106,0.0,2015,2340.0,3203.687007341832,863.6870073418318,863.6870073418318,-8.727954768371934,302.6727090109963,Kaloré
4113106,0.0,2016,3025.726775956284,6937.763754703872,3912.036978747588,3912.036978747588,-8.727954768371934,302.6727090109963,Kaloré
4113106,0.0,2017,3560.832876712329,3106.2826469051192,-454.5502298072097,454.5502298072097,-8.727954768371934,302.6727090109963,Kaloré
4113106,0.0,2018,3309.095890410959,2950.5483277694784,-358.54756264148045,358.54756264148045,-8.727954768371934,302.6727090109963,Kaloré
4113106,0.0,2019,3341.150684931507,2435.5158743118723,-905.6348106196348,905.6348106196348,-8.727954768371934,302.6727090109963,Kaloré
4113106,0.0,2020,3339.234972677596,2537.5984387113817,-801.6365339662138,801.6365339662138,-8.727954768371934,302.6727090109963,Kaloré
4113106,0.0,2021,2292.6027397260277,2294.311045279565,1.7083055535376843,1.7083055535376843,-8.727954768371934,302.6727090109963,Kaloré
4113106,0.0,2022,2559.4520547945203,3174.2794381644803,614.82738336996,614.82738336996,-8.727954768371934,302.6727090109963,Kaloré
4113106,0.0,2023,3221.095890410959,3198.037908019624,-23.05798239133492,23.05798239133492,-8.727954768371934,302.6727090109963,Kaloré
4113106,0.0,2024,2750.0,2927.8945345229195,177.89453452291946,177.89453452291946,-8.727954768371934,302.6727090109963,Kaloré
4113403,0.0,2015,2940.0,0.0,-2940.0,2940.0,-51.74255692179498,-2883.3941163260724,Leópolis
4113403,0.0,2016,3211.4754098360654,0.0,-3211.4754098360654,3211.4754098360654,-51.74255692179498,-2883.3941163260724,Leópolis
4113403,0.0,2017,3328.7671232876714,0.0,-3328.7671232876714,3328.7671232876714,-51.74255692179498,-2883.3941163260724,Leópolis
4113403,0.0,2018,3028.7671232876714,0.0,-3028.7671232876714,3028.7671232876714,-51.74255692179498,-2883.3941163260724,Leópolis
4113403,0.0,2019,3061.4794520547944,0.0,-3061.4794520547944,3061.4794520547944,-51.74255692179498,-2883.3941163260724,Leópolis
4113403,0.0,2020,3240.0,0.0,-3240.0,3240.0,-51.74255692179498,-2883.3941163260724,Leópolis
4113403,0.0,2021,2544.328767123288,0.0,-2544.328767123288,2544.328767123288,-51.74255692179498,-2883.3941163260724,Leópolis
4113403,0.0,2022,2794.619178082192,0.0,-2794.619178082192,2794.619178082192,-51.74255692179498,-2883.3941163260724,Leópolis
4113403,0.0,2023,2794.504109589041,0.0,-2794.504109589041,2794.504109589041,-51.74255692179498,-2883.3941163260724,Leópolis
4113403,0.0,2024,1890.0,0.0,-1890.0,1890.0,-51.74255692179498,-2883.3941163260724,Leópolis
4113429,0.0,2015,2600.0,1577.6228355821747,-1022.3771644178252,1022.3771644178252,-6.599329064502295,-824.6143666064021,Lidianópolis
4113429,0.0,2016,3052.4590163934427,2084.815343583988,-967.643672809455,967.643672809455,-6.599329064502295,-824.6143666064021,Lidianópolis
4113429,0.0,2017,3500.0,1654.8859420798487,-1845.1140579201517,1845.1140579201517,-6.599329064502295,-824.6143666064021,Lidianópolis
4113429,0.0,2018,3235.3424657534247,4637.988363327478,1402.645897574053,1402.645897574053,-6.599329064502295,-824.6143666064021,Lidianópolis
4113429,0.0,2019,3723.6027397260273,1951.061718131775,-1772.5410215942522,1772.5410215942522,-6.599329064502295,-824.6143666064021,Lidianópolis
4113429,0.0,2020,3848.677595628416,1879.3837992883427,-1969.2937963400727,1969.2937963400727,-6.599329064502295,-824.6143666064021,Lidianópolis
4113429,0.0,2021,2483.2986301369865,2004.808597916365,-478.4900322206215,478.4900322206215,-6.599329064502295,-824.6143666064021,Lidianópolis
4113429,0.0,2022,2452.8520547945204,1674.6046256781503,-778.2474291163701,778.2474291163701,-6.599329064502295,-824.6143666064021,Lidianópolis
4113429,0.0,2023,2975.0,3506.7539225693777,531.7539225693777,531.7539225693777,-6.599329064502295,-824.6143666064021,Lidianópolis
4113429,0.0,2024,2794.0,1447.163688211297,-1346.836311788703,1346.836311788703,-6.599329064502295,-824.6143666064021,Lidianópolis
4113502,0.0,2015,2703.0,2351.973016886486,-351.0269831135138,351.0269831135138,-5.06069714499236,66.63708917182416,Loanda
4113502,0.0,2016,3032.289617486339,3970.038230636634,937.7486131502952,937.7486131502952,-5.06069714499236,66.63708917182416,Loanda
4113502,0.0,2017,3510.241095890411,3758.510141708952,248.2690458185407,248.2690458185407,-5.06069714499236,66.63708917182416,Loanda
4113502,0.0,2018,2974.410958904109,2669.9552200404187,-304.45573886369084,304.45573886369084,-5.06069714499236,66.63708917182416,Loanda
4113502,0.0,2019,3056.164383561644,1822.5481921937,-1233.616191367944,1233.616191367944,-5.06069714499236,66.63708917182416,Loanda
4113502,0.0,2020,3697.44262295082,2420.7831015489764,-1276.6595214018434,1276.6595214018434,-5.06069714499236,66.63708917182416,Loanda
4113502,0.0,2021,2085.6876712328767,4239.287102130769,2153.5994308978925,2153.5994308978925,-5.06069714499236,66.63708917182416,Loanda
4113502,0.0,2022,1809.86301369863,4765.959769935795,2956.0967562371643,2956.0967562371643,-5.06069714499236,66.63708917182416,Loanda
4113502,0.0,2023,3265.6657534246574,2211.3283098702573,-1054.3374435544,1054.3374435544,-5.06069714499236,66.63708917182416,Loanda
4113502,0.0,2024,3527.0,2117.752923915741,-1409.2470760842589,1409.2470760842589,-5.06069714499236,66.63708917182416,Loanda
4113601,0.0,2015,3250.0,3335.5296886255915,85.52968862559146,85.52968862559146,-3.7752343687248793,148.83591192867777,Lobato
4113601,0.0,2016,3451.092896174863,2659.749951110435,-791.342945064428,791.342945064428,-3.7752343687248793,148.83591192867777,Lobato
4113601,0.0,2017,3670.164383561644,2435.9928471546955,-1234.1715364069482,1234.1715364069482,-3.7752343687248793,148.83591192867777,Lobato
4113601,0.0,2018,3160.6849315068494,2536.4253186763467,-624.2596128305026,624.2596128305026,-3.7752343687248793,148.83591192867777,Lobato
4113601,0.0,2019,3184.4383561643835,2863.598281832496,-320.840074331888,320.840074331888,-3.7752343687248793,148.83591192867777,Lobato
4113601,0.0,2020,3207.2131147540986,3628.163674519743,420.9505597656444,420.9505597656444,-3.7752343687248793,148.83591192867777,Lobato
4113601,0.0,2021,2145.4794520547944,4275.560308315862,2130.080856261068,2130.080856261068,-3.7752343687248793,148.83591192867777,Lobato
4113601,0.0,2022,2860.27397260274,3806.82353589224,946.5495632895004,946.5495632895004,-3.7752343687248793,148.83591192867777,Lobato
4113601,0.0,2023,3277.797260273973,3304.022659010885,26.225398736912663,26.225398736912663,-3.7752343687248793,148.83591192867777,Lobato
4113601,0.0,2024,2469.0,3318.637221241828,849.6372212418278,849.6372212418278,-3.7752343687248793,148.83591192867777,Lobato
4113700,0.0,2015,2250.0,3262.354686616564,1012.354686616564,1012.354686616564,-8.416440925252436,697.3909374568793,Londrina
4113700,0.0,2016,2752.7322404371585,4262.2501215115335,1509.517881074375,1509.517881074375,-8.416440925252436,697.3909374568793,Londrina
4113700,0.0,2017,3174.3835616438355,4505.383685376544,1331.0001237327087,1331.0001237327087,-8.416440925252436,697.3909374568793,Londrina
4113700,0.0,2018,3036.986301369863,4187.336553268847,1150.3502518989835,1150.3502518989835,-8.416440925252436,697.3909374568793,Londrina
4113700,0.0,2019,3239.657534246576,2704.9475721055137,-534.7099621410616,534.7099621410616,-8.416440925252436,697.3909374568793,Londrina
4113700,0.0,2020,3424.590163934426,4754.579887300013,1329.989723365587,1329.989723365587,-8.416440925252436,697.3909374568793,Londrina
4113700,0.0,2021,3346.4712328767123,3119.915446399453,-226.55578647725903,226.55578647725903,-8.416440925252436,697.3909374568793,Londrina
4113700,0.0,2022,3528.008219178082,5911.641817561003,2383.6335983829213,2383.6335983829213,-8.416440925252436,697.3909374568793,Londrina
4113700,0.0,2023,3604.1369863013697,3257.407445836224,-346.7295404651464,346.7295404651464,-8.416440925252436,697.3909374568793,Londrina
4113700,0.0,2024,3500.0,2865.0583985811213,-634.9416014188787,634.9416014188787,-8.416440925252436,697.3909374568793,Londrina
4113734,0.0,2015,2453.0,2027.118571928792,-425.8814280712084,425.8814280712084,-6.065727778085015,-568.5488139421723,Luiziana
4113734,0.0,2016,2964.781420765027,3619.957006093415,655.1755853283876,655.1755853283876,-6.065727778085015,-568.5488139421723,Luiziana
4113734,0.0,2017,3551.1534246575343,3666.2652882606712,115.11186360313695,115.11186360313695,-6.065727778085015,-568.5488139421723,Luiziana
4113734,0.0,2018,3665.2876712328766,3860.354895023655,195.0672237907784,195.0672237907784,-6.065727778085015,-568.5488139421723,Luiziana
4113734,0.0,2019,3851.232876712329,3929.352763742112,78.11988702978306,78.11988702978306,-6.065727778085015,-568.5488139421723,Luiziana
4113734,0.0,2020,3856.218579234973,0.0,-3856.218579234973,3856.218579234973,-6.065727778085015,-568.5488139421723,Luiziana
4113734,0.0,2021,2870.120547945205,3494.2321942868552,624.1116463416497,624.1116463416497,-6.065727778085015,-568.5488139421723,Luiziana
4113734,0.0,2022,3190.378082191781,3565.498606295552,375.120524103771,375.120524103771,-6.065727778085015,-568.5488139421723,Luiziana
4113734,0.0,2023,4310.909589041096,1494.3102597543111,-2816.599329286785,2816.599329286785,-6.065727778085015,-568.5488139421723,Luiziana
4113734,0.0,2024,4300.0,3670.504466973737,-629.4955330262628,629.4955330262628,-6.065727778085015,-568.5488139421723,Luiziana
4113759,0.0,2015,1166.0666666671168,11879.14023211723,10713.073565450111,10713.073565450111,-328.8271048996861,14514.849996569896,Lunardelli
4113759,0.0,2016,1870.955919854717,21967.436433714687,20096.48051385997,20096.48051385997,-328.8271048996861,14514.849996569896,Lunardelli
4113759,0.0,2017,2635.288721461567,21183.699197576894,18548.41047611533,18548.41047611533,-328.8271048996861,14514.849996569896,Lunardelli
4113759,0.0,2018,2541.5560730596844,13580.158061789458,11038.601988729772,11038.601988729772,-328.8271048996861,14514.849996569896,Lunardelli
4113759,0.0,2019,3162.3165753427334,10980.20271614602,7817.886140803288,7817.886140803288,-328.8271048996861,14514.849996569896,Lunardelli
4113759,0.0,2020,3989.428051002033,14218.319840928008,10228.891789925976,10228.891789925976,-328.8271048996861,14514.849996569896,Lunardelli
4113759,0.0,2021,2771.7827853882827,21900.046846377198,19128.264060988917,19128.264060988917,-328.8271048996861,14514.849996569896,Lunardelli
4113759,0.0,2022,2276.0391780822906,23396.664019321757,21120.624841239463,21120.624841239463,-328.8271048996861,14514.849996569896,Lunardelli
4113759,0.0,2023,2004.6161187215037,9334.785461742982,7330.169343021478,7330.169343021478,-328.8271048996861,14514.849996569896,Lunardelli
4113759,0.0,2024,1000.0,20126.09724556464,19126.09724556464,19126.09724556464,-328.8271048996861,14514.849996569896,Lunardelli
4113809,0.0,2015,2196.0000000001164,2363.9515844454686,167.95158444535218,167.95158444535218,-2.5318944041569265,28.652175161116794,Lupionópolis
4113809,0.0,2016,2570.786885246004,1144.7186147718942,-1426.06827047411,1426.06827047411,-2.5318944041569265,28.652175161116794,Lupionópolis
4113809,0.0,2017,2712.382191780909,2839.779568936293,127.39737715538377,127.39737715538377,-2.5318944041569265,28.652175161116794,Lupionópolis
4113809,0.0,2018,1748.731506849388,2296.966299097495,548.2347922481069,548.2347922481069,-2.5318944041569265,28.652175161116794,Lupionópolis
4113809,0.0,2019,1897.38219178088,946.3285016299052,-951.0536901509748,951.0536901509748,-2.5318944041569265,28.652175161116794,Lupionópolis
4113809,0.0,2020,2549.617486338841,3107.223751657857,557.6062653190161,557.6062653190161,-2.5318944041569265,28.652175161116794,Lupionópolis
4113809,0.0,2021,1832.0808219178373,2470.2769096666907,638.1960877488534,638.1960877488534,-2.5318944041569265,28.652175161116794,Lupionópolis
4113809,0.0,2022,2440.8136986301515,3209.59010664631,768.7764080161583,768.7764080161583,-2.5318944041569265,28.652175161116794,Lupionópolis
4113809,0.0,2023,2760.9438356164383,2542.835570865568,-218.1082647508706,218.1082647508706,-2.5318944041569265,28.652175161116794,Lupionópolis
4113809,0.0,2024,2000.0,2073.5894620542526,73.58946205425264,73.58946205425264,-2.5318944041569265,28.652175161116794,Lupionópolis
4114005,0.0,2015,3536.466666666696,8356.78539056758,4820.318723900884,4820.318723900884,-269.9572922245359,4120.592650063157,Mamborê
4114005,0.0,2016,3534.8663023679715,7039.025995277982,3504.15969291001,3504.15969291001,-269.9572922245359,4120.592650063157,Mamborê
4114005,0.0,2017,3545.2895433790204,8509.65222160793,4964.36267822891,4964.36267822891,-269.9572922245359,4120.592650063157,Mamborê
4114005,0.0,2018,3591.791141552532,11386.748336331082,7794.95719477855,7794.95719477855,-269.9572922245359,4120.592650063157,Mamborê
4114005,0.0,2019,3816.881780821936,5746.169312624325,1929.287531802389,1929.287531802389,-269.9572922245359,4120.592650063157,Mamborê
4114005,0.0,2020,3780.422586520961,11507.62714758156,7727.204561060598,7727.204561060598,-269.9572922245359,4120.592650063157,Mamborê
4114005,0.0,2021,2941.4274429223847,6477.953287044006,3536.525844121621,3536.525844121621,-269.9572922245359,4120.592650063157,Mamborê
4114005,0.0,2022,3197.309863013708,6386.507765891953,3189.197902878245,3189.197902878245,-269.9572922245359,4120.592650063157,Mamborê
4114005,0.0,2023,3911.9977625570814,7131.8919413749,3219.8941788178176,3219.8941788178176,-269.9572922245359,4120.592650063157,Mamborê
4114005,0.0,2024,3780.0,4300.018192132546,520.0181921325457,520.0181921325457,-269.9572922245359,4120.592650063157,Mamborê
4114104,0.0,2015,2546.400000000184,3884.377242249558,1337.9772422493745,1337.9772422493745,-7.003909488309981,479.70515815141096,Mandaguaçu
4114104,0.0,2016,2892.2546448089174,3279.2649346589465,387.010289850029,387.010289850029,-7.003909488309981,479.70515815141096,Mandaguaçu
4114104,0.0,2017,3203.0700000001502,3426.4006814279546,223.3306814278044,223.3306814278044,-7.003909488309981,479.70515815141096,Mandaguaçu
4114104,0.0,2018,3226.718630137112,3833.950270659853,607.2316405227416,607.2316405227416,-7.003909488309981,479.70515815141096,Mandaguaçu
4114104,0.0,2019,3238.887808219285,1590.4658578939077,-1648.4219503253778,1648.4219503253778,-7.003909488309981,479.70515815141096,Mandaguaçu
4114104,0.0,2020,2965.912568306094,3608.8511332971207,642.9385649910269,642.9385649910269,-7.003909488309981,479.70515815141096,Mandaguaçu
4114104,0.0,2021,2074.733013698688,4273.971393761201,2199.238380062513,2199.238380062513,-7.003909488309981,479.70515815141096,Mandaguaçu
4114104,0.0,2022,2724.173424657575,2980.116317707877,255.94289305030225,255.94289305030225,-7.003909488309981,479.70515815141096,Mandaguaçu
4114104,0.0,2023,3487.320684931523,3089.992952036718,-397.3277328948043,397.3277328948043,-7.003909488309981,479.70515815141096,Mandaguaçu
4114104,0.0,2024,2980.0,4169.1315725805,1189.1315725804998,1189.1315725804998,-7.003909488309981,479.70515815141096,Mandaguaçu
4114203,0.0,2015,2177.333333333605,2954.577159694772,777.2438263611671,777.2438263611671,-28.61575602301497,1482.801843392851,Mandaguari
4114203,0.0,2016,2750.61566484542,4630.903326043845,1880.2876611984248,1880.2876611984248,-28.61575602301497,1482.801843392851,Mandaguari
4114203,0.0,2017,3262.382648402041,3065.901939363117,-196.48070903892312,196.48070903892312,-28.61575602301497,1482.801843392851,Mandaguari
4114203,0.0,2018,2940.9899543380784,5075.7677500469545,2134.777795708876,2134.777795708876,-28.61575602301497,1482.801843392851,Mandaguari
4114203,0.0,2019,2960.802739726173,5150.412004459938,2189.6092647337646,2189.6092647337646,-28.61575602301497,1482.801843392851,Mandaguari
4114203,0.0,2020,3163.424408014684,5116.661403410326,1953.2369953956425,1953.2369953956425,-28.61575602301497,1482.801843392851,Mandaguari
4114203,0.0,2021,2348.126940639347,5090.208318055227,2742.08137741588,2742.08137741588,-28.61575602301497,1482.801843392851,Mandaguari
4114203,0.0,2022,2723.501369863057,5014.820358105096,2291.318988242039,2291.318988242039,-28.61575602301497,1482.801843392851,Mandaguari
4114203,0.0,2023,3149.451141552521,2099.172343271516,-1050.2787982810055,1050.2787982810055,-28.61575602301497,1482.801843392851,Mandaguari
4114203,0.0,2024,2500.0,4606.222032192645,2106.222032192645,2106.222032192645,-28.61575602301497,1482.801843392851,Mandaguari
4114500,0.0,2015,4176.933333333232,1217.5343846535766,-2959.398948679656,2959.398948679656,-36.09125843796778,-991.0568746580695,Manoel Ribas
4114500,0.0,2016,3410.9621129325174,5051.627906220179,1640.665793287662,1640.665793287662,-36.09125843796778,-991.0568746580695,Manoel Ribas
4114500,0.0,2017,3638.5400456620114,5256.053203121819,1617.5131574598076,1617.5131574598076,-36.09125843796778,-991.0568746580695,Manoel Ribas
4114500,0.0,2018,4338.194611872055,4323.157613436429,-15.036998435626629,15.036998435626629,-36.09125843796778,-991.0568746580695,Manoel Ribas
4114500,0.0,2019,4307.687534246512,1640.5711476533836,-2667.1163865931285,2667.1163865931285,-36.09125843796778,-991.0568746580695,Manoel Ribas
4114500,0.0,2020,4330.02550091071,2462.496020649601,-1867.5294802611093,1867.5294802611093,-36.09125843796778,-991.0568746580695,Manoel Ribas
4114500,0.0,2021,3667.824063926932,1835.2186407149527,-1832.6054232119789,1832.6054232119789,-36.09125843796778,-991.0568746580695,Manoel Ribas
4114500,0.0,2022,3726.056712328756,1957.6957586197288,-1768.3609537090267,1768.3609537090267,-36.09125843796778,-991.0568746580695,Manoel Ribas
4114500,0.0,2023,3950.0701826483887,1196.6941956222706,-2753.3759870261183,2753.3759870261183,-36.09125843796778,-991.0568746580695,Manoel Ribas
4114500,0.0,2024,3680.0,4374.67648058848,694.6764805884804,694.6764805884804,-36.09125843796778,-991.0568746580695,Manoel Ribas
4114807,0.0,2015,2250.000000000261,0.0,-2250.000000000261,2250.000000000261,-59.707749786290286,-2772.5885171047003,Marialva
4114807,0.0,2016,2777.868852459264,0.0,-2777.868852459264,2777.868852459264,-59.707749786290286,-2772.5885171047003,Marialva
4114807,0.0,2017,3148.7671232878893,0.0,-3148.7671232878893,3148.7671232878893,-59.707749786290286,-2772.5885171047003,Marialva
4114807,0.0,2018,2848.767123287845,0.0,-2848.767123287845,2848.767123287845,-59.707749786290286,-2772.5885171047003,Marialva
4114807,0.0,2019,3002.465753424788,0.0,-3002.465753424788,3002.465753424788,-59.707749786290286,-2772.5885171047003,Marialva
4114807,0.0,2020,3124.043715847097,0.0,-3124.043715847097,3124.043715847097,-59.707749786290286,-2772.5885171047003,Marialva
4114807,0.0,2021,2118.2191780822645,0.0,-2118.2191780822645,2118.2191780822645,-59.707749786290286,-2772.5885171047003,Marialva
4114807,0.0,2022,2535.068493150728,0.0,-2535.068493150728,2535.068493150728,-59.707749786290286,-2772.5885171047003,Marialva
4114807,0.0,2023,3220.6849315068634,0.0,-3220.6849315068634,3220.6849315068634,-59.707749786290286,-2772.5885171047003,Marialva
4114807,0.0,2024,2700.0,0.0,-2700.0,2700.0,-59.707749786290286,-2772.5885171047003,Marialva
4114906,0.0,2015,2947.33333333346,3714.349728313171,767.0163949797111,767.0163949797111,-1.1801867187606483,8.782529132966783,Marilândia do Sul
4114906,0.0,2016,3641.2714025502073,2889.912200948977,-751.3592016012303,751.3592016012303,-1.1801867187606483,8.782529132966783,Marilândia do Sul
4114906,0.0,2017,4282.464840182745,4413.579739104781,131.11489892203554,131.11489892203554,-1.1801867187606483,8.782529132966783,Marilândia do Sul
4114906,0.0,2018,4091.97625570784,3304.4347028699394,-787.5415528379003,787.5415528379003,-1.1801867187606483,8.782529132966783,Marilândia do Sul
4114906,0.0,2019,4084.610958904169,4650.90106032662,566.2901014224512,566.2901014224512,-1.1801867187606483,8.782529132966783,Marilândia do Sul
4114906,0.0,2020,4042.877959927179,3699.651221135974,-343.22673879120475,343.22673879120475,-1.1801867187606483,8.782529132966783,Marilândia do Sul
4114906,0.0,2021,3773.387214611892,3745.584130493032,-27.80308411886017,27.80308411886017,-1.1801867187606483,8.782529132966783,Marilândia do Sul
4114906,0.0,2022,3835.775342465768,3446.3546310811457,-389.4207113846224,389.4207113846224,-1.1801867187606483,8.782529132966783,Marilândia do Sul
4114906,0.0,2023,3742.82100456622,4343.149641633665,600.328637067445,600.328637067445,-1.1801867187606483,8.782529132966783,Marilândia do Sul
4114906,0.0,2024,3500.0,3822.426547671843,322.42654767184285,322.42654767184285,-1.1801867187606483,8.782529132966783,Marilândia do Sul
4115002,0.0,2015,1980.0000000001164,1763.2529159270262,-216.74708407309024,216.74708407309024,-4.134507249672872,223.0532821212269,Marilena
4115002,0.0,2016,2176.0655737706084,2235.3496276557385,59.284053885130106,59.284053885130106,-4.134507249672872,223.0532821212269,Marilena
4115002,0.0,2017,2415.369863013801,2457.8591470683627,42.48928405456218,42.48928405456218,-4.134507249672872,223.0532821212269,Marilena
4115002,0.0,2018,2001.26027397269,2545.460665153413,544.200391180723,544.200391180723,-4.134507249672872,223.0532821212269,Marilena
4115002,0.0,2019,2099.479452054867,2075.2526098182243,-24.226842236642824,24.226842236642824,-4.134507249672872,223.0532821212269,Marilena
4115002,0.0,2020,2685.245901639388,2475.83998924052,-209.4059123988677,209.4059123988677,-4.134507249672872,223.0532821212269,Marilena
4115002,0.0,2021,1565.5068493150975,2208.464072370933,642.957223055836,642.957223055836,-4.134507249672872,223.0532821212269,Marilena
4115002,0.0,2022,1675.232876712343,3757.0845632530154,2081.8516865406714,2081.8516865406714,-4.134507249672872,223.0532821212269,Marilena
4115002,0.0,2023,2602.493150684932,1620.752328236951,-981.7408224479808,981.7408224479808,-4.134507249672872,223.0532821212269,Marilena
4115002,0.0,2024,2300.0,2591.8708436519287,291.8708436519287,291.8708436519287,-4.134507249672872,223.0532821212269,Marilena
4115200,0.0,2015,2432.266666666866,2690.9313844353046,258.6647177684385,258.6647177684385,-5.170747704178176,-338.6240596158219,Maringá
4115200,0.0,2016,2857.561384335344,3689.791986009805,832.2306016744615,832.2306016744615,-5.170747704178176,-338.6240596158219,Maringá
4115200,0.0,2017,3250.994611872314,3341.9430682279367,90.94845635562253,90.94845635562253,-5.170747704178176,-338.6240596158219,Maringá
4115200,0.0,2018,3080.0078538814178,2921.5824367115283,-158.42541716988944,158.42541716988944,-5.170747704178176,-338.6240596158219,Maringá
4115200,0.0,2019,3113.5800000001104,0.0,-3113.5800000001104,3113.5800000001104,-5.170747704178176,-338.6240596158219,Maringá
4115200,0.0,2020,3198.6411657560093,3291.3851367123334,92.74397095632412,92.74397095632412,-5.170747704178176,-338.6240596158219,Maringá
4115200,0.0,2021,2001.0256621005244,2357.4447414294696,356.41907932894514,356.41907932894514,-5.170747704178176,-338.6240596158219,Maringá
4115200,0.0,2022,2443.567671232923,1841.893235714032,-601.6744355188916,601.6744355188916,-5.170747704178176,-338.6240596158219,Maringá
4115200,0.0,2023,3493.260365296821,3114.73573645082,-378.5246288460016,378.5246288460016,-5.170747704178176,-338.6240596158219,Maringá
4115200,0.0,2024,3040.0,2274.957059292882,-765.0429407071179,765.0429407071179,-5.170747704178176,-338.6240596158219,Maringá
4115507,0.0,2015,2390.8000000002544,0.0,-2390.8000000002544,2390.8000000002544,-49.26340021490895,-3382.3744274273317,Marumbi
4115507,0.0,2016,3088.919125683299,0.0,-3088.919125683299,3088.919125683299,-49.26340021490895,-3382.3744274273317,Marumbi
4115507,0.0,2017,3824.139315068701,0.0,-3824.139315068701,3824.139315068701,-49.26340021490895,-3382.3744274273317,Marumbi
4115507,0.0,2018,3821.545479452231,0.0,-3821.545479452231,3821.545479452231,-49.26340021490895,-3382.3744274273317,Marumbi
4115507,0.0,2019,3911.6831506850754,0.0,-3911.6831506850754,3911.6831506850754,-49.26340021490895,-3382.3744274273317,Marumbi
4115507,0.0,2020,3989.420765027435,0.0,-3989.420765027435,3989.420765027435,-49.26340021490895,-3382.3744274273317,Marumbi
4115507,0.0,2021,3222.574931506931,0.0,-3222.574931506931,3222.574931506931,-49.26340021490895,-3382.3744274273317,Marumbi
4115507,0.0,2022,3172.3208219178578,0.0,-3172.3208219178578,3172.3208219178578,-49.26340021490895,-3382.3744274273317,Marumbi
4115507,0.0,2023,3402.340684931523,0.0,-3402.340684931523,3402.340684931523,-49.26340021490895,-3382.3744274273317,Marumbi
4115507,0.0,2024,3000.0,0.0,-3000.0,3000.0,-49.26340021490895,-3382.3744274273317,Marumbi
4115739,0.0,2015,2740.5333333335,3235.659734673776,495.1264013402752,495.1264013402752,-35.68710830290018,-981.6713703250716,Mato Rico
4115739,0.0,2016,3164.805828779745,3024.6664923813955,-140.13933639834931,140.13933639834931,-35.68710830290018,-981.6713703250716,Mato Rico
4115739,0.0,2017,3457.397442922492,2170.4586681278747,-1286.9387747946175,1286.9387747946175,-35.68710830290018,-981.6713703250716,Mato Rico
4115739,0.0,2018,2968.3992694064964,3631.370428636298,662.9711592298017,662.9711592298017,-35.68710830290018,-981.6713703250716,Mato Rico
4115739,0.0,2019,3002.4969863014594,0.0,-3002.4969863014594,3002.4969863014594,-35.68710830290018,-981.6713703250716,Mato Rico
4115739,0.0,2020,3311.8178506376,3114.3070912170365,-197.5107594205629,197.5107594205629,-35.68710830290018,-981.6713703250716,Mato Rico
4115739,0.0,2021,2635.2677625571405,0.0,-2635.2677625571405,2635.2677625571405,-35.68710830290018,-981.6713703250716,Mato Rico
4115739,0.0,2022,2738.7627397260767,2971.675690130342,232.9129504042653,232.9129504042653,-35.68710830290018,-981.6713703250716,Mato Rico
4115739,0.0,2023,3385.7371689497927,2790.3665741968634,-595.3705947529293,595.3705947529293,-35.68710830290018,-981.6713703250716,Mato Rico
4115739,0.0,2024,3350.0,0.0,-3350.0,3350.0,-35.68710830290018,-981.6713703250716,Mato Rico
4115754,0.0,2015,3140.00000000011,2677.107535589618,-462.89246441049227,462.89246441049227,-26.512576804754723,-681.2894996493327,Mauá da Serra
4115754,0.0,2016,3589.9453551913616,3741.6632816080582,151.71792641669708,151.71792641669708,-26.512576804754723,-681.2894996493327,Mauá da Serra
4115754,0.0,2017,3830.8356164384472,3130.200115013575,-700.635501424872,700.635501424872,-26.512576804754723,-681.2894996493327,Mauá da Serra
4115754,0.0,2018,3778.7123287672,3072.4565718802714,-706.2557568869283,706.2557568869283,-26.512576804754723,-681.2894996493327,Mauá da Serra
4115754,0.0,2019,3952.726027397323,2384.2543845733085,-1568.4716428240145,1568.4716428240145,-26.512576804754723,-681.2894996493327,Mauá da Serra
4115754,0.0,2020,3997.5956284153503,3622.87963463068,-374.71599378467,374.71599378467,-26.512576804754723,-681.2894996493327,Mauá da Serra
4115754,0.0,2021,3810.835616438392,4075.6961922397154,264.86057580132365,264.86057580132365,-26.512576804754723,-681.2894996493327,Mauá da Serra
4115754,0.0,2022,3506.657534246596,3329.230029205522,-177.4275050410738,177.4275050410738,-26.512576804754723,-681.2894996493327,Mauá da Serra
4115754,0.0,2023,3503.30136986302,0.0,-3503.30136986302,3503.30136986302,-26.512576804754723,-681.2894996493327,Mauá da Serra
4115754,0.0,2024,3600.0,3864.226735523723,264.2267355237232,264.2267355237232,-26.512576804754723,-681.2894996493327,Mauá da Serra
4115903,0.0,2015,2653.800000000105,1245.2968838255235,-1408.5031161745812,1408.5031161745812,-15.944771696127145,-1361.9788051336725,Mirador
4115903,0.0,2016,2557.727868852553,1399.0454109498608,-1158.6824579026927,1158.6824579026927,-15.944771696127145,-1361.9788051336725,Mirador
4115903,0.0,2017,2706.638630137068,1562.0867077233406,-1144.5519224137274,1144.5519224137274,-15.944771696127145,-1361.9788051336725,Mirador
4115903,0.0,2018,2797.333150685,1410.2786160214946,-1387.0545346635054,1387.0545346635054,-15.944771696127145,-1361.9788051336725,Mirador
4115903,0.0,2019,2859.1509589041643,990.859987167835,-1868.2909717363293,1868.2909717363293,-15.944771696127145,-1361.9788051336725,Mirador
4115903,0.0,2020,3081.4426229508617,1371.3674722480023,-1710.0751507028594,1710.0751507028594,-15.944771696127145,-1361.9788051336725,Mirador
4115903,0.0,2021,1901.9975342466043,1341.6532332518864,-560.344300994718,560.344300994718,-15.944771696127145,-1361.9788051336725,Mirador
4115903,0.0,2022,2308.5578082191937,1824.5388725463704,-484.0189356728231,484.0189356728231,-15.944771696127145,-1361.9788051336725,Mirador
4115903,0.0,2023,3227.8468493150717,813.5267406477062,-2414.3201086673653,2414.3201086673653,-15.944771696127145,-1361.9788051336725,Mirador
4115903,0.0,2024,2600.0,1116.053447591879,-1483.946552408121,1483.946552408121,-15.944771696127145,-1361.9788051336725,Mirador
4116000,0.0,2015,1589.466666666893,847.8070172472873,-741.6596494196057,741.6596494196057,-5.29430112467306,-828.5005111962633,Miraselva
4116000,0.0,2016,2386.959198543017,1825.6180697553505,-561.3411287876661,561.3411287876661,-5.29430112467306,-828.5005111962633,Miraselva
4116000,0.0,2017,3007.5703652969883,2238.5075582696995,-769.0628070272887,769.0628070272887,-5.29430112467306,-828.5005111962633,Miraselva
4116000,0.0,2018,2351.256894977327,978.8286917060228,-1372.4282032713045,1372.4282032713045,-5.29430112467306,-828.5005111962633,Miraselva
4116000,0.0,2019,2360.587260274101,1908.549151392262,-452.0381088818385,452.0381088818385,-5.29430112467306,-828.5005111962633,Miraselva
4116000,0.0,2020,2732.78324225875,881.2427257821728,-1851.540516476577,1851.540516476577,-5.29430112467306,-828.5005111962633,Miraselva
4116000,0.0,2021,2206.319223744364,2288.137574540574,81.81835079621032,81.81835079621032,-5.29430112467306,-828.5005111962633,Miraselva
4116000,0.0,2022,2642.4139726027847,2746.202655326563,103.78868272377848,103.78868272377848,-5.29430112467306,-828.5005111962633,Miraselva
4116000,0.0,2023,2579.5525570776404,861.3998086517937,-1718.1527484258468,1718.1527484258468,-5.29430112467306,-828.5005111962633,Miraselva
4116000,0.0,2024,1700.0,695.6110168075055,-1004.3889831924944,1004.3889831924944,-5.29430112467306,-828.5005111962633,Miraselva
4116307,0.0,2015,2584.0000000001487,1746.8967466500264,-837.1032533501223,837.1032533501223,-23.957565956939124,228.7560837457409,Munhoz de Melo
4116307,0.0,2016,3090.2513661203584,3868.852651593128,778.6012854727692,778.6012854727692,-23.957565956939124,228.7560837457409,Munhoz de Melo
4116307,0.0,2017,3534.035616438478,5342.290281175192,1808.254664736714,1808.254664736714,-23.957565956939124,228.7560837457409,Munhoz de Melo
4116307,0.0,2018,3219.3917808220217,2218.217654115286,-1001.1741267067356,1001.1741267067356,-23.957565956939124,228.7560837457409,Munhoz de Melo
4116307,0.0,2019,3286.117808219264,3937.810688572157,651.6928803528936,651.6928803528936,-23.957565956939124,228.7560837457409,Munhoz de Melo
4116307,0.0,2020,3168.1420765028,2086.81235549281,-1081.329721009989,1081.329721009989,-23.957565956939124,228.7560837457409,Munhoz de Melo
4116307,0.0,2021,2581.2136986301857,5066.988809107134,2485.7751104769486,2485.7751104769486,-23.957565956939124,228.7560837457409,Munhoz de Melo
4116307,0.0,2022,3226.02191780825,5700.813410667354,2474.7914928591044,2474.7914928591044,-23.957565956939124,228.7560837457409,Munhoz de Melo
4116307,0.0,2023,3426.7205479452164,1747.4469273577502,-1679.2736205874662,1679.2736205874662,-23.957565956939124,228.7560837457409,Munhoz de Melo
4116307,0.0,2024,2850.0,1537.3261252132922,-1312.6738747867078,1312.6738747867078,-23.957565956939124,228.7560837457409,Munhoz de Melo
4116406,0.0,2015,2451.33333333346,0.0,-2451.33333333346,2451.33333333346,-92.58690709281773,-2486.5537160965787,Nossa Senhora das Graças
4116406,0.0,2016,2624.6921675775293,0.0,-2624.6921675775293,2624.6921675775293,-92.58690709281773,-2486.5537160965787,Nossa Senhora das Graças
4116406,0.0,2017,2728.027853881376,0.0,-2728.027853881376,2728.027853881376,-92.58690709281773,-2486.5537160965787,Nossa Senhora das Graças
4116406,0.0,2018,2234.9433789955115,0.0,-2234.9433789955115,2234.9433789955115,-92.58690709281773,-2486.5537160965787,Nossa Senhora das Graças
4116406,0.0,2019,2332.4616438356893,0.0,-2332.4616438356893,2332.4616438356893,-92.58690709281773,-2486.5537160965787,Nossa Senhora das Graças
4116406,0.0,2020,2747.577413479121,0.0,-2747.577413479121,2747.577413479121,-92.58690709281773,-2486.5537160965787,Nossa Senhora das Graças
4116406,0.0,2021,2058.0461187215096,0.0,-2058.0461187215096,2058.0461187215096,-92.58690709281773,-2486.5537160965787,Nossa Senhora das Graças
4116406,0.0,2022,2546.523287671262,0.0,-2546.523287671262,2546.523287671262,-92.58690709281773,-2486.5537160965787,Nossa Senhora das Graças
4116406,0.0,2023,2911.9319634703293,0.0,-2911.9319634703293,2911.9319634703293,-92.58690709281773,-2486.5537160965787,Nossa Senhora das Graças
4116406,0.0,2024,2230.0,0.0,-2230.0,2230.0,-92.58690709281773,-2486.5537160965787,Nossa Senhora das Graças
4116505,0.0,2015,1281.8666666668869,944.0875232968372,-337.7791433700495,337.7791433700495,-7.398996568225746,-1078.3973899752398,Nova Aliança do Ivaí
4116505,0.0,2016,1948.623679417326,1070.0196605665474,-878.6040188507786,878.6040188507786,-7.398996568225746,-1078.3973899752398,Nova Aliança do Ivaí
4116505,0.0,2017,2635.9937899545084,1068.5636092002303,-1567.430180754278,1567.430180754278,-7.398996568225746,-1078.3973899752398,Nova Aliança do Ivaí
4116505,0.0,2018,2197.233059360876,870.9717230996276,-1326.2613362612478,1326.2613362612478,-7.398996568225746,-1078.3973899752398,Nova Aliança do Ivaí
4116505,0.0,2019,1966.658630137105,1352.6916811878298,-613.9669489492755,613.9669489492755,-7.398996568225746,-1078.3973899752398,Nova Aliança do Ivaí
4116505,0.0,2020,2518.84881602923,1115.5001555370511,-1403.3486604921789,1403.3486604921789,-7.398996568225746,-1078.3973899752398,Nova Aliança do Ivaí
4116505,0.0,2021,1669.7673059361337,807.4120207463308,-862.3552851898029,862.3552851898029,-7.398996568225746,-1078.3973899752398,Nova Aliança do Ivaí
4116505,0.0,2022,1691.184657534281,637.3235691815427,-1053.8610883527383,1053.8610883527383,-7.398996568225746,-1078.3973899752398,Nova Aliança do Ivaí
4116505,0.0,2023,2369.971872146128,672.604986641564,-1697.3668855045637,1697.3668855045637,-7.398996568225746,-1078.3973899752398,Nova Aliança do Ivaí
4116505,0.0,2024,1900.0,856.999647972516,-1043.000352027484,1043.000352027484,-7.398996568225746,-1078.3973899752398,Nova Aliança do Ivaí
4116604,0.0,2015,2430.133333333491,0.0,-2430.133333333491,2430.133333333491,-53.93544789767005,-2769.780445342797,Nova América da Colina
4116604,0.0,2016,2820.3708561021563,0.0,-2820.3708561021563,2820.3708561021563,-53.93544789767005,-2769.780445342797,Nova América da Colina
4116604,0.0,2017,3022.9884018266184,0.0,-3022.9884018266184,3022.9884018266184,-53.93544789767005,-2769.780445342797,Nova América da Colina
4116604,0.0,2018,2598.7285844749954,0.0,-2598.7285844749954,2598.7285844749954,-53.93544789767005,-2769.780445342797,Nova América da Colina
4116604,0.0,2019,2750.140000000092,0.0,-2750.140000000092,2750.140000000092,-53.93544789767005,-2769.780445342797,Nova América da Colina
4116604,0.0,2020,3163.3369763206565,0.0,-3163.3369763206565,3163.3369763206565,-53.93544789767005,-2769.780445342797,Nova América da Colina
4116604,0.0,2021,3007.9217351598727,0.0,-3007.9217351598727,3007.9217351598727,-53.93544789767005,-2769.780445342797,Nova América da Colina
4116604,0.0,2022,3246.061917808258,0.0,-3246.061917808258,3246.061917808258,-53.93544789767005,-2769.780445342797,Nova América da Colina
4116604,0.0,2023,2767.122648401839,0.0,-2767.122648401839,2767.122648401839,-53.93544789767005,-2769.780445342797,Nova América da Colina
4116604,0.0,2024,1891.0,0.0,-1891.0,1891.0,-53.93544789767005,-2769.780445342797,Nova América da Colina
4116901,0.0,2015,2272.8666666667928,1654.7860807376642,-618.0805859291286,618.0805859291286,-3.933162271980885,-310.175976146268,Nova Esperança
4116901,0.0,2016,2915.995264116695,3883.623179895593,967.627915778898,967.627915778898,-3.933162271980885,-310.175976146268,Nova Esperança
4116901,0.0,2017,3717.6157077626617,3718.713459991019,1.0977522283574217,1.0977522283574217,-3.933162271980885,-310.175976146268,Nova Esperança
4116901,0.0,2018,3042.704292237529,5497.98433180071,2455.2800395631803,2455.2800395631803,-3.933162271980885,-310.175976146268,Nova Esperança
4116901,0.0,2019,2807.6010958904794,1706.7937576610068,-1100.8073382294726,1100.8073382294726,-3.933162271980885,-310.175976146268,Nova Esperança
4116901,0.0,2020,2898.411657559252,1871.3768560016,-1027.034801557652,1027.034801557652,-3.933162271980885,-310.175976146268,Nova Esperança
4116901,0.0,2021,1723.6960730593996,2374.9470052255906,651.250932166191,651.250932166191,-3.933162271980885,-310.175976146268,Nova Esperança
4116901,0.0,2022,2403.688767123308,1808.740186178779,-594.9485809445293,594.9485809445293,-3.933162271980885,-310.175976146268,Nova Esperança
4116901,0.0,2023,3619.873242009138,1676.6098115430264,-1943.2634304661117,1943.2634304661117,-3.933162271980885,-310.175976146268,Nova Esperança
4116901,0.0,2024,3500.0,1607.1183359275872,-1892.8816640724128,1892.8816640724128,-3.933162271980885,-310.175976146268,Nova Esperança
4117008,0.0,2015,2505.600000000137,5139.978209634656,2634.378209634519,2634.378209634519,-49.967929690026594,39.25321958804015,Nova Fátima
4117008,0.0,2016,2925.0295081968457,10063.217204132126,7138.187695935281,7138.187695935281,-49.967929690026594,39.25321958804015,Nova Fátima
4117008,0.0,2017,3246.286849315173,4755.130248047313,1508.84339873214,1508.84339873214,-49.967929690026594,39.25321958804015,Nova Fátima
4117008,0.0,2018,2667.3813698631066,0.0,-2667.3813698631066,2667.3813698631066,-49.967929690026594,39.25321958804015,Nova Fátima
4117008,0.0,2019,2639.3252054795257,404.0789488896428,-2235.246256589883,2235.246256589883,-49.967929690026594,39.25321958804015,Nova Fátima
4117008,0.0,2020,3110.0983606557925,0.0,-3110.0983606557925,3110.0983606557925,-49.967929690026594,39.25321958804015,Nova Fátima
4117008,0.0,2021,3285.4594520548376,0.0,-3285.4594520548376,3285.4594520548376,-49.967929690026594,39.25321958804015,Nova Fátima
4117008,0.0,2022,3546.488219178107,2018.9859424487047,-1527.5022767294024,1527.5022767294024,-49.967929690026594,39.25321958804015,Nova Fátima
4117008,0.0,2023,2767.577260273978,1938.602971097948,-828.97428917603,828.97428917603,-49.967929690026594,39.25321958804015,Nova Fátima
4117008,0.0,2024,1890.0,4655.784896647515,2765.784896647515,2765.784896647515,-49.967929690026594,39.25321958804015,Nova Fátima
4117107,0.0,2019,1889.6712328767703,1643.548628764221,-246.12260411254945,246.12260411254945,-12.992383112632682,-836.6450750744491,Nova Londrina
4117107,0.0,2020,2421.4936247723617,1119.9828625396597,-1301.510762232702,1301.510762232702,-12.992383112632682,-836.6450750744491,Nova Londrina
4117107,0.0,2023,2579.3515981735063,2054.9997488063987,-524.3518493671077,524.3518493671077,-12.992383112632682,-836.6450750744491,Nova Londrina
4117107,0.0,2024,2300.0,1025.404915414563,-1274.595084585437,1274.595084585437,-12.992383112632682,-836.6450750744491,Nova Londrina
4117206,0.0,2016,2770.166666666584,7647.654561993111,4877.487895326527,4877.487895326527,-120.4874624918566,4418.166054992352,Nova Olímpia
4117206,0.0,2017,2786.7182648401053,6202.497705856707,3415.779441016602,3415.779441016602,-120.4874624918566,4418.166054992352,Nova Olímpia
4117206,0.0,2018,2567.496803652908,9285.172484756797,6717.675681103889,6717.675681103889,-120.4874624918566,4418.166054992352,Nova Olímpia
4117206,0.0,2019,2780.878082191737,8864.14994532065,6083.2718631289135,6083.2718631289135,-120.4874624918566,4418.166054992352,Nova Olímpia
4117206,0.0,2020,3184.8998178506044,3172.1344577669183,-12.76536008368612,12.76536008368612,-120.4874624918566,4418.166054992352,Nova Olímpia
4117206,0.0,2021,1738.3968036529438,8088.5177209523745,6350.12091729943,6350.12091729943,-120.4874624918566,4418.166054992352,Nova Olímpia
4117206,0.0,2022,2172.621917808204,9601.30350597412,7428.681588165915,7428.681588165915,-120.4874624918566,4418.166054992352,Nova Olímpia
4117206,0.0,2023,3378.7867579908625,3484.6361346266403,105.84937663577784,105.84937663577784,-120.4874624918566,4418.166054992352,Nova Olímpia
4117206,0.0,2024,2800.0,7597.3930923378,4797.3930923378,4797.3930923378,-120.4874624918566,4418.166054992352,Nova Olímpia
4117214,0.0,2015,2512.5333333335,3656.973869856836,1144.440536523336,1144.440536523336,-11.826589622494412,1167.493104806023,Nova Santa Bárbara
4117214,0.0,2016,2897.592714025653,5189.385713482002,2291.7929994563488,2291.7929994563488,-11.826589622494412,1167.493104806023,Nova Santa Bárbara
4117214,0.0,2017,3144.844018264972,3349.444822947818,204.60080468284605,204.60080468284605,-11.826589622494412,1167.493104806023,Nova Santa Bárbara
4117214,0.0,2018,2739.63488584486,3993.0626881902695,1253.4278023454094,1253.4278023454094,-11.826589622494412,1167.493104806023,Nova Santa Bárbara
4117214,0.0,2019,2916.940821917898,2867.3796643341034,-49.56115758379474,49.56115758379474,-11.826589622494412,1167.493104806023,Nova Santa Bárbara
4117214,0.0,2020,3379.3588342441567,4282.195980591747,902.83714634759,902.83714634759,-11.826589622494412,1167.493104806023,Nova Santa Bárbara
4117214,0.0,2021,3304.369132420147,7066.082135164375,3761.713002744229,3761.713002744229,-11.826589622494412,1167.493104806023,Nova Santa Bárbara
4117214,0.0,2022,3439.990136986336,3648.453912147879,208.4637751615428,208.4637751615428,-11.826589622494412,1167.493104806023,Nova Santa Bárbara
4117214,0.0,2023,2771.726210045676,3692.9764274599634,921.2502174142874,921.2502174142874,-11.826589622494412,1167.493104806023,Nova Santa Bárbara
4117214,0.0,2024,1890.0,2925.965920968437,1035.9659209684369,1035.9659209684369,-11.826589622494412,1167.493104806023,Nova Santa Bárbara
4117271,0.0,2015,3333.333333333372,2828.86975994528,-504.4635733880923,504.4635733880923,-69.99496903432181,404.9083134035787,Nova Tebas
4117271,0.0,2016,3252.0582877960287,8747.527161798855,5495.468874002826,5495.468874002826,-69.99496903432181,404.9083134035787,Nova Tebas
4117271,0.0,2017,3564.031963470351,3490.284586090353,-73.74737737999749,73.74737737999749,-69.99496903432181,404.9083134035787,Nova Tebas
4117271,0.0,2018,3878.584474885872,3434.311940098965,-444.2725347869073,444.2725347869073,-69.99496903432181,404.9083134035787,Nova Tebas
4117271,0.0,2019,3710.2000000000216,3505.160154438724,-205.03984556129808,205.03984556129808,-69.99496903432181,404.9083134035787,Nova Tebas
4117271,0.0,2020,3543.954462659397,3897.495681967685,353.541219308288,353.541219308288,-69.99496903432181,404.9083134035787,Nova Tebas
4117271,0.0,2021,3161.611872146131,3724.412005531032,562.8001333849002,562.8001333849002,-69.99496903432181,404.9083134035787,Nova Tebas
4117271,0.0,2022,3427.1780821917887,3357.9796668931244,-69.19841529866426,69.19841529866426,-69.99496903432181,404.9083134035787,Nova Tebas
4117271,0.0,2023,3668.1963470319656,2695.1471302791765,-973.0492167527892,973.0492167527892,-69.99496903432181,404.9083134035787,Nova Tebas
4117271,0.0,2024,3350.0,3257.0438705075217,-92.95612949247834,92.95612949247834,-69.99496903432181,404.9083134035787,Nova Tebas
4117297,0.0,2015,3027.3333333334303,2711.371065945444,-315.96226738798623,315.96226738798623,-8.88363804368628,-163.75569646640716,Novo Itacolomi
4117297,0.0,2016,3446.0255009108414,3287.629614927928,-158.39588598291357,158.39588598291357,-8.88363804368628,-163.75569646640716,Novo Itacolomi
4117297,0.0,2017,3639.7867579909503,4321.292563394051,681.505805403101,681.505805403101,-8.88363804368628,-163.75569646640716,Novo Itacolomi
4117297,0.0,2018,3404.263926940709,3000.382897342961,-403.8810295977482,403.8810295977482,-8.88363804368628,-163.75569646640716,Novo Itacolomi
4117297,0.0,2019,3719.9739726027983,3251.3994107842377,-468.5745618185606,468.5745618185606,-8.88363804368628,-163.75569646640716,Novo Itacolomi
4117297,0.0,2020,3828.888888888935,2639.487107207768,-1189.401781681167,1189.401781681167,-8.88363804368628,-163.75569646640716,Novo Itacolomi
4117297,0.0,2021,3189.476255707797,4143.63700090944,954.1607452016428,954.1607452016428,-8.88363804368628,-163.75569646640716,Novo Itacolomi
4117297,0.0,2022,3385.734246575364,4368.814241026129,983.0799944507648,983.0799944507648,-8.88363804368628,-163.75569646640716,Novo Itacolomi
4117297,0.0,2023,3590.348401826494,2900.996957040146,-689.3514447863481,689.3514447863481,-8.88363804368628,-163.75569646640716,Novo Itacolomi
4117297,0.0,2024,3200.0,2169.2634615351435,-1030.7365384648565,1030.7365384648565,-8.88363804368628,-163.75569646640716,Novo Itacolomi
4117305,0.0,2015,3215.7333333334027,2980.426669626014,-235.3066637073889,235.3066637073889,-16.695118498161342,-325.0129643800635,Ortigueira
4117305,0.0,2016,3633.897632058354,3593.4191901685576,-40.47844188979616,40.47844188979616,-16.695118498161342,-325.0129643800635,Ortigueira
4117305,0.0,2017,3982.881415525172,3792.577658951197,-190.30375657397556,190.30375657397556,-16.695118498161342,-325.0129643800635,Ortigueira
4117305,0.0,2018,3678.2263926941096,3709.57925341834,31.352860724230595,31.352860724230595,-16.695118498161342,-325.0129643800635,Ortigueira
4117305,0.0,2019,3669.839863013734,1353.1974762277007,-2316.642386786033,2316.642386786033,-16.695118498161342,-325.0129643800635,Ortigueira
4117305,0.0,2020,3830.408014571976,3265.006997545704,-565.4010170262723,565.4010170262723,-16.695118498161342,-325.0129643800635,Ortigueira
4117305,0.0,2021,3559.8558447488776,4025.8969205114063,466.04107576252864,466.04107576252864,-16.695118498161342,-325.0129643800635,Ortigueira
4117305,0.0,2022,3585.6939726027517,3784.112621933884,198.4186493311322,198.4186493311322,-16.695118498161342,-325.0129643800635,Ortigueira
4117305,0.0,2023,3701.21155251142,3397.183700675273,-304.02785183614606,304.02785183614606,-16.695118498161342,-325.0129643800635,Ortigueira
4117305,0.0,2024,3593.0,3299.2178882010853,-293.7821117989147,293.7821117989147,-16.695118498161342,-325.0129643800635,Ortigueira
4117404,0.0,2015,2709.733333333483,2713.047712609722,3.314379276238924,3.314379276238924,-5.848656445819256,-650.7247793011466,Ourizona
4117404,0.0,2016,2991.9085610201746,2095.097699762918,-896.8108612572564,896.8108612572564,-5.848656445819256,-650.7247793011466,Ourizona
4117404,0.0,2017,3261.58141552523,2892.020987663418,-369.56042786181206,369.56042786181206,-5.848656445819256,-650.7247793011466,Ourizona
4117404,0.0,2018,2785.133242009233,2720.474991184342,-64.65825082489118,64.65825082489118,-5.848656445819256,-650.7247793011466,Ourizona
4117404,0.0,2019,2844.4549315069357,1525.8132460143847,-1318.6416854925506,1318.6416854925506,-5.848656445819256,-650.7247793011466,Ourizona
4117404,0.0,2020,3209.719489981848,2149.861767053687,-1059.857722928161,1059.857722928161,-5.848656445819256,-650.7247793011466,Ourizona
4117404,0.0,2021,2114.0298173516467,1944.5979827110025,-169.43183464064418,169.43183464064418,-5.848656445819256,-650.7247793011466,Ourizona
4117404,0.0,2022,2677.806301369896,3203.1074796179,525.3011782480039,525.3011782480039,-5.848656445819256,-650.7247793011466,Ourizona
4117404,0.0,2023,3521.706073059372,1730.35593032188,-1791.3501427374922,1791.3501427374922,-5.848656445819256,-650.7247793011466,Ourizona
4117404,0.0,2024,2900.0,1534.4475752070994,-1365.5524247929006,1365.5524247929006,-5.848656445819256,-650.7247793011466,Ourizona
4117503,0.0,2015,3086.666666666737,22632.75948822897,19546.09282156224,19546.09282156224,-2934.133179430753,22794.608200320803,Paiçandu
4117503,0.0,2016,3001.4116575592657,26935.329373517663,23933.9177159584,23933.9177159584,-2934.133179430753,22794.608200320803,Paiçandu
4117503,0.0,2017,3290.3344748859045,30911.925168702932,27621.59069381703,27621.59069381703,-2934.133179430753,22794.608200320803,Paiçandu
4117503,0.0,2018,3390.5319634703696,28892.49025234488,25501.958288874503,25501.958288874503,-2934.133179430753,22794.608200320803,Paiçandu
4117503,0.0,2019,3385.222602739765,15912.04514683964,12526.822544099872,12526.822544099872,-2934.133179430753,22794.608200320803,Paiçandu
4117503,0.0,2020,3432.4225865209764,25549.417466869585,22116.994880348608,22116.994880348608,-2934.133179430753,22794.608200320803,Paiçandu
4117503,0.0,2021,2165.288812785409,26128.429858668285,23963.14104588288,23963.14104588288,-2934.133179430753,22794.608200320803,Paiçandu
4117503,0.0,2022,2684.6369863013806,35953.83256772655,33269.19558142517,33269.19558142517,-2934.133179430753,22794.608200320803,Paiçandu
4117503,0.0,2023,3783.6974885844784,22310.73082371925,18527.03333513477,18527.03333513477,-2934.133179430753,22794.608200320803,Paiçandu
4117503,0.0,2024,3350.0,24289.335096104536,20939.335096104536,20939.335096104536,-2934.133179430753,22794.608200320803,Paiçandu
4118006,0.0,2015,3049.0000000000286,3414.5091286751194,365.5091286750908,365.5091286750908,-50.24016371585269,2027.391201118456,Paraíso do Norte
4118006,0.0,2016,2871.535519125709,6986.355636500979,4114.820117375271,4114.820117375271,-50.24016371585269,2027.391201118456,Paraíso do Norte
4118006,0.0,2017,3160.789041095912,6588.31285503466,3427.523813938748,3427.523813938748,-50.24016371585269,2027.391201118456,Paraíso do Norte
4118006,0.0,2018,3074.5698630137167,5104.607795109626,2030.037932095909,2030.037932095909,-50.24016371585269,2027.391201118456,Paraíso do Norte
4118006,0.0,2019,3115.693150684945,3769.3509979556297,653.6578472706842,653.6578472706842,-50.24016371585269,2027.391201118456,Paraíso do Norte
4118006,0.0,2020,3607.5956284153112,5400.1801161627445,1792.5844877474333,1792.5844877474333,-50.24016371585269,2027.391201118456,Paraíso do Norte
4118006,0.0,2021,2284.816438356172,4648.086251223513,2363.269812867341,2363.269812867341,-50.24016371585269,2027.391201118456,Paraíso do Norte
4118006,0.0,2022,2609.665753424661,8032.135169166704,5422.469415742044,5422.469415742044,-50.24016371585269,2027.391201118456,Paraíso do Norte
4118006,0.0,2023,3564.3232876712327,3191.868777763513,-372.4545099077195,372.4545099077195,-50.24016371585269,2027.391201118456,Paraíso do Norte
4118006,0.0,2024,3000.0,3476.4939653797605,476.4939653797605,476.4939653797605,-50.24016371585269,2027.391201118456,Paraíso do Norte
4118105,0.0,2015,1824.000000000204,5782.815038338877,3958.815038338673,3958.815038338673,-27.99324513159916,1185.2029596751704,Paranacity
4118105,0.0,2016,2259.240437158659,2365.705756831164,106.46531967250483,106.46531967250483,-27.99324513159916,1185.2029596751704,Paranacity
4118105,0.0,2017,2732.977397260433,6571.52609296764,3838.548695707206,3838.548695707206,-27.99324513159916,1185.2029596751704,Paranacity
4118105,0.0,2018,1959.220547945336,2089.3649048147863,130.14435686945012,130.14435686945012,-27.99324513159916,1185.2029596751704,Paranacity
4118105,0.0,2019,1839.6965753425677,2184.7823993144434,345.0858239718759,345.0858239718759,-27.99324513159916,1185.2029596751704,Paranacity
4118105,0.0,2020,2683.306010929034,2276.0706712868573,-407.2353396421768,407.2353396421768,-27.99324513159916,1185.2029596751704,Paranacity
4118105,0.0,2021,1923.0458904110023,2193.412140743475,270.36625033247265,270.36625033247265,-27.99324513159916,1185.2029596751704,Paranacity
4118105,0.0,2022,2382.576712328796,6258.153262131783,3875.576549802987,3875.576549802987,-27.99324513159916,1185.2029596751704,Paranacity
4118105,0.0,2023,2607.943150684946,1847.7912359161264,-760.1519147688198,760.1519147688198,-27.99324513159916,1185.2029596751704,Paranacity
4118105,0.0,2024,1500.0,1994.414816467531,494.41481646753095,494.41481646753095,-27.99324513159916,1185.2029596751704,Paranacity
4118303,0.0,2015,2426.8000000000907,2849.81713293674,423.017132936649,423.017132936649,-2.4078328248792285,256.3944544078935,Paranapoema
4118303,0.0,2016,3052.777049180408,3796.363335479645,743.5862862992376,743.5862862992376,-2.4078328248792285,256.3944544078935,Paranapoema
4118303,0.0,2017,3601.954383561711,3703.408024447327,101.4536408856161,101.4536408856161,-2.4078328248792285,256.3944544078935,Paranapoema
4118303,0.0,2018,2858.17287671239,3507.1656606404604,648.9927839280704,648.9927839280704,-2.4078328248792285,256.3944544078935,Paranapoema
4118303,0.0,2019,2603.6626027397806,2605.1225499555067,1.459947215726061,1.459947215726061,-2.4078328248792285,256.3944544078935,Paranapoema
4118303,0.0,2020,3162.322404371627,3163.285101380462,0.9626970088352208,0.9626970088352208,-2.4078328248792285,256.3944544078935,Paranapoema
4118303,0.0,2021,2369.4036986301658,3081.045852217537,711.642153587371,711.642153587371,-2.4078328248792285,256.3944544078935,Paranapoema
4118303,0.0,2022,2672.8441095890644,4126.261640590283,1453.4175310012183,1453.4175310012183,-2.4078328248792285,256.3944544078935,Paranapoema
4118303,0.0,2023,3456.4078082191886,2275.490008774025,-1180.9177994451638,1180.9177994451638,-2.4078328248792285,256.3944544078935,Paranapoema
4118303,0.0,2024,3032.0,2692.3301706613747,-339.6698293386253,339.6698293386253,-2.4078328248792285,256.3944544078935,Paranapoema
4118402,0.0,2015,1596.0666666667896,2227.4087163434924,631.3420496767028,631.3420496767028,-0.3740120543898628,183.57399846426327,Paranavaí
4118402,0.0,2016,1995.9231329691509,2225.83205230978,229.9089193406287,229.9089193406287,-0.3740120543898628,183.57399846426327,Paranavaí
4118402,0.0,2017,2857.919543379096,2513.752549858651,-344.166993520445,344.166993520445,-0.3740120543898628,183.57399846426327,Paranavaí
4118402,0.0,2018,2408.0752511416363,2434.471465563305,26.3962144216689,26.3962144216689,-0.3740120543898628,183.57399846426327,Paranavaí
4118402,0.0,2019,1724.061095890482,2190.786487668192,466.72539177771,466.72539177771,-0.3740120543898628,183.57399846426327,Paranavaí
4118402,0.0,2020,2140.3570127505104,2599.995941041678,459.63892829116776,459.63892829116776,-0.3740120543898628,183.57399846426327,Paranavaí
4118402,0.0,2021,1771.8875799087143,2409.8806200451427,637.9930401364284,637.9930401364284,-0.3740120543898628,183.57399846426327,Paranavaí
4118402,0.0,2022,2101.2542465753686,2482.4559402929367,381.2016937175681,381.2016937175681,-0.3740120543898628,183.57399846426327,Paranavaí
4118402,0.0,2023,2487.2784474885943,1959.0204712069524,-528.257976281642,528.257976281642,-0.3740120543898628,183.57399846426327,Paranavaí
4118402,0.0,2024,2000.0,1874.958717082845,-125.04128291715506,125.04128291715506,-0.3740120543898628,183.57399846426327,Paranavaí
4118808,0.0,2015,2631.600000000165,1269.1335526309458,-1362.4664473692196,1362.4664473692196,-15.68577408904589,-421.1401511666559,Peabiru
4118808,0.0,2016,3080.439344262448,4376.714861649322,1296.2755173868743,1296.2755173868743,-15.68577408904589,-421.1401511666559,Peabiru
4118808,0.0,2017,3379.619726027531,4333.7732057516905,954.1534797241592,954.1534797241592,-15.68577408904589,-421.1401511666559,Peabiru
4118808,0.0,2018,2878.677260274088,1706.04842858098,-1172.628831693108,1172.628831693108,-15.68577408904589,-421.1401511666559,Peabiru
4118808,0.0,2019,3047.652602739822,839.1290205738319,-2208.5235821659903,2208.5235821659903,-15.68577408904589,-421.1401511666559,Peabiru
4118808,0.0,2020,3578.2950819672906,1514.729124315298,-2063.565957651993,2063.565957651993,-15.68577408904589,-421.1401511666559,Peabiru
4118808,0.0,2021,2151.225205479503,4371.128908748714,2219.903703269211,2219.903703269211,-15.68577408904589,-421.1401511666559,Peabiru
4118808,0.0,2022,2419.570410958936,4914.160688965878,2494.590278006942,2494.590278006942,-15.68577408904589,-421.1401511666559,Peabiru
4118808,0.0,2023,3636.978630137,1269.635908668597,-2367.3427214684025,2367.3427214684025,-15.68577408904589,-421.1401511666559,Peabiru
4118808,0.0,2024,3200.0,1198.2030502949683,-2001.796949705032,2001.796949705032,-15.68577408904589,-421.1401511666559,Peabiru
4119202,0.0,2015,3186.266666666721,0.0,-3186.266666666721,3186.266666666721,-257.298767184693,-3623.3438205454777,Pinhalão
4119202,0.0,2016,3501.337340619359,0.0,-3501.337340619359,3501.337340619359,-257.298767184693,-3623.3438205454777,Pinhalão
4119202,0.0,2017,3801.245981735204,0.0,-3801.245981735204,3801.245981735204,-257.298767184693,-3623.3438205454777,Pinhalão
4119202,0.0,2018,3997.25031963474,0.0,-3997.25031963474,3997.25031963474,-257.298767184693,-3623.3438205454777,Pinhalão
4119202,0.0,2019,3793.9532876712633,0.0,-3793.9532876712633,3793.9532876712633,-257.298767184693,-3623.3438205454777,Pinhalão
4119202,0.0,2020,3465.3843351548508,0.0,-3465.3843351548508,3465.3843351548508,-257.298767184693,-3623.3438205454777,Pinhalão
4119202,0.0,2021,3768.597579908692,0.0,-3768.597579908692,3768.597579908692,-257.298767184693,-3623.3438205454777,Pinhalão
4119202,0.0,2022,3755.459452054805,0.0,-3755.459452054805,3755.459452054805,-257.298767184693,-3623.3438205454777,Pinhalão
4119202,0.0,2023,3493.943242009136,0.0,-3493.943242009136,3493.943242009136,-257.298767184693,-3623.3438205454777,Pinhalão
4119202,0.0,2024,3470.0,0.0,-3470.0,3470.0,-257.298767184693,-3623.3438205454777,Pinhalão
4119657,0.0,2015,2557.466666666791,1249.9383282998476,-1307.5283383669432,1307.5283383669432,-0.9242918127351168,-215.69063143799957,Pitangueiras
4119657,0.0,2016,3488.937340619424,3802.596981605969,313.6596409865451,313.6596409865451,-0.9242918127351168,-215.69063143799957,Pitangueiras
4119657,0.0,2017,4078.99091324211,3309.831477782464,-769.1594354596459,769.1594354596459,-0.9242918127351168,-215.69063143799957,Pitangueiras
4119657,0.0,2018,3457.0952511416376,3360.3700862918868,-96.72516484975084,96.72516484975084,-0.9242918127351168,-215.69063143799957,Pitangueiras
4119657,0.0,2019,3384.103698630207,3403.632015524244,19.528316894036838,19.528316894036838,-0.9242918127351168,-215.69063143799957,Pitangueiras
4119657,0.0,2020,3479.493624772368,3433.8778206080583,-45.61580416430934,45.61580416430934,-0.9242918127351168,-215.69063143799957,Pitangueiras
4119657,0.0,2021,3209.7205936073447,3498.2868193535846,288.56622574624,288.56622574624,-0.9242918127351168,-215.69063143799957,Pitangueiras
4119657,0.0,2022,3637.983835616461,3621.9024411739297,-16.081394442531746,16.081394442531746,-0.9242918127351168,-215.69063143799957,Pitangueiras
4119657,0.0,2023,3602.167625570784,3017.4934436068725,-584.6741819639115,584.6741819639115,-0.9242918127351168,-215.69063143799957,Pitangueiras
4119657,0.0,2024,3008.0,3049.1238212402754,41.12382124027545,41.12382124027545,-0.9242918127351168,-215.69063143799957,Pitangueiras
4119707,0.0,2015,2434.466666666729,2450.9286568208563,16.461990154127307,16.461990154127307,-19.64633175579904,-838.7359964252662,Planaltina do Paraná
4119707,0.0,2016,2707.986520947235,2332.0886555977386,-375.8978653494965,375.8978653494965,-19.64633175579904,-838.7359964252662,Planaltina do Paraná
4119707,0.0,2017,3092.9998173516487,2113.6250449333133,-979.3747724183354,979.3747724183354,-19.64633175579904,-838.7359964252662,Planaltina do Paraná
4119707,0.0,2018,2640.526757990911,2544.392229170315,-96.13452882059572,96.13452882059572,-19.64633175579904,-838.7359964252662,Planaltina do Paraná
4119707,0.0,2019,2539.911232876748,0.0,-2539.911232876748,2539.911232876748,-19.64633175579904,-838.7359964252662,Planaltina do Paraná
4119707,0.0,2020,2989.275045537369,0.0,-2989.275045537369,2989.275045537369,-19.64633175579904,-838.7359964252662,Planaltina do Paraná
4119707,0.0,2021,2236.1815525114357,2146.850499455737,-89.3310530556987,89.3310530556987,-19.64633175579904,-838.7359964252662,Planaltina do Paraná
4119707,0.0,2022,2352.398904109601,2193.0748873860466,-159.32401672355445,159.32401672355445,-19.64633175579904,-838.7359964252662,Planaltina do Paraná
4119707,0.0,2023,3047.2463926940686,2464.3665585855238,-582.8798341085453,582.8798341085453,-19.64633175579904,-838.7359964252662,Planaltina do Paraná
4119707,0.0,2024,2900.0,2308.306394483552,-591.6936055164483,591.6936055164483,-19.64633175579904,-838.7359964252662,Planaltina do Paraná
4120002,0.0,2015,2036.6666666668464,2178.0249353103086,141.35826864346222,141.35826864346222,0.0533586666017903,-21.36629803345029,Porecatu
4120002,0.0,2016,2521.384335154994,2400.72551793551,-120.6588172194838,120.6588172194838,0.0533586666017903,-21.36629803345029,Porecatu
4120002,0.0,2017,2932.358447488727,2259.004830706617,-673.3536167821098,673.3536167821098,0.0533586666017903,-21.36629803345029,Porecatu
4120002,0.0,2018,2317.621004566329,2871.366822921532,553.745818355203,553.745818355203,0.0533586666017903,-21.36629803345029,Porecatu
4120002,0.0,2019,2240.0068493151634,1853.7906164818728,-386.2162328332906,386.2162328332906,0.0533586666017903,-21.36629803345029,Porecatu
4120002,0.0,2020,2549.6357012751228,2655.72997240324,106.09427112811728,106.09427112811728,0.0533586666017903,-21.36629803345029,Porecatu
4120002,0.0,2021,2137.381278538873,2283.087054650864,145.70577611199087,145.70577611199087,0.0533586666017903,-21.36629803345029,Porecatu
4120002,0.0,2022,2861.8219178082554,2601.2176055944237,-260.60431221383215,260.60431221383215,0.0533586666017903,-21.36629803345029,Porecatu
4120002,0.0,2023,2784.3447488584598,2623.6582851534968,-160.6864637049625,160.6864637049625,0.0533586666017903,-21.36629803345029,Porecatu
4120002,0.0,2024,1750.0,2190.9523281804027,440.9523281804027,440.9523281804027,0.0533586666017903,-21.36629803345029,Porecatu
4120200,0.0,2019,2180.000000000262,1489.1715593065655,-690.8284406936964,690.8284406936964,-5.220925283146501,-755.7827008304928,Porto Rico
4120200,0.0,2020,2652.568306011148,1820.32410634627,-832.2441996648772,832.2441996648772,-5.220925283146501,-755.7827008304928,Porto Rico
4120200,0.0,2021,1879.8904109590349,1574.9753999133345,-304.91501104570057,304.91501104570057,-5.220925283146501,-755.7827008304928,Porto Rico
4120200,0.0,2022,1839.616438356208,2120.802566377386,281.1861280211783,281.1861280211783,-5.220925283146501,-755.7827008304928,Porto Rico
4120200,0.0,2023,3000.0,767.8880192306315,-2232.1119807693685,2232.1119807693685,-5.220925283146501,-755.7827008304928,Porto Rico
4120333,0.0,2015,2148.6666666668607,0.0,-2148.6666666668607,2148.6666666668607,-55.36030012623426,-2603.836219881693,Prado Ferreira
4120333,0.0,2016,2794.1329690347898,0.0,-2794.1329690347898,2794.1329690347898,-55.36030012623426,-2603.836219881693,Prado Ferreira
4120333,0.0,2017,3394.228995433947,0.0,-3394.228995433947,3394.228995433947,-55.36030012623426,-2603.836219881693,Prado Ferreira
4120333,0.0,2018,2889.652511415659,0.0,-2889.652511415659,2889.652511415659,-55.36030012623426,-2603.836219881693,Prado Ferreira
4120333,0.0,2019,2770.144520548054,0.0,-2770.144520548054,2770.144520548054,-55.36030012623426,-2603.836219881693,Prado Ferreira
4120333,0.0,2020,3141.493624772398,0.0,-3141.493624772398,3141.493624772398,-55.36030012623426,-2603.836219881693,Prado Ferreira
4120333,0.0,2021,2736.60799086764,0.0,-2736.60799086764,2736.60799086764,-55.36030012623426,-2603.836219881693,Prado Ferreira
4120333,0.0,2022,3024.513698630173,2115.5666780959755,-908.9470205341976,908.9470205341976,-55.36030012623426,-2603.836219881693,Prado Ferreira
4120333,0.0,2023,2992.487899543391,0.0,-2992.487899543391,2992.487899543391,-55.36030012623426,-2603.836219881693,Prado Ferreira
4120333,0.0,2024,2262.0,0.0,-2262.0,2262.0,-55.36030012623426,-2603.836219881693,Prado Ferreira
4120408,0.0,2015,1906.9333333336176,2345.132364894861,438.1990315612432,438.1990315612432,-1.3723538819868746,-501.8844166428117,Presidente Castelo Branco
4120408,0.0,2016,2547.4812386159297,2236.6019221231622,-310.87931649276743,310.87931649276743,-1.3723538819868746,-501.8844166428117,Presidente Castelo Branco
4120408,0.0,2017,3218.43799086781,1969.05271234769,-1249.3852785201202,1249.3852785201202,-1.3723538819868746,-501.8844166428117,Presidente Castelo Branco
4120408,0.0,2018,3267.3658447490548,2488.5604313389067,-778.805413410148,778.805413410148,-1.3723538819868746,-501.8844166428117,Presidente Castelo Branco
4120408,0.0,2019,3251.170410959061,2075.095884900913,-1176.0745260581484,1176.0745260581484,-1.3723538819868746,-501.8844166428117,Presidente Castelo Branco
4120408,0.0,2020,3235.5992714026725,2568.30373236963,-667.2955390330426,667.2955390330426,-1.3723538819868746,-501.8844166428117,Presidente Castelo Branco
4120408,0.0,2021,2110.9000913242894,2476.699218937785,365.7991276134958,365.7991276134958,-1.3723538819868746,-501.8844166428117,Presidente Castelo Branco
4120408,0.0,2022,2476.3950684932006,2406.2436779132227,-70.15139057997794,70.15139057997794,-1.3723538819868746,-501.8844166428117,Presidente Castelo Branco
4120408,0.0,2023,3201.9503196347187,2075.4106106449644,-1126.5397089897542,1126.5397089897542,-1.3723538819868746,-501.8844166428117,Presidente Castelo Branco
4120408,0.0,2024,2480.0,2036.2888474811025,-443.7111525188975,443.7111525188975,-1.3723538819868746,-501.8844166428117,Presidente Castelo Branco
4120507,0.0,2015,3250.799999999959,1709.077871586288,-1541.7221284136708,1541.7221284136708,-30.25710320198552,-378.5894610675298,Primeiro de Maio
4120507,0.0,2016,3505.257923497224,2596.2754985212223,-908.9824249760018,908.9824249760018,-30.25710320198552,-378.5894610675298,Primeiro de Maio
4120507,0.0,2017,3932.959863013664,2351.164301795068,-1581.7955612185965,1581.7955612185965,-30.25710320198552,-378.5894610675298,Primeiro de Maio
4120507,0.0,2018,3522.920821917782,2844.6999453255685,-678.2208765922137,678.2208765922137,-30.25710320198552,-378.5894610675298,Primeiro de Maio
4120507,0.0,2019,3214.48726027394,3105.399638664604,-109.08762160933657,109.08762160933657,-30.25710320198552,-378.5894610675298,Primeiro de Maio
4120507,0.0,2020,3302.5355191256604,4585.124505218222,1282.5889860925618,1282.5889860925618,-30.25710320198552,-378.5894610675298,Primeiro de Maio
4120507,0.0,2021,3064.074931506834,2900.2623657057225,-163.81256580111176,163.81256580111176,-30.25710320198552,-378.5894610675298,Primeiro de Maio
4120507,0.0,2022,3554.816712328747,6300.858958880087,2746.04224655134,2746.04224655134,-30.25710320198552,-378.5894610675298,Primeiro de Maio
4120507,0.0,2023,3798.947534246564,1824.5119332200163,-1974.4356010265476,1974.4356010265476,-30.25710320198552,-378.5894610675298,Primeiro de Maio
4120507,0.0,2024,3500.0,2643.5309363182787,-856.4690636817213,856.4690636817213,-30.25710320198552,-378.5894610675298,Primeiro de Maio
4120705,0.0,2015,3940.000000000058,3810.668628743524,-129.33137125653457,129.33137125653457,-3.412145737859091,84.80089865663751,Quatiguá
4120705,0.0,2016,3940.000000000058,3935.737694914063,-4.262305085995649,4.262305085995649,-3.412145737859091,84.80089865663751,Quatiguá
4120705,0.0,2019,3870.000000000029,3854.0104383335847,-15.989561666444388,15.989561666444388,-3.412145737859091,84.80089865663751,Quatiguá
4120705,0.0,2020,4036.655737704946,4044.233862884266,7.578125179319613,7.578125179319613,-3.412145737859091,84.80089865663751,Quatiguá
4120705,0.0,2021,4142.771232876741,4605.907629756586,463.13639687984505,463.13639687984505,-3.412145737859091,84.80089865663751,Quatiguá
4120705,0.0,2022,4025.7671232877,4245.278107167075,219.5109838793751,219.5109838793751,-3.412145737859091,84.80089865663751,Quatiguá
4120705,0.0,2023,3908.267123287685,3917.9162218425695,9.649098554885311,9.649098554885311,-3.412145737859091,84.80089865663751,Quatiguá
4120705,0.0,2024,3850.0,3978.1158227686497,128.11582276864965,128.11582276864965,-3.412145737859091,84.80089865663751,Quatiguá
4121000,0.0,2015,1650.666666666919,910.837452318295,-739.8292143486239,739.8292143486239,-3.623477243941389,-411.3589184818419,Querência do Norte
4121000,0.0,2016,1773.165755920087,1643.5907802810996,-129.57497563898733,129.57497563898733,-3.623477243941389,-411.3589184818419,Querência do Norte
4121000,0.0,2017,1966.7570776257644,1369.6920682715745,-597.0650093541899,597.0650093541899,-3.623477243941389,-411.3589184818419,Querência do Norte
4121000,0.0,2018,1545.8210045663652,1554.900644867633,9.079640301267773,9.079640301267773,-3.623477243941389,-411.3589184818419,Querência do Norte
4121000,0.0,2019,1648.282191780938,1236.3399392589786,-411.9422525219595,411.9422525219595,-3.623477243941389,-411.3589184818419,Querência do Norte
4121000,0.0,2020,2222.149362477338,1547.9068985589647,-674.2424639183732,674.2424639183732,-3.623477243941389,-411.3589184818419,Querência do Norte
4121000,0.0,2021,1147.0949771690466,1189.4327310776637,42.33775390861706,42.33775390861706,-3.623477243941389,-411.3589184818419,Querência do Norte
4121000,0.0,2022,1561.473972602798,2036.795854271092,475.3218816682938,475.3218816682938,-3.623477243941389,-411.3589184818419,Querência do Norte
4121000,0.0,2023,2246.976255707782,557.2236996818926,-1689.7525560258894,1689.7525560258894,-3.623477243941389,-411.3589184818419,Querência do Norte
4121000,0.0,2024,1500.0,1102.0780111114257,-397.92198888857433,397.92198888857433,-3.623477243941389,-411.3589184818419,Querência do Norte
4121109,0.0,2015,2721.200000000128,1569.0492431708606,-1152.1507568292675,1152.1507568292675,-8.767475699485328,-889.4605896593009,Quinta do Sol
4121109,0.0,2016,3014.8459016394604,2279.1735002710843,-735.6724013683761,735.6724013683761,-8.767475699485328,-889.4605896593009,Quinta do Sol
4121109,0.0,2017,3198.983287671333,1778.6899586074533,-1420.2933290638805,1420.2933290638805,-8.767475699485328,-889.4605896593009,Quinta do Sol
4121109,0.0,2018,2638.231232876796,1954.5319417777323,-683.6992910990639,683.6992910990639,-8.767475699485328,-889.4605896593009,Quinta do Sol
4121109,0.0,2019,2815.654520548014,2256.430130337185,-559.2243902108289,559.2243902108289,-8.767475699485328,-889.4605896593009,Quinta do Sol
4121109,0.0,2020,3251.672131147601,1968.6467146356515,-1283.0254165119495,1283.0254165119495,-8.767475699485328,-889.4605896593009,Quinta do Sol
4121109,0.0,2021,2237.9367123288107,2553.174882645304,315.23817031649287,315.23817031649287,-8.767475699485328,-889.4605896593009,Quinta do Sol
4121109,0.0,2022,2798.118904109617,2154.1075342421445,-644.0113698674722,644.0113698674722,-8.767475699485328,-889.4605896593009,Quinta do Sol
4121109,0.0,2023,3422.9586301369977,1823.814749982068,-1599.14388015493,1599.14388015493,-8.767475699485328,-889.4605896593009,Quinta do Sol
4121109,0.0,2024,2700.0,1567.376768196266,-1132.623231803734,1132.623231803734,-8.767475699485328,-889.4605896593009,Quinta do Sol
4121307,0.0,2015,2272.266666666866,3140.6829867849506,868.4163201180845,868.4163201180845,-1.2356068155089877,64.61165894554588,Rancho Alegre
4121307,0.0,2016,2559.3100182151256,2788.9807646513545,229.6707464362289,229.6707464362289,-1.2356068155089877,64.61165894554588,Rancho Alegre
4121307,0.0,2017,2737.857625570944,2721.842109395668,-16.01551617527639,16.01551617527639,-1.2356068155089877,64.61165894554588,Rancho Alegre
4121307,0.0,2018,2528.8242922375894,2631.060185448614,102.23589321102465,102.23589321102465,-1.2356068155089877,64.61165894554588,Rancho Alegre
4121307,0.0,2019,2652.5032876713576,3268.7869386401817,616.2836509688241,616.2836509688241,-1.2356068155089877,64.61165894554588,Rancho Alegre
4121307,0.0,2020,2921.865209471871,2460.19799853137,-461.6672109405008,461.6672109405008,-1.2356068155089877,64.61165894554588,Rancho Alegre
4121307,0.0,2021,2518.92977168958,2217.860787662922,-301.06898402665774,301.06898402665774,-1.2356068155089877,64.61165894554588,Rancho Alegre
4121307,0.0,2022,2856.899178082237,2538.855050908823,-318.0441271734144,318.0441271734144,-1.2356068155089877,64.61165894554588,Rancho Alegre
4121307,0.0,2023,2719.1480365296907,2227.540776029585,-491.6072605001059,491.6072605001059,-1.2356068155089877,64.61165894554588,Rancho Alegre
4121307,0.0,2024,1830.0,2247.913077537252,417.9130775372519,417.9130775372519,-1.2356068155089877,64.61165894554588,Rancho Alegre
4121802,0.0,2015,3862.7333333332494,2977.04001378284,-885.6933195504103,885.6933195504103,-11.442884456970022,-282.0689763007019,Ribeirão Claro
4121802,0.0,2016,3523.0287795991985,4370.96060685609,847.9318272568912,847.9318272568912,-11.442884456970022,-282.0689763007019,Ribeirão Claro
4121802,0.0,2017,4281.581415525056,3782.615831387738,-498.96558413731736,498.96558413731736,-11.442884456970022,-282.0689763007019,Ribeirão Claro
4121802,0.0,2018,4420.798995433737,4439.56964521403,18.77064978029284,18.77064978029284,-11.442884456970022,-282.0689763007019,Ribeirão Claro
4121802,0.0,2019,3468.4795890410505,3231.0491940147,-237.43039502635065,237.43039502635065,-11.442884456970022,-282.0689763007019,Ribeirão Claro
4121802,0.0,2020,3800.976320582847,4870.150728750759,1069.1744081679126,1069.1744081679126,-11.442884456970022,-282.0689763007019,Ribeirão Claro
4121802,0.0,2021,4063.5120091324034,3613.089672693555,-450.42233643884856,450.42233643884856,-11.442884456970022,-282.0689763007019,Ribeirão Claro
4121802,0.0,2022,3939.329589041086,4356.4203439111625,417.0907548700766,417.0907548700766,-11.442884456970022,-282.0689763007019,Ribeirão Claro
4121802,0.0,2023,3879.6129223744256,1420.3069037636783,-2459.3060186107477,2459.3060186107477,-11.442884456970022,-282.0689763007019,Ribeirão Claro
4121802,0.0,2024,3850.0,3208.160250681482,-641.839749318518,641.839749318518,-11.442884456970022,-282.0689763007019,Ribeirão Claro
4121901,0.0,2015,2873.4666666667467,3516.811789197312,643.3451225305653,643.3451225305653,-35.72123622020024,891.6814031621852,Ribeirão do Pinhal
4121901,0.0,2016,3250.926411657635,3896.352386931559,645.425975273924,645.425975273924,-35.72123622020024,891.6814031621852,Ribeirão do Pinhal
4121901,0.0,2017,3246.612831050297,5129.871216086171,1883.2583850358749,1883.2583850358749,-35.72123622020024,891.6814031621852,Ribeirão do Pinhal
4121901,0.0,2018,3162.854155251201,6028.317020569507,2865.4628653183054,2865.4628653183054,-35.72123622020024,891.6814031621852,Ribeirão do Pinhal
4121901,0.0,2019,3461.451643835665,4903.595406823873,1442.1437629882084,1442.1437629882084,-35.72123622020024,891.6814031621852,Ribeirão do Pinhal
4121901,0.0,2020,3143.8324225865576,3761.039616819703,617.2071942331454,617.2071942331454,-35.72123622020024,891.6814031621852,Ribeirão do Pinhal
4121901,0.0,2021,3118.939771689525,3232.943513214049,114.00374152452332,114.00374152452332,-35.72123622020024,891.6814031621852,Ribeirão do Pinhal
4121901,0.0,2022,3524.641369863033,5080.302759770712,1555.6613899076792,1555.6613899076792,-35.72123622020024,891.6814031621852,Ribeirão do Pinhal
4121901,0.0,2023,3189.00324200914,2705.1387577522287,-483.8644842569115,483.8644842569115,-35.72123622020024,891.6814031621852,Ribeirão do Pinhal
4121901,0.0,2024,2756.0,2390.17007906654,-365.82992093346,365.82992093346,-35.72123622020024,891.6814031621852,Ribeirão do Pinhal
4122107,0.0,2015,2947.33333333346,0.0,-2947.33333333346,2947.33333333346,-73.82517326233435,-3111.651752892645,Rio Bom
4122107,0.0,2016,3641.2714025502073,0.0,-3641.2714025502073,3641.2714025502073,-73.82517326233435,-3111.651752892645,Rio Bom
4122107,0.0,2017,4131.231963470417,3183.405904767599,-947.826058702818,947.826058702818,-73.82517326233435,-3111.651752892645,Rio Bom
4122107,0.0,2018,3842.387214611949,0.0,-3842.387214611949,3842.387214611949,-73.82517326233435,-3111.651752892645,Rio Bom
4122107,0.0,2019,4101.3780821918535,0.0,-4101.3780821918535,4101.3780821918535,-73.82517326233435,-3111.651752892645,Rio Bom
4122107,0.0,2020,4308.069216757809,0.0,-4308.069216757809,4308.069216757809,-73.82517326233435,-3111.651752892645,Rio Bom
4122107,0.0,2021,3922.154337899592,0.0,-3922.154337899592,3922.154337899592,-73.82517326233435,-3111.651752892645,Rio Bom
4122107,0.0,2022,3785.364383561673,3271.6765463450183,-513.6878372166548,513.6878372166548,-73.82517326233435,-3111.651752892645,Rio Bom
4122107,0.0,2023,3592.4100456621104,0.0,-3592.4100456621104,3592.4100456621104,-73.82517326233435,-3111.651752892645,Rio Bom
4122107,0.0,2024,3300.0,0.0,-3300.0,3300.0,-73.82517326233435,-3111.651752892645,Rio Bom
4122172,0.0,2015,2846.399999999965,4575.731852851374,1729.3318528514092,1729.3318528514092,-104.91467466464282,2386.7378220010737,Rio Branco do Ivaí
4122172,0.0,2016,2805.7792349726487,5187.005844080543,2381.2266091078945,2381.2266091078945,-104.91467466464282,2386.7378220010737,Rio Branco do Ivaí
4122172,0.0,2017,2724.867945205462,6500.137399264596,3775.2694540591337,3775.2694540591337,-104.91467466464282,2386.7378220010737,Rio Branco do Ivaí
4122172,0.0,2018,2477.7117808219123,5321.172871924821,2843.461091102909,2843.461091102909,-104.91467466464282,2386.7378220010737,Rio Branco do Ivaí
4122172,0.0,2019,3105.377534246566,3880.546942881621,775.1694086350544,775.1694086350544,-104.91467466464282,2386.7378220010737,Rio Branco do Ivaí
4122172,0.0,2020,3178.754098360644,5791.024073076202,2612.269974715557,2612.269974715557,-104.91467466464282,2386.7378220010737,Rio Branco do Ivaí
4122172,0.0,2021,2229.766575342466,8044.166701697439,5814.400126354973,5814.400126354973,-104.91467466464282,2386.7378220010737,Rio Branco do Ivaí
4122172,0.0,2022,2655.878904109601,4673.665080648545,2017.786176538944,2017.786176538944,-104.91467466464282,2386.7378220010737,Rio Branco do Ivaí
4122172,0.0,2023,3013.2186301369948,4002.9299693627786,989.7113392257838,989.7113392257838,-104.91467466464282,2386.7378220010737,Rio Branco do Ivaí
4122172,0.0,2024,2750.0,3678.752187419075,928.7521874190752,928.7521874190752,-104.91467466464282,2386.7378220010737,Rio Branco do Ivaí
4122404,0.0,2015,3071.3333333334303,3186.3056523911737,114.97231905774332,114.97231905774332,-16.689762653689566,328.31434274737325,Rolândia
4122404,0.0,2016,3560.156648451821,3972.376102311816,412.2194538599952,412.2194538599952,-16.689762653689566,328.31434274737325,Rolândia
4122404,0.0,2017,3928.897716895056,6504.568698112703,2575.670981217647,2575.670981217647,-16.689762653689566,328.31434274737325,Rolândia
4122404,0.0,2018,3686.107762557144,3797.8130699447975,111.70530738765363,111.70530738765363,-16.689762653689566,328.31434274737325,Rolândia
4122404,0.0,2019,3584.7150684932058,3560.3317475346644,-24.38332095854139,24.38332095854139,-16.689762653689566,328.31434274737325,Rolândia
4122404,0.0,2020,3586.7030965392046,3389.9481437524346,-196.75495278677,196.75495278677,-16.689762653689566,328.31434274737325,Rolândia
4122404,0.0,2021,3458.313242009163,4492.952792352266,1034.6395503431036,1034.6395503431036,-16.689762653689566,328.31434274737325,Rolândia
4122404,0.0,2022,3669.057534246593,3750.360899558737,81.30336531214334,81.30336531214334,-16.689762653689566,328.31434274737325,Rolândia
4122404,0.0,2023,3661.2538812785447,3260.6792816256743,-400.5745996528704,400.5745996528704,-16.689762653689566,328.31434274737325,Rolândia
4122404,0.0,2024,3350.0,2924.345323693628,-425.654676306372,425.654676306372,-16.689762653689566,328.31434274737325,Rolândia
4122503,0.0,2015,3405.8666666667264,2395.1082422738514,-1010.758424392875,1010.758424392875,-5.068090662476893,-151.9347612266171,Roncador
4122503,0.0,2016,3442.197449908984,4011.8346547622136,569.6372048532298,569.6372048532298,-5.068090662476893,-151.9347612266171,Roncador
4122503,0.0,2017,3672.349954337946,3082.9286525000857,-589.4213018378605,589.4213018378605,-5.068090662476893,-151.9347612266171,Roncador
4122503,0.0,2018,3780.356347031999,3219.9252430974952,-560.4311039345039,560.4311039345039,-5.068090662476893,-151.9347612266171,Roncador
4122503,0.0,2019,4031.513424657566,3812.071374037764,-219.4420506198021,219.4420506198021,-5.068090662476893,-151.9347612266171,Roncador
4122503,0.0,2020,4137.8652094717945,3651.090302599237,-486.7749068725575,486.7749068725575,-5.068090662476893,-151.9347612266171,Roncador
4122503,0.0,2021,3354.731689497741,4226.816408621178,872.084719123437,872.084719123437,-5.068090662476893,-151.9347612266171,Roncador
4122503,0.0,2022,3284.5545205479584,3556.5729686292325,272.0184480812741,272.0184480812741,-5.068090662476893,-151.9347612266171,Roncador
4122503,0.0,2023,3715.489680365298,2747.8551175765406,-967.634562788758,967.634562788758,-5.068090662476893,-151.9347612266171,Roncador
4122503,0.0,2024,3670.0,4271.374366122245,601.3743661222452,601.3743661222452,-5.068090662476893,-151.9347612266171,Roncador
4122602,0.0,2015,2173.600000000093,1590.1801769812632,-583.4198230188299,583.4198230188299,-2.910449377101024,-376.70655968597055,Rondon
4122602,0.0,2016,2225.532240437246,1800.661005671826,-424.87123476542,424.87123476542,-2.910449377101024,-376.70655968597055,Rondon
4122602,0.0,2017,2429.2923287671997,1784.326140315891,-644.9661884513082,644.9661884513082,-2.910449377101024,-376.70655968597055,Rondon
4122602,0.0,2018,1875.6142465754065,1338.5824777999696,-537.0317687754368,537.0317687754368,-2.910449377101024,-376.70655968597055,Rondon
4122602,0.0,2019,2042.1498630137507,1944.361448694468,-97.78841431928277,97.78841431928277,-2.910449377101024,-376.70655968597055,Rondon
4122602,0.0,2020,2586.8196721311883,1426.700650635761,-1160.1190214954277,1160.1190214954277,-2.910449377101024,-376.70655968597055,Rondon
4122602,0.0,2021,1535.599178082221,2248.256319146535,712.6571410643141,712.6571410643141,-2.910449377101024,-376.70655968597055,Rondon
4122602,0.0,2022,1601.6389041096063,2501.311561108525,899.6726569989185,899.6726569989185,-2.910449377101024,-376.70655968597055,Rondon
4122602,0.0,2023,2549.59643835617,1368.080755014789,-1181.515683341381,1181.515683341381,-2.910449377101024,-376.70655968597055,Rondon
4122602,0.0,2024,2700.0,1950.3167392441485,-749.6832607558517,749.6832607558517,-2.910449377101024,-376.70655968597055,Rondon
4122651,0.0,2015,2985.999999999912,3032.858835497287,46.85883549737491,46.85883549737491,-8.255735329110976,-256.8836415435317,Rosário do Ivaí
4122651,0.0,2016,2924.0382513660325,2924.289110445908,0.2508590798752266,0.2508590798752266,-8.255735329110976,-256.8836415435317,Rosário do Ivaí
4122651,0.0,2017,2800.6184931506123,3244.6442217218478,444.0257285712351,444.0257285712351,-8.255735329110976,-256.8836415435317,Rosário do Ivaí
4122651,0.0,2018,2526.1356164382983,2581.986472921904,55.85085648360564,55.85085648360564,-8.255735329110976,-256.8836415435317,Rosário do Ivaí
4122651,0.0,2019,3161.5157534246,3458.7668300668684,297.2510766422688,297.2510766422688,-8.255735329110976,-256.8836415435317,Rosário do Ivaí
4122651,0.0,2020,3668.109289617443,3076.4574096660417,-591.6518799514015,591.6518799514015,-8.255735329110976,-256.8836415435317,Rosário do Ivaí
4122651,0.0,2021,2721.0239726027107,0.0,-2721.0239726027107,2721.0239726027107,-8.255735329110976,-256.8836415435317,Rosário do Ivaí
4122651,0.0,2022,2719.379452054766,2703.3506774913544,-16.02877456341139,16.02877456341139,-8.255735329110976,-256.8836415435317,Rosário do Ivaí
4122651,0.0,2023,3009.063698630123,3486.353006102785,477.2893074726621,477.2893074726621,-8.255735329110976,-256.8836415435317,Rosário do Ivaí
4122651,0.0,2024,2700.0,2138.3415479351847,-561.6584520648153,561.6584520648153,-8.255735329110976,-256.8836415435317,Rosário do Ivaí
4122701,0.0,2015,2546.666666666824,2714.9565390080197,168.2898723411954,168.2898723411954,-5.8486839972441,-215.2496503486589,Sabáudia
4122701,0.0,2016,3241.2750455374867,5349.504799969021,2108.2297544315347,2108.2297544315347,-5.8486839972441,-215.2496503486589,Sabáudia
4122701,0.0,2017,3767.858447488709,3129.101388526393,-638.7570589623165,638.7570589623165,-5.8486839972441,-215.2496503486589,Sabáudia
4122701,0.0,2018,3399.114155251249,2876.3628301731405,-522.7513250781085,522.7513250781085,-5.8486839972441,-215.2496503486589,Sabáudia
4122701,0.0,2019,3384.068493150773,2287.394302085156,-1096.674191065617,1096.674191065617,-5.8486839972441,-215.2496503486589,Sabáudia
4122701,0.0,2020,3564.1165755920524,2778.332779926236,-785.7837956658163,785.7837956658163,-5.8486839972441,-215.2496503486589,Sabáudia
4122701,0.0,2021,3344.114155251191,2978.5809038831912,-365.5332513679996,365.5332513679996,-5.8486839972441,-215.2496503486589,Sabáudia
4122701,0.0,2022,3429.890410958933,2927.369872449819,-502.5205385091144,502.5205385091144,-5.8486839972441,-215.2496503486589,Sabáudia
4122701,0.0,2023,3280.59817351599,3051.1689091338567,-229.4292643821332,229.4292643821332,-5.8486839972441,-215.2496503486589,Sabáudia
4122701,0.0,2024,2850.0,2562.4332947717867,-287.5667052282133,287.5667052282133,-5.8486839972441,-215.2496503486589,Sabáudia
4122909,0.0,2015,3828.333333333256,2163.155532168208,-1665.1778011650476,1665.1778011650476,-447.8103053539581,964.4718201892084,Salto do Itararé
4122909,0.0,2016,3887.823315118325,4232.80899006708,344.98567494875533,344.98567494875533,-447.8103053539581,964.4718201892084,Salto do Itararé
4122909,0.0,2017,3993.716894977106,5834.845244906385,1841.128349929279,1841.128349929279,-447.8103053539581,964.4718201892084,Salto do Itararé
4122909,0.0,2018,3986.228310502229,2706.7327963932485,-1279.4955141089808,1279.4955141089808,-447.8103053539581,964.4718201892084,Salto do Itararé
4122909,0.0,2019,3879.561643835573,5811.244157039472,1931.682513203899,1931.682513203899,-447.8103053539581,964.4718201892084,Salto do Itararé
4122909,0.0,2020,4024.408014571916,6888.055200058141,2863.647185486225,2863.647185486225,-447.8103053539581,964.4718201892084,Salto do Itararé
4122909,0.0,2021,4115.817351598149,5866.138695056661,1750.3213434585125,1750.3213434585125,-447.8103053539581,964.4718201892084,Salto do Itararé
4122909,0.0,2022,3959.561643835601,7189.3942131223575,3229.832569286757,3229.832569286757,-447.8103053539581,964.4718201892084,Salto do Itararé
4122909,0.0,2023,3852.894977168945,2380.2915811242306,-1472.6033960447144,1472.6033960447144,-447.8103053539581,964.4718201892084,Salto do Itararé
4122909,0.0,2024,3800.0,5900.397276897402,2100.3972768974018,2100.3972768974018,-447.8103053539581,964.4718201892084,Salto do Itararé
4123105,0.0,2015,2522.133333333477,2652.666640412792,130.53330707931443,130.53330707931443,-1.0054321142544191,-136.48419619600253,Santa Amélia
4123105,0.0,2016,2902.8189435338363,3788.245188404581,885.4262448707445,885.4262448707445,-1.0054321142544191,-136.48419619600253,Santa Amélia
4123105,0.0,2017,3146.9034703197544,2695.784743768036,-451.1187265517183,451.1187265517183,-1.0054321142544191,-136.48419619600253,Santa Amélia
4123105,0.0,2018,2853.8902283106045,2815.561298848058,-38.32892946254651,38.32892946254651,-1.0054321142544191,-136.48419619600253,Santa Amélia
4123105,0.0,2019,3015.0687671233723,2017.3108695043888,-997.7578976189836,997.7578976189836,-1.0054321142544191,-136.48419619600253,Santa Amélia
4123105,0.0,2020,3349.785063752336,3047.208417403255,-302.5766463490804,302.5766463490804,-1.0054321142544191,-136.48419619600253,Santa Amélia
4123105,0.0,2021,3356.8231050228724,3402.950425657636,46.12732063476369,46.12732063476369,-1.0054321142544191,-136.48419619600253,Santa Amélia
4123105,0.0,2022,3512.5112328767354,2799.20305652907,-713.3081763476648,713.3081763476648,-1.0054321142544191,-136.48419619600253,Santa Amélia
4123105,0.0,2023,2776.544566210051,1960.262222835752,-816.2823433742992,816.2823433742992,-1.0054321142544191,-136.48419619600253,Santa Amélia
4123105,0.0,2024,1891.0,2783.443885159445,892.443885159445,892.443885159445,-1.0054321142544191,-136.48419619600253,Santa Amélia
4123204,0.0,2015,2513.600000000152,0.0,-2513.600000000152,2513.600000000152,-15.259117174017373,-1152.5037383430697,Santa Cecília do Pavão
4123204,0.0,2016,2985.313661202332,2431.717718113721,-553.595943088611,553.595943088611,-15.259117174017373,-1152.5037383430697,Santa Cecília do Pavão
4123204,0.0,2017,3198.988219178209,3447.1015378216007,248.1133186433917,248.1133186433917,-15.259117174017373,-1152.5037383430697,Santa Cecília do Pavão
4123204,0.0,2018,2697.28821917819,0.0,-2697.28821917819,2697.28821917819,-15.259117174017373,-1152.5037383430697,Santa Cecília do Pavão
4123204,0.0,2019,2891.2594520548832,2065.1369530486363,-826.1224990062469,826.1224990062469,-15.259117174017373,-1152.5037383430697,Santa Cecília do Pavão
4123204,0.0,2020,3346.054644808813,0.0,-3346.054644808813,3346.054644808813,-15.259117174017373,-1152.5037383430697,Santa Cecília do Pavão
4123204,0.0,2021,3384.407397260324,2904.708339740684,-479.69905751964006,479.69905751964006,-15.259117174017373,-1152.5037383430697,Santa Cecília do Pavão
4123204,0.0,2022,3540.6690410959222,3820.2133571487857,279.54431605286345,279.54431605286345,-15.259117174017373,-1152.5037383430697,Santa Cecília do Pavão
4123204,0.0,2023,2775.511506849328,0.0,-2775.511506849328,2775.511506849328,-15.259117174017373,-1152.5037383430697,Santa Cecília do Pavão
4123204,0.0,2024,1890.0,3029.176852324032,1139.176852324032,1139.176852324032,-15.259117174017373,-1152.5037383430697,Santa Cecília do Pavão
4123303,0.0,2015,1817.3333333334888,11053.796713346548,9236.46338001306,9236.46338001306,-1368.6240168533852,11808.3421366558,Santa Cruz de Monte Castelo
4123303,0.0,2016,1973.347905282477,16626.578037209256,14653.23013192678,14653.23013192678,-1368.6240168533852,11808.3421366558,Santa Cruz de Monte Castelo
4123303,0.0,2017,2183.286757990993,18162.751832454836,15979.465074463838,15979.465074463838,-1368.6240168533852,11808.3421366558,Santa Cruz de Monte Castelo
4123303,0.0,2018,1729.01735159828,15576.537923792488,13847.520572194207,13847.520572194207,-1368.6240168533852,11808.3421366558,Santa Cruz de Monte Castelo
4123303,0.0,2019,1798.1452054795395,9514.1267867099,7715.98158123036,7715.98158123036,-1368.6240168533852,11808.3421366558,Santa Cruz de Monte Castelo
4123303,0.0,2020,2439.271402550159,13203.132980976665,10763.861578426504,10763.861578426504,-1368.6240168533852,11808.3421366558,Santa Cruz de Monte Castelo
4123303,0.0,2021,1329.4694063927425,12944.278328701705,11614.80892230896,11614.80892230896,-1368.6240168533852,11808.3421366558,Santa Cruz de Monte Castelo
4123303,0.0,2022,1510.5150684931798,22796.14341274969,21285.628344256515,21285.628344256515,-1368.6240168533852,11808.3421366558,Santa Cruz de Monte Castelo
4123303,0.0,2023,2416.3826484018364,6505.145147167406,4088.76249876557,4088.76249876557,-1368.6240168533852,11808.3421366558,Santa Cruz de Monte Castelo
4123303,0.0,2024,2000.0,10897.699282972211,8897.699282972211,8897.699282972211,-1368.6240168533852,11808.3421366558,Santa Cruz de Monte Castelo
4123402,0.0,2015,2168.000000000204,5487.892255433382,3319.892255433178,3319.892255433178,-219.7994937504108,4764.337023891452,Santa Fé
4123402,0.0,2016,2427.661202185981,11022.471479991513,8594.810277805529,8594.810277805529,-219.7994937504108,4764.337023891452,Santa Fé
4123402,0.0,2017,2728.1054794522142,5905.140139269313,3177.034659817099,3177.034659817099,-219.7994937504108,4764.337023891452,Santa Fé
4123402,0.0,2018,2340.7424657535557,6982.159942072489,4641.417476318933,4641.417476318933,-219.7994937504108,4764.337023891452,Santa Fé
4123402,0.0,2019,2485.379452054911,7974.99078404477,5489.61133198986,5489.61133198986,-219.7994937504108,4764.337023891452,Santa Fé
4123402,0.0,2020,2846.17486338808,5325.197966281306,2479.0231028932267,2479.0231028932267,-219.7994937504108,4764.337023891452,Santa Fé
4123402,0.0,2021,1726.2150684932235,7789.336785895716,6063.121717402493,6063.121717402493,-219.7994937504108,4764.337023891452,Santa Fé
4123402,0.0,2022,2246.906849315112,8104.679889304841,5857.773039989729,5857.773039989729,-219.7994937504108,4764.337023891452,Santa Fé
4123402,0.0,2023,2938.42054794522,6207.721050907157,3269.300502961938,3269.300502961938,-219.7994937504108,4764.337023891452,Santa Fé
4123402,0.0,2024,2235.0,6986.385874302531,4751.385874302531,4751.385874302531,-219.7994937504108,4764.337023891452,Santa Fé
4123600,0.0,2015,1963.9333333335237,1231.8673535022897,-732.0659798312338,732.0659798312338,-4.009874984657219,-682.4887865301132,Santa Inês
4123600,0.0,2016,2170.8746812387903,1493.998159059635,-676.8765221791552,676.8765221791552,-4.009874984657219,-682.4887865301132,Santa Inês
4123600,0.0,2017,2441.9242922375865,1237.6197782810525,-1204.304513956534,1204.304513956534,-4.009874984657219,-682.4887865301132,Santa Inês
4123600,0.0,2018,1725.6452968037656,1465.172273340815,-260.4730234629505,260.4730234629505,-4.009874984657219,-682.4887865301132,Santa Inês
4123600,0.0,2019,1662.9060273973712,1442.5341191922776,-220.37190820509363,220.37190820509363,-4.009874984657219,-682.4887865301132,Santa Inês
4123600,0.0,2020,2438.222222222331,1255.465431249506,-1182.756790972825,1182.756790972825,-4.009874984657219,-682.4887865301132,Santa Inês
4123600,0.0,2021,1691.6795433790728,1294.147169339015,-397.5323740400581,397.5323740400581,-4.009874984657219,-682.4887865301132,Santa Inês
4123600,0.0,2022,2230.066301369909,1732.833272874297,-497.2330284956124,497.2330284956124,-4.009874984657219,-682.4887865301132,Santa Inês
4123600,0.0,2023,2521.220182648417,1145.5933818140704,-1375.6268008343466,1375.6268008343466,-4.009874984657219,-682.4887865301132,Santa Inês
4123600,0.0,2024,1500.0,1222.353076676678,-277.646923323322,277.646923323322,-4.009874984657219,-682.4887865301132,Santa Inês
4123709,0.0,2015,2406.666666666773,1988.0653039376505,-418.6013627291227,418.6013627291227,-3.409029629192608,-7.229719392510629,Santa Isabel do Ivaí
4123709,0.0,2016,2462.8051001822514,3450.74040471302,987.9353045307683,987.9353045307683,-3.409029629192608,-7.229719392510629,Santa Isabel do Ivaí
4123709,0.0,2017,2776.2694063927865,2414.054722628962,-362.2146837638247,362.2146837638247,-3.409029629192608,-7.229719392510629,Santa Isabel do Ivaí
4123709,0.0,2018,2330.1278538813463,2610.962499573572,280.8346456922259,280.8346456922259,-3.409029629192608,-7.229719392510629,Santa Isabel do Ivaí
4123709,0.0,2019,2101.246575342509,1768.1324535292238,-333.1141218132857,333.1141218132857,-3.409029629192608,-7.229719392510629,Santa Isabel do Ivaí
4123709,0.0,2020,2609.47176684885,1940.3803943833432,-669.091372465507,669.091372465507,-3.409029629192608,-7.229719392510629,Santa Isabel do Ivaí
4123709,0.0,2021,1461.0182648402067,2442.4772632647287,981.458998424522,981.458998424522,-3.409029629192608,-7.229719392510629,Santa Isabel do Ivaí
4123709,0.0,2022,1694.0547945205628,3899.266281405104,2205.211486884541,2205.211486884541,-3.409029629192608,-7.229719392510629,Santa Isabel do Ivaí
4123709,0.0,2023,3094.214611872151,1490.7859287004171,-1603.428683171734,1603.428683171734,-3.409029629192608,-7.229719392510629,Santa Isabel do Ivaí
4123709,0.0,2024,3100.0,1958.7125944863103,-1141.2874055136897,1141.2874055136897,-3.409029629192608,-7.229719392510629,Santa Isabel do Ivaí
4123907,0.0,2015,2058.800000000221,2112.7062089876085,53.90620898738735,53.90620898738735,-63.283172656753024,1436.5093131275726,Santa Mariana
4123907,0.0,2016,2532.700546448291,7216.017315829584,4683.316769381293,4683.316769381293,-63.283172656753024,1436.5093131275726,Santa Mariana
4123907,0.0,2017,2780.97767123306,2601.836291909313,-179.14137932374706,179.14137932374706,-63.283172656753024,1436.5093131275726,Santa Mariana
4123907,0.0,2018,2475.200273972765,6330.53688618864,3855.3366122158745,3855.3366122158745,-63.283172656753024,1436.5093131275726,Santa Mariana
4123907,0.0,2019,2610.390000000129,2660.7764657169687,50.38646571684012,50.38646571684012,-63.283172656753024,1436.5093131275726,Santa Mariana
4123907,0.0,2020,2881.005464480967,7542.668796840028,4661.663332359061,4661.663332359061,-63.283172656753024,1436.5093131275726,Santa Mariana
4123907,0.0,2021,2318.37219178088,2649.6650803981256,331.2928886172458,331.2928886172458,-63.283172656753024,1436.5093131275726,Santa Mariana
4123907,0.0,2022,2670.8194520548323,2714.983212008518,44.16375995368571,44.16375995368571,-63.283172656753024,1436.5093131275726,Santa Mariana
4123907,0.0,2023,2743.600958904127,2684.680451235006,-58.92050766912098,58.92050766912098,-63.283172656753024,1436.5093131275726,Santa Mariana
4123907,0.0,2024,1890.0,2813.088981037208,923.0889810372082,923.0889810372082,-63.283172656753024,1436.5093131275726,Santa Mariana
4123956,0.0,2015,2386.666666666773,1841.6771526456823,-544.9895140210906,544.9895140210906,-51.71929717485968,2362.609243214284,Santa Mônica
4123956,0.0,2016,2425.209471766936,7605.78402384095,5180.574552074014,5180.574552074014,-51.71929717485968,2362.609243214284,Santa Mônica
4123956,0.0,2017,2854.8584474886475,5793.038999647266,2938.1805521586184,2938.1805521586184,-51.71929717485968,2362.609243214284,Santa Mônica
4123956,0.0,2018,2522.484018264893,2612.3858664404884,89.9018481755952,89.9018481755952,-51.71929717485968,2362.609243214284,Santa Mônica
4123956,0.0,2019,2359.4246575342904,5549.799887863987,3190.375230329697,3190.375230329697,-51.71929717485968,2362.609243214284,Santa Mônica
4123956,0.0,2020,2831.329690346117,5861.913067458568,3030.5833771124508,3030.5833771124508,-51.71929717485968,2362.609243214284,Santa Mônica
4123956,0.0,2021,1674.4018264840424,5387.73791154381,3713.336085059768,3713.336085059768,-51.71929717485968,2362.609243214284,Santa Mônica
4123956,0.0,2022,1870.3835616438505,6198.385845495651,4328.0022838518,4328.0022838518,-51.71929717485968,2362.609243214284,Santa Mônica
4123956,0.0,2023,3048.557077625576,1669.344751016167,-1379.2123266094088,1379.2123266094088,-51.71929717485968,2362.609243214284,Santa Mônica
4123956,0.0,2024,2975.0,6054.340344011401,3079.3403440114007,3079.3403440114007,-51.71929717485968,2362.609243214284,Santa Mônica
4124004,0.0,2015,3511.999999999884,0.0,-3511.999999999884,3511.999999999884,-30.28485537864321,-2317.573162401176,Santana do Itararé
4124004,0.0,2016,3467.2568306009903,3435.897855517612,-31.35897508337848,31.35897508337848,-30.28485537864321,-2317.573162401176,Santana do Itararé
4124004,0.0,2017,3075.668493150597,0.0,-3075.668493150597,3075.668493150597,-30.28485537864321,-2317.573162401176,Santana do Itararé
4124004,0.0,2018,2689.1342465752696,0.0,-2689.1342465752696,2689.1342465752696,-30.28485537864321,-2317.573162401176,Santana do Itararé
4124004,0.0,2019,3255.4767123287093,0.0,-3255.4767123287093,3255.4767123287093,-30.28485537864321,-2317.573162401176,Santana do Itararé
4124004,0.0,2020,3987.213114754055,0.0,-3987.213114754055,3987.213114754055,-30.28485537864321,-2317.573162401176,Santana do Itararé
4124004,0.0,2021,3971.312328767095,0.0,-3971.312328767095,3971.312328767095,-30.28485537864321,-2317.573162401176,Santana do Itararé
4124004,0.0,2022,3783.1342465753137,3360.3883198509657,-422.745926724348,422.745926724348,-30.28485537864321,-2317.573162401176,Santana do Itararé
4124004,0.0,2023,3043.832876712315,0.0,-3043.832876712315,3043.832876712315,-30.28485537864321,-2317.573162401176,Santana do Itararé
4124004,0.0,2024,2360.0,3173.0110500838946,813.0110500838946,813.0110500838946,-30.28485537864321,-2317.573162401176,Santana do Itararé
4124103,0.0,2015,3714.6666666665697,2610.931636907784,-1103.735029758786,1103.735029758786,-2.001939719724529,-74.90134783434314,Santo Antônio da Platina
4124103,0.0,2016,4159.919854280409,3940.1261651826135,-219.7936890977953,219.7936890977953,-2.001939719724529,-74.90134783434314,Santo Antônio da Platina
4124103,0.0,2017,3937.765296803556,4003.031948017331,65.26665121377528,65.26665121377528,-2.001939719724529,-74.90134783434314,Santo Antônio da Platina
4124103,0.0,2018,3329.185388127777,3547.882313984456,218.69692585667823,218.69692585667823,-2.001939719724529,-74.90134783434314,Santo Antônio da Platina
4124103,0.0,2019,3666.90684931501,4032.632216043112,365.725366728102,365.725366728102,-2.001939719724529,-74.90134783434314,Santo Antônio da Platina
4124103,0.0,2020,4100.947176684828,4570.995598487742,470.04842180291416,470.04842180291416,-2.001939719724529,-74.90134783434314,Santo Antônio da Platina
4124103,0.0,2021,4185.363470319587,4269.525014192365,84.16154387277857,84.16154387277857,-2.001939719724529,-74.90134783434314,Santo Antônio da Platina
4124103,0.0,2022,3960.126027397231,4064.047783657096,103.9217562598651,103.9217562598651,-2.001939719724529,-74.90134783434314,Santo Antônio da Platina
4124103,0.0,2023,3736.6968036529584,3438.574721722456,-298.1220819305022,298.1220819305022,-2.001939719724529,-74.90134783434314,Santo Antônio da Platina
4124103,0.0,2024,3680.0,3244.8166567095386,-435.1833432904614,435.1833432904614,-2.001939719724529,-74.90134783434314,Santo Antônio da Platina
4124202,0.0,2016,3664.416666666744,5746.5365896785415,2082.1199230117973,2082.1199230117973,-39.08401689548632,1206.48967721782,Santo Antônio do Caiuá
4124202,0.0,2017,3727.472374429291,5549.3076348542645,1821.835260424973,1821.835260424973,-39.08401689548632,1206.48967721782,Santo Antônio do Caiuá
4124202,0.0,2018,2975.9091324201395,4840.054535964768,1864.145403544628,1864.145403544628,-39.08401689548632,1206.48967721782,Santo Antônio do Caiuá
4124202,0.0,2019,2782.573287671277,2030.840339598197,-751.7329480730798,751.7329480730798,-39.08401689548632,1206.48967721782,Santo Antônio do Caiuá
4124202,0.0,2020,3331.948998178545,4918.963145893283,1587.0141477147376,1587.0141477147376,-39.08401689548632,1206.48967721782,Santo Antônio do Caiuá
4124202,0.0,2021,3117.931735159837,4685.371473406122,1567.4397382462853,1567.4397382462853,-39.08401689548632,1206.48967721782,Santo Antônio do Caiuá
4124202,0.0,2022,3196.8561643835765,7284.632830167914,4087.7766657843376,4087.7766657843376,-39.08401689548632,1206.48967721782,Santo Antônio do Caiuá
4124202,0.0,2023,3517.120319634713,3172.250060498721,-344.870259135992,344.870259135992,-39.08401689548632,1206.48967721782,Santo Antônio do Caiuá
4124202,0.0,2024,3597.0,2541.6791634426963,-1055.3208365573037,1055.3208365573037,-39.08401689548632,1206.48967721782,Santo Antônio do Caiuá
4124301,0.0,2015,2253.600000000238,1210.073263852929,-1043.5267361473093,1043.5267361473093,0.0296683025702884,-173.87487510590842,Santo Antônio do Paraíso
4124301,0.0,2016,2805.7508196723493,2833.170421183607,27.419601511257497,27.419601511257497,0.0296683025702884,-173.87487510590842,Santo Antônio do Paraíso
4124301,0.0,2017,3421.618356164561,3180.746349968392,-240.87200619616945,240.87200619616945,0.0296683025702884,-173.87487510590842,Santo Antônio do Paraíso
4124301,0.0,2018,2924.7402739727536,2797.875791881731,-126.86448209102264,126.86448209102264,0.0296683025702884,-173.87487510590842,Santo Antônio do Paraíso
4124301,0.0,2019,2801.177260274097,2543.197330163307,-257.9799301107905,257.9799301107905,0.0296683025702884,-173.87487510590842,Santo Antônio do Paraíso
4124301,0.0,2020,3266.1639344263285,2912.323500207956,-353.8404342183726,353.8404342183726,0.0296683025702884,-173.87487510590842,Santo Antônio do Paraíso
4124301,0.0,2021,3314.325205479524,3485.25659983765,170.931394358126,170.931394358126,0.0296683025702884,-173.87487510590842,Santo Antônio do Paraíso
4124301,0.0,2022,3480.8334246575814,3072.4594675567623,-408.3739571008191,408.3739571008191,0.0296683025702884,-173.87487510590842,Santo Antônio do Paraíso
4124301,0.0,2023,2755.6758904109797,2433.7574894461777,-321.91840096480155,321.91840096480155,0.0296683025702884,-173.87487510590842,Santo Antônio do Paraíso
4124301,0.0,2024,1890.0,2706.2761999008176,816.2761999008176,816.2761999008176,0.0296683025702884,-173.87487510590842,Santo Antônio do Paraíso
4124509,0.0,2015,1952.0000000001744,1564.631342806429,-387.3686571937456,387.3686571937456,-1.2863481904366,-122.1090780831686,Santo Inácio
4124509,0.0,2016,2083.8415300548195,1621.4194710773445,-462.4220589774752,462.4220589774752,-1.2863481904366,-122.1090780831686,Santo Inácio
4124509,0.0,2017,2296.0417808220927,2436.173511567541,140.13173074544875,140.13173074544875,-1.2863481904366,-122.1090780831686,Santo Inácio
4124509,0.0,2018,1669.3602739727482,1727.0819179213554,57.72164394860715,57.72164394860715,-1.2863481904366,-122.1090780831686,Santo Inácio
4124509,0.0,2019,1817.7554794521711,2108.6052327190337,290.84975326686254,290.84975326686254,-1.2863481904366,-122.1090780831686,Santo Inácio
4124509,0.0,2020,2580.25683060118,1795.3344713995054,-784.9223592016745,784.9223592016745,-1.2863481904366,-122.1090780831686,Santo Inácio
4124509,0.0,2021,1738.0554794521129,1852.9991459884768,114.94366653636392,114.94366653636392,-1.2863481904366,-122.1090780831686,Santo Inácio
4124509,0.0,2022,2317.565753424686,3131.367293906016,813.8015404813295,813.8015404813295,-1.2863481904366,-122.1090780831686,Santo Inácio
4124509,0.0,2023,2408.8568493150683,1106.15681585347,-1302.7000334615982,1302.7000334615982,-1.2863481904366,-122.1090780831686,Santo Inácio
4124509,0.0,2024,1200.0,1498.8739930241954,298.87399302419544,298.87399302419544,-1.2863481904366,-122.1090780831686,Santo Inácio
4124608,0.0,2015,2662.6666666667,2354.4317745995727,-308.2348920671275,308.2348920671275,-3.670378076243095,59.06529924546844,São Carlos do Ivaí
4124608,0.0,2016,2583.3187613843647,2932.7529012422656,349.43413985790085,349.43413985790085,-3.670378076243095,59.06529924546844,São Carlos do Ivaí
4124608,0.0,2017,2702.528310502309,2906.2042325036964,203.67592200138688,203.67592200138688,-3.670378076243095,59.06529924546844,São Carlos do Ivaí
4124608,0.0,2018,2454.475799086782,2882.873146357241,428.3973472704593,428.3973472704593,-3.670378076243095,59.06529924546844,São Carlos do Ivaí
4124608,0.0,2019,2579.8205479452204,2299.9509985692857,-279.86954937593464,279.86954937593464,-3.670378076243095,59.06529924546844,São Carlos do Ivaí
4124608,0.0,2020,2850.8925318761503,3000.6649708251243,149.772438948974,149.772438948974,-3.670378076243095,59.06529924546844,São Carlos do Ivaí
4124608,0.0,2021,1989.825114155261,2634.7085062018823,644.8833920466213,644.8833920466213,-3.670378076243095,59.06529924546844,São Carlos do Ivaí
4124608,0.0,2022,2243.498630136986,3197.000476914498,953.501846777512,953.501846777512,-3.670378076243095,59.06529924546844,São Carlos do Ivaí
4124608,0.0,2023,2953.0625570776238,1633.7500881991427,-1319.3124688784806,1319.3124688784806,-3.670378076243095,59.06529924546844,São Carlos do Ivaí
4124608,0.0,2024,2850.0,2618.4048158733726,-231.59518412662737,231.59518412662737,-3.670378076243095,59.06529924546844,São Carlos do Ivaí
4124707,0.0,2015,2397.600000000165,2609.232798088025,211.63279808786,211.63279808786,-18.82218499227389,1582.1371767769365,São Jerônimo da Serra
4124707,0.0,2016,3016.111475409992,7735.922160281364,4719.810684871372,4719.810684871372,-18.82218499227389,1582.1371767769365,São Jerônimo da Serra
4124707,0.0,2017,3340.708767123425,3933.3684524279697,592.6596853045448,592.6596853045448,-18.82218499227389,1582.1371767769365,São Jerônimo da Serra
4124707,0.0,2018,2680.2690410960054,7114.850017408608,4434.580976312604,4434.580976312604,-18.82218499227389,1582.1371767769365,São Jerônimo da Serra
4124707,0.0,2019,2868.2128767124213,3026.7778455011608,158.5649687887394,158.5649687887394,-18.82218499227389,1582.1371767769365,São Jerônimo da Serra
4124707,0.0,2020,3434.03278688532,4002.9205897551183,568.8878028697986,568.8878028697986,-18.82218499227389,1582.1371767769365,São Jerônimo da Serra
4124707,0.0,2021,3434.1279452055337,4731.451277872699,1297.3233326671657,1297.3233326671657,-18.82218499227389,1582.1371767769365,São Jerônimo da Serra
4124707,0.0,2022,3552.6361643835967,4956.433550185295,1403.797385801698,1403.797385801698,-18.82218499227389,1582.1371767769365,São Jerônimo da Serra
4124707,0.0,2023,2779.478630136999,3385.1030178733936,605.6243877363945,605.6243877363945,-18.82218499227389,1582.1371767769365,São Jerônimo da Serra
4124707,0.0,2024,1890.0,3718.489745329185,1828.489745329185,1828.489745329185,-18.82218499227389,1582.1371767769365,São Jerônimo da Serra
4124905,0.0,2015,1306.5499999999302,1082.3229746627385,-224.2270253371919,224.2270253371919,0.0196096417917542,-80.1105216981291,São João do Caiuá
4124905,0.0,2016,1306.5499999999302,1313.736854738876,7.18685473894584,7.18685473894584,0.0196096417917542,-80.1105216981291,São João do Caiuá
4124905,0.0,2017,2058.249999999942,1350.3648910415493,-707.8851089583925,707.8851089583925,0.0196096417917542,-80.1105216981291,São João do Caiuá
4124905,0.0,2018,1549.275753424617,1218.3371337911674,-330.93861963344966,330.93861963344966,0.0196096417917542,-80.1105216981291,São João do Caiuá
4124905,0.0,2019,652.546301369828,938.5052917681516,285.95899039832364,285.95899039832364,0.0196096417917542,-80.1105216981291,São João do Caiuá
4124905,0.0,2020,262.94999999995343,1278.1688009426323,1015.2188009426792,1015.2188009426792,0.0196096417917542,-80.1105216981291,São João do Caiuá
4124905,0.0,2021,769.6499999999651,1162.6771558322005,393.0271558322354,393.0271558322354,0.0196096417917542,-80.1105216981291,São João do Caiuá
4124905,0.0,2022,1445.8373972602565,1327.3800671653814,-118.45733009487503,118.45733009487503,0.0196096417917542,-80.1105216981291,São João do Caiuá
4124905,0.0,2023,2111.0,1070.121586828563,-1040.878413171437,1040.878413171437,0.0196096417917542,-80.1105216981291,São João do Caiuá
4125001,0.0,2015,2432.4000000001674,1983.843761191581,-448.5562388085864,448.5562388085864,-9.204453713010308,296.77588439180806,São João do Ivaí
4125001,0.0,2016,2948.1781420766592,5175.226224478999,2227.04808240234,2227.04808240234,-9.204453713010308,296.77588439180806,São João do Ivaí
4125001,0.0,2017,3461.3494520549298,3923.427982233582,462.0785301786523,462.0785301786523,-9.204453713010308,296.77588439180806,São João do Ivaí
4125001,0.0,2018,2952.603561643952,2603.202990193959,-349.40057144999264,349.40057144999264,-9.204453713010308,296.77588439180806,São João do Ivaí
4125001,0.0,2019,3365.191917808313,2677.6121832937897,-687.5797345145238,687.5797345145238,-9.204453713010308,296.77588439180806,São João do Ivaí
4125001,0.0,2020,3632.732240437232,3947.488620906095,314.756380468863,314.756380468863,-9.204453713010308,296.77588439180806,São João do Ivaí
4125001,0.0,2021,2421.86178082197,3144.2151229436645,722.3533421216944,722.3533421216944,-9.204453713010308,296.77588439180806,São João do Ivaí
4125001,0.0,2022,2626.9323287671555,5389.418328548757,2762.485999781601,2762.485999781601,-9.204453713010308,296.77588439180806,São João do Ivaí
4125001,0.0,2023,3271.0220547945314,1804.3589224513637,-1466.663132343168,1466.663132343168,-9.204453713010308,296.77588439180806,São João do Ivaí
4125001,0.0,2024,3150.0,2581.2361860812,-568.7638139188002,568.7638139188002,-9.204453713010308,296.77588439180806,São João do Ivaí
4125308,0.0,2015,2887.666666666756,3489.075212034172,601.4085453674161,601.4085453674161,-8.20162195635345,-661.4000113986176,São Jorge do Ivaí
4125308,0.0,2016,3271.586520947259,1907.0120849421664,-1364.5744360050926,1364.5744360050926,-8.20162195635345,-661.4000113986176,São Jorge do Ivaí
4125308,0.0,2017,3584.622831050299,3092.0741723811475,-492.54865866915134,492.54865866915134,-8.20162195635345,-661.4000113986176,São Jorge do Ivaí
4125308,0.0,2018,3023.796347032024,3613.100235499136,589.3038884671114,589.3038884671114,-8.20162195635345,-661.4000113986176,São Jorge do Ivaí
4125308,0.0,2019,2986.668493150736,1387.8708068416292,-1598.797686309107,1598.797686309107,-8.20162195635345,-661.4000113986176,São Jorge do Ivaí
4125308,0.0,2020,3400.510018214976,1688.7684405369562,-1711.7415776780197,1711.7415776780197,-8.20162195635345,-661.4000113986176,São Jorge do Ivaí
4125308,0.0,2021,2309.6730593607585,1579.0225150521612,-730.6505443085973,730.6505443085973,-8.20162195635345,-661.4000113986176,São Jorge do Ivaí
4125308,0.0,2022,2875.128767123305,3969.444993501581,1094.316226378276,1094.316226378276,-8.20162195635345,-661.4000113986176,São Jorge do Ivaí
4125308,0.0,2023,3824.491324200919,2729.5160702240846,-1094.9752539768342,1094.9752539768342,-8.20162195635345,-661.4000113986176,São Jorge do Ivaí
4125308,0.0,2024,3200.0,1294.2593827478229,-1905.740617252177,1905.740617252177,-8.20162195635345,-661.4000113986176,São Jorge do Ivaí
4125407,0.0,2015,2584.800000000221,2080.432865936063,-504.3671340641581,504.3671340641581,-2.401002839538685,-404.8003139627417,São José da Boa Vista
4125407,0.0,2016,3013.077595628619,2270.7447532831725,-742.3328423454464,742.3328423454464,-2.401002839538685,-404.8003139627417,São José da Boa Vista
4125407,0.0,2017,3462.8632876714087,3202.6352129042984,-260.22807476711023,260.22807476711023,-2.401002839538685,-404.8003139627417,São José da Boa Vista
4125407,0.0,2018,3514.763287671381,1474.501692347547,-2040.261595323834,2040.261595323834,-2.401002839538685,-404.8003139627417,São José da Boa Vista
4125407,0.0,2019,3566.6632876713543,2948.981927801979,-617.6813598693752,617.6813598693752,-2.401002839538685,-404.8003139627417,São José da Boa Vista
4125407,0.0,2020,3701.94535519135,4234.062471482386,532.1171162910364,532.1171162910364,-2.401002839538685,-404.8003139627417,São José da Boa Vista
4125407,0.0,2021,3672.1235616439008,3363.837988814034,-308.28557282986685,308.28557282986685,-2.401002839538685,-404.8003139627417,São José da Boa Vista
4125407,0.0,2022,3562.363287671271,2687.322780426613,-875.0405072446583,875.0405072446583,-2.401002839538685,-404.8003139627417,São José da Boa Vista
4125407,0.0,2023,2979.0852054794627,3244.392250473962,265.3070449944994,265.3070449944994,-2.401002839538685,-404.8003139627417,São José da Boa Vista
4125407,0.0,2024,2380.0,2882.7697855314964,502.7697855314964,502.7697855314964,-2.401002839538685,-404.8003139627417,São José da Boa Vista
4125555,0.0,2015,2239.866666666756,1626.9347732774822,-612.9318933892737,612.9318933892737,-1.6453755234321474,-64.18759926971272,São Manoel do Paraná
4125555,0.0,2016,2488.7275045538213,2450.174742711028,-38.55276184279364,38.55276184279364,-1.6453755234321474,-64.18759926971272,São Manoel do Paraná
4125555,0.0,2017,2782.782146118805,2465.685984246882,-317.09616187192296,317.09616187192296,-1.6453755234321474,-64.18759926971272,São Manoel do Paraná
4125555,0.0,2018,2172.045388127919,2131.4318003093376,-40.61358781858144,40.61358781858144,-1.6453755234321474,-64.18759926971272,São Manoel do Paraná
4125555,0.0,2019,2202.952465753471,2954.136608970195,751.1841432167239,751.1841432167239,-1.6453755234321474,-64.18759926971272,São Manoel do Paraná
4125555,0.0,2020,2590.925318761427,2512.955557753993,-77.96976100743404,77.96976100743404,-1.6453755234321474,-64.18759926971272,São Manoel do Paraná
4125555,0.0,2021,1556.2734703196736,2106.621609740984,550.3481394213102,550.3481394213102,-1.6453755234321474,-64.18759926971272,São Manoel do Paraná
4125555,0.0,2022,1681.0764383561846,3103.214242431033,1422.1378040748486,1422.1378040748486,-1.6453755234321474,-64.18759926971272,São Manoel do Paraná
4125555,0.0,2023,2871.712283105025,1306.898097692322,-1564.8141854127032,1564.8141854127032,-1.6453755234321474,-64.18759926971272,São Manoel do Paraná
4125555,0.0,2024,3200.0,2486.432271932699,-713.5677280673008,713.5677280673008,-1.6453755234321474,-64.18759926971272,São Manoel do Paraná
4125803,0.0,2015,2777.333333333489,2989.286190980702,211.95285764721348,211.95285764721348,-0.8185263791812216,-86.2229729262308,São Pedro do Ivaí
4125803,0.0,2016,3271.4353369764663,4593.06389013221,1321.6285531557437,1321.6285531557437,-0.8185263791812216,-86.2229729262308,São Pedro do Ivaí
4125803,0.0,2017,3791.8415525115415,2840.2927082463634,-951.548844265178,951.548844265178,-0.8185263791812216,-86.2229729262308,São Pedro do Ivaí
4125803,0.0,2018,3637.907762557184,3218.331911103338,-419.5758514538461,419.5758514538461,-0.8185263791812216,-86.2229729262308,São Pedro do Ivaí
4125803,0.0,2019,3951.2890410959776,4233.375047188212,282.0860060922346,282.0860060922346,-0.8185263791812216,-86.2229729262308,São Pedro do Ivaí
4125803,0.0,2020,4073.0965391621808,3377.7156474644185,-695.3808916977623,695.3808916977623,-0.8185263791812216,-86.2229729262308,São Pedro do Ivaí
4125803,0.0,2021,3874.243378995482,3515.785518464932,-358.4578605305501,358.4578605305501,-0.8185263791812216,-86.2229729262308,São Pedro do Ivaí
4125803,0.0,2022,3834.1178082192073,3463.0324566371783,-371.085351582029,371.085351582029,-0.8185263791812216,-86.2229729262308,São Pedro do Ivaí
4125803,0.0,2023,3164.731963470329,2825.4706067193297,-339.26135675099977,339.26135675099977,-0.8185263791812216,-86.2229729262308,São Pedro do Ivaí
4125803,0.0,2024,2700.0,3157.4130101228657,457.41301012286567,457.41301012286567,-0.8185263791812216,-86.2229729262308,São Pedro do Ivaí
4125902,0.0,2016,2785.75,2989.469073213594,203.71907321359413,203.71907321359413,-10.653763141969272,-273.06571366605016,São Pedro do Paraná
4125902,0.0,2017,2765.171526418791,2720.530822785019,-44.64070363377186,44.64070363377186,-10.653763141969272,-273.06571366605016,São Pedro do Paraná
4125902,0.0,2018,2119.4185909980483,1960.6955510306975,-158.7230399673506,158.7230399673506,-10.653763141969272,-273.06571366605016,São Pedro do Paraná
4125902,0.0,2019,2340.514970645799,1350.1784633679106,-990.3365072778886,990.3365072778886,-10.653763141969272,-273.06571366605016,São Pedro do Paraná
4125902,0.0,2020,3006.5230288836924,1841.695356503772,-1164.8276723799204,1164.8276723799204,-10.653763141969272,-273.06571366605016,São Pedro do Paraná
4125902,0.0,2021,1908.869373776909,2198.572003987822,289.70263021091296,289.70263021091296,-10.653763141969272,-273.06571366605016,São Pedro do Paraná
4125902,0.0,2022,2120.5164383561664,4769.569158642632,2649.052720286465,2649.052720286465,-10.653763141969272,-273.06571366605016,São Pedro do Paraná
4125902,0.0,2023,2968.18816046967,757.8554652168677,-2210.3326952528023,2210.3326952528023,-10.653763141969272,-273.06571366605016,São Pedro do Paraná
4125902,0.0,2024,2700.0,1668.7947718063097,-1031.2052281936903,1031.2052281936903,-10.653763141969272,-273.06571366605016,São Pedro do Paraná
4126009,0.0,2015,2558.133333333477,2846.003557550627,287.8702242171503,287.8702242171503,-28.52314210869024,1039.233162326848,São Sebastião da Amoreira
4126009,0.0,2016,2879.999271402681,8355.329502569497,5475.330231166816,5475.330231166816,-28.52314210869024,1039.233162326848,São Sebastião da Amoreira
4126009,0.0,2017,3127.9089497718023,3152.3447139733,24.43576420149748,24.43576420149748,-28.52314210869024,1039.233162326848,São Sebastião da Amoreira
4126009,0.0,2018,2776.416255707857,3257.6210782462954,481.2048225384378,481.2048225384378,-28.52314210869024,1039.233162326848,São Sebastião da Amoreira
4126009,0.0,2019,2942.5673972603518,2591.222769966946,-351.3446272934052,351.3446272934052,-28.52314210869024,1039.233162326848,São Sebastião da Amoreira
4126009,0.0,2020,3399.2932604736475,2573.1255608189667,-826.1676996546807,826.1676996546807,-28.52314210869024,1039.233162326848,São Sebastião da Amoreira
4126009,0.0,2021,3318.5957077625985,2687.989208646629,-630.6064991159697,630.6064991159697,-28.52314210869024,1039.233162326848,São Sebastião da Amoreira
4126009,0.0,2022,3448.51671232879,8481.381111595496,5032.864399266706,5032.864399266706,-28.52314210869024,1039.233162326848,São Sebastião da Amoreira
4126009,0.0,2023,2775.056894977174,2940.3345275966126,165.27763261943846,165.27763261943846,-28.52314210869024,1039.233162326848,São Sebastião da Amoreira
4126009,0.0,2024,1891.0,2624.4673753224897,733.4673753224897,733.4673753224897,-28.52314210869024,1039.233162326848,São Sebastião da Amoreira
4126108,0.0,2015,2306.533333333428,1232.781181381751,-1073.752151951677,1073.752151951677,-5.816589421688426,-1241.737207102248,São Tomé
4126108,0.0,2016,2689.4561020037304,2410.174015734311,-279.2820862694193,279.2820862694193,-5.816589421688426,-1241.737207102248,São Tomé
4126108,0.0,2017,2948.0789497717637,1031.4685155442037,-1916.61043422756,1916.61043422756,-5.816589421688426,-1241.737207102248,São Tomé
4126108,0.0,2018,2306.474611872206,1072.802621254912,-1233.671990617294,1233.671990617294,-5.816589421688426,-1241.737207102248,São Tomé
4126108,0.0,2019,2427.610000000054,1447.967859176956,-979.642140823098,979.642140823098,-5.816589421688426,-1241.737207102248,São Tomé
4126108,0.0,2020,2732.364298725002,1120.528712334991,-1611.8355863900108,1611.8355863900108,-5.816589421688426,-1241.737207102248,São Tomé
4126108,0.0,2021,1639.4698173516322,1326.108982671606,-313.3608346800261,313.3608346800261,-5.816589421688426,-1241.737207102248,São Tomé
4126108,0.0,2022,1730.9394520548146,1181.8792027885297,-549.0602492662849,549.0602492662849,-5.816589421688426,-1241.737207102248,São Tomé
4126108,0.0,2023,3039.4748401826555,869.6158456727082,-2169.8589945099475,2169.8589945099475,-5.816589421688426,-1241.737207102248,São Tomé
4126108,0.0,2024,3500.0,1209.7023977128383,-2290.2976022871617,2290.2976022871617,-5.816589421688426,-1241.737207102248,São Tomé
4126207,0.0,2015,2938.66666666673,1406.1362284559782,-1532.530438210752,1532.530438210752,-10.370395875372973,-85.76198768088457,Sapopema
4126207,0.0,2016,3304.488160291497,3732.85031636316,428.36215607166287,428.36215607166287,-10.370395875372973,-85.76198768088457,Sapopema
4126207,0.0,2017,3609.705022831099,4051.270398271228,441.5653754401292,441.5653754401292,-10.370395875372973,-85.76198768088457,Sapopema
4126207,0.0,2018,3557.8648401826867,3470.823867955589,-87.04097222709788,87.04097222709788,-10.370395875372973,-85.76198768088457,Sapopema
4126207,0.0,2019,3626.024657534283,3232.020521337968,-394.0041361963149,394.0041361963149,-10.370395875372973,-85.76198768088457,Sapopema
4126207,0.0,2020,3673.0783242258985,3753.183791244351,80.10546701845215,80.10546701845215,-10.370395875372973,-85.76198768088457,Sapopema
4126207,0.0,2021,3378.5634703196592,4166.76343848159,788.1999681619309,788.1999681619309,-10.370395875372973,-85.76198768088457,Sapopema
4126207,0.0,2022,3279.928767123303,3881.14287679614,601.2141096728369,601.2141096728369,-10.370395875372973,-85.76198768088457,Sapopema
4126207,0.0,2023,3375.5406392694117,2312.665208768948,-1062.8754305004636,1062.8754305004636,-10.370395875372973,-85.76198768088457,Sapopema
4126207,0.0,2024,3300.0,3179.3840239607707,-120.61597603922928,120.61597603922928,-10.370395875372973,-85.76198768088457,Sapopema
4126256,0.0,2015,2277.3333333335763,2744.1271219656483,466.793788632072,466.793788632072,-0.8227390469540978,-176.0002621956684,Sarandi
4126256,0.0,2016,2985.724954462891,2999.992665544568,14.26771108167668,14.26771108167668,-0.8227390469540978,-176.0002621956684,Sarandi
4126256,0.0,2017,3522.118949771895,2532.8679273162693,-989.2510224556258,989.2510224556258,-0.8227390469540978,-176.0002621956684,Sarandi
4126256,0.0,2018,3095.3803652969755,3491.1296798759117,395.7493145789358,395.7493145789358,-0.8227390469540978,-176.0002621956684,Sarandi
4126256,0.0,2019,3116.4226027398645,2020.03743679772,-1096.3851659421448,1096.3851659421448,-0.8227390469540978,-176.0002621956684,Sarandi
4126256,0.0,2020,3342.932604735988,2542.410874606844,-800.5217301291441,800.5217301291441,-0.8227390469540978,-176.0002621956684,Sarandi
4126256,0.0,2021,2127.794748858518,2924.0227383735846,796.2279895150668,796.2279895150668,-0.8227390469540978,-176.0002621956684,Sarandi
4126256,0.0,2022,2581.9191780822352,2579.3624948175566,-2.556683264678668,2.556683264678668,-0.8227390469540978,-176.0002621956684,Sarandi
4126256,0.0,2023,3573.207990867597,3252.7355494663534,-320.4724414012435,320.4724414012435,-0.8227390469540978,-176.0002621956684,Sarandi
4126256,0.0,2024,3000.0,2776.1456174284017,-223.8543825715983,223.8543825715983,-0.8227390469540978,-176.0002621956684,Sarandi
4126405,0.0,2015,2231.466666666849,2026.140621475927,-205.3260451909221,205.3260451909221,-0.2459225099043456,-221.30610363670863,Sertaneja
4126405,0.0,2016,2521.0739526413404,2522.9454729516474,1.8715203103070053,1.8715203103070053,-0.2459225099043456,-221.30610363670863,Sertaneja
4126405,0.0,2017,2704.7285844750445,2361.645733566856,-343.0828509081889,343.0828509081889,-0.2459225099043456,-221.30610363670863,Sertaneja
4126405,0.0,2018,2500.795251141681,2106.283478412981,-394.5117727287002,394.5117727287002,-0.2459225099043456,-221.30610363670863,Sertaneja
4126405,0.0,2019,2690.0673972603727,2227.342946096564,-462.7244511638087,462.7244511638087,-0.2459225099043456,-221.30610363670863,Sertaneja
4126405,0.0,2020,3024.0291438980794,2653.396424345332,-370.6327195527474,370.6327195527474,-0.2459225099043456,-221.30610363670863,Sertaneja
4126405,0.0,2021,2397.839086758044,2513.374088903579,115.53500214553516,115.53500214553516,-0.2459225099043456,-221.30610363670863,Sertaneja
4126405,0.0,2022,2684.1386301370094,2629.9346918179444,-54.20393831906495,54.20393831906495,-0.2459225099043456,-221.30610363670863,Sertaneja
4126405,0.0,2023,2746.865570776263,2111.3625045636813,-635.5030662125819,635.5030662125819,-0.2459225099043456,-221.30610363670863,Sertaneja
4126405,0.0,2024,1890.0,2025.517285253085,135.517285253085,135.517285253085,-0.2459225099043456,-221.30610363670863,Sertaneja
4126504,0.0,2019,2756.509726027476,346339.8011648831,343583.2914388556,343583.2914388556,-1981026.925261079,388572.1679597969,Sertanópolis
4126504,0.0,2020,3051.9599271403176,401847.7506571181,398795.7907299777,398795.7907299777,-1981026.925261079,388572.1679597969,Sertanópolis
4126504,0.0,2021,3074.287351598214,511749.6075236836,508675.3201720854,508675.3201720854,-1981026.925261079,388572.1679597969,Sertanópolis
4126504,0.0,2023,2735.251278538824,302203.82179016643,299468.5705116276,299468.5705116276,-1981026.925261079,388572.1679597969,Sertanópolis
4126504,0.0,2024,2300.0,394637.8669464381,392337.8669464381,392337.8669464381,-1981026.925261079,388572.1679597969,Sertanópolis
4126603,0.0,2015,3418.666666666686,2785.7530500124985,-632.9136166541875,632.9136166541875,-12.673172681489453,-250.55542061828828,Siqueira Campos
4126603,0.0,2016,3580.8816029144045,4371.368961740317,790.4873588259125,790.4873588259125,-12.673172681489453,-250.55542061828828,Siqueira Campos
4126603,0.0,2017,3828.376255707768,3963.969010893528,135.59275518576078,135.59275518576078,-12.673172681489453,-250.55542061828828,Siqueira Campos
4126603,0.0,2018,4101.864840182643,2871.928524001867,-1229.936316180776,1229.936316180776,-12.673172681489453,-250.55542061828828,Siqueira Campos
4126603,0.0,2019,4020.8328767123294,2743.565297546214,-1277.2675791661154,1277.2675791661154,-12.673172681489453,-250.55542061828828,Siqueira Campos
4126603,0.0,2020,3976.848816029149,3661.629232021631,-315.2195840075178,315.2195840075178,-12.673172681489453,-250.55542061828828,Siqueira Campos
4126603,0.0,2021,4153.01552511415,4212.689974148386,59.67444903423621,59.67444903423621,-12.673172681489453,-250.55542061828828,Siqueira Campos
4126603,0.0,2022,3833.709589041081,4779.56963501047,945.8600459693888,945.8600459693888,-12.673172681489453,-250.55542061828828,Siqueira Campos
4126603,0.0,2023,3518.348858447479,1700.3291656045624,-1818.0196928429168,1818.0196928429168,-12.673172681489453,-250.55542061828828,Siqueira Campos
4126603,0.0,2024,3480.0,4316.187973653332,836.1879736533319,836.1879736533319,-12.673172681489453,-250.55542061828828,Siqueira Campos
4126678,0.0,2015,3344.0000000000286,1399.6285103033676,-1944.371489696661,1944.371489696661,-80.00248211948795,-713.8906385067746,Tamarana
4126678,0.0,2016,3695.6612021858177,5849.059140166176,2153.397937980358,2153.397937980358,-80.00248211948795,-713.8906385067746,Tamarana
4126678,0.0,2017,3806.316438356186,2177.276664251356,-1629.03977410483,1629.03977410483,-80.00248211948795,-713.8906385067746,Tamarana
4126678,0.0,2018,3396.3095890411137,5802.496191805321,2406.186602764208,2406.186602764208,-80.00248211948795,-713.8906385067746,Tamarana
4126678,0.0,2019,3454.138356164397,1894.355046227593,-1559.7833099368045,1559.7833099368045,-80.00248211948795,-713.8906385067746,Tamarana
4126678,0.0,2020,3711.912568306022,2481.942361216458,-1229.9702070895642,1229.9702070895642,-80.00248211948795,-713.8906385067746,Tamarana
4126678,0.0,2021,3770.4863013698714,2675.7259212466,-1094.7603801232704,1094.7603801232704,-80.00248211948795,-713.8906385067746,Tamarana
4126678,0.0,2022,3788.6657534246615,2416.535486192793,-1372.130267231868,1372.130267231868,-80.00248211948795,-713.8906385067746,Tamarana
4126678,0.0,2023,3537.283561643836,1846.0782575808605,-1691.2053040629753,1691.2053040629753,-80.00248211948795,-713.8906385067746,Tamarana
4126678,0.0,2024,3300.0,2122.7698064336605,-1177.2301935663395,1177.2301935663395,-80.00248211948795,-713.8906385067746,Tamarana
4126702,0.0,2015,2917.20000000007,3890.014889155004,972.8148891549343,972.8148891549343,-22.502854376272232,1646.8687558148406,Tamboara
4126702,0.0,2016,3010.381420765093,5210.705000306279,2200.323579541186,2200.323579541186,-22.502854376272232,1646.8687558148406,Tamboara
4126702,0.0,2017,3171.28534246581,5153.619066669196,1982.3337242033865,1982.3337242033865,-22.502854376272232,1646.8687558148406,Tamboara
4126702,0.0,2018,3155.3942465753908,4870.496524148025,1715.1022775726342,1715.1022775726342,-22.502854376272232,1646.8687558148406,Tamboara
4126702,0.0,2019,3065.864794520587,4199.405474163924,1133.5406796433367,1133.5406796433367,-22.502854376272232,1646.8687558148406,Tamboara
4126702,0.0,2020,3051.234972677626,4794.297359187624,1743.0623865099983,1743.0623865099983,-22.502854376272232,1646.8687558148406,Tamboara
4126702,0.0,2021,2022.8004109589256,4554.749149520411,2531.9487385614857,2531.9487385614857,-22.502854376272232,1646.8687558148406,Tamboara
4126702,0.0,2022,2730.93671232878,6407.945581166901,3677.008868838121,3677.008868838121,-22.502854376272232,1646.8687558148406,Tamboara
4126702,0.0,2023,3727.212739726032,3225.189279749245,-502.0234599767864,502.0234599767864,-22.502854376272232,1646.8687558148406,Tamboara
4126702,0.0,2024,3050.0,4064.5758741001055,1014.5758741001064,1014.5758741001064,-22.502854376272232,1646.8687558148406,Tamboara
4126801,0.0,2016,3500.0,2751.917444284168,-748.0825557158319,748.0825557158319,-0.1229474794915055,-217.5771920965143,Tapejara
4126801,0.0,2017,3500.0,3030.9093319479857,-469.0906680520143,469.0906680520143,-0.1229474794915055,-217.5771920965143,Tapejara
4126801,0.0,2019,2499.0,2294.6998772266406,-204.30012277335936,204.30012277335936,-0.1229474794915055,-217.5771920965143,Tapejara
4126801,0.0,2020,2499.0,3050.1645781551483,551.1645781551483,551.1645781551483,-0.1229474794915055,-217.5771920965143,Tapejara
4126900,0.0,2015,2528.866666666785,1745.1668971448091,-783.6997695219764,783.6997695219764,-0.5276624839638262,-114.79795286372128,Tapira
4126900,0.0,2016,2470.9351548270743,2728.1610714968,257.2259166697254,257.2259166697254,-0.5276624839638262,-114.79795286372128,Tapira
4126900,0.0,2017,2758.3266666667646,1747.74315664709,-1010.5835100196746,1010.5835100196746,-0.5276624839638262,-114.79795286372128,Tapira
4126900,0.0,2018,2534.696073059441,2913.4823996854348,378.7863266259942,378.7863266259942,-0.5276624839638262,-114.79795286372128,Tapira
4126900,0.0,2019,2502.298356164444,2537.442576834612,35.14422067016767,35.14422067016767,-0.5276624839638262,-114.79795286372128,Tapira
4126900,0.0,2020,3006.7723132969463,2602.287161040786,-404.4851522561603,404.4851522561603,-0.5276624839638262,-114.79795286372128,Tapira
4126900,0.0,2021,1679.831689497741,2118.778069998174,438.94638050043295,438.94638050043295,-0.5276624839638262,-114.79795286372128,Tapira
4126900,0.0,2022,2163.872328767129,2539.6712837777022,375.7989550105731,375.7989550105731,-0.5276624839638262,-114.79795286372128,Tapira
4126900,0.0,2023,3204.817077625573,2990.994833439738,-213.82224418583476,213.82224418583476,-0.5276624839638262,-114.79795286372128,Tapira
4126900,0.0,2024,2505.0,2283.70934786954,-221.29065213046036,221.29065213046036,-0.5276624839638262,-114.79795286372128,Tapira
4127205,0.0,2015,1854.133333333506,2817.6962895375,963.562956203994,963.562956203994,-15.190619344299932,1644.804396796432,Terra Boa
4127205,0.0,2016,2428.2451730420544,4976.425797351837,2548.1806243097826,2548.1806243097826,-15.190619344299932,1644.804396796432,Terra Boa
4127205,0.0,2017,2931.582237443057,4834.014754770127,1902.4325173270704,1902.4325173270704,-15.190619344299932,1644.804396796432,Terra Boa
4127205,0.0,2018,2299.455981735269,4475.929181144998,2176.473199409729,2176.473199409729,-15.190619344299932,1644.804396796432,Terra Boa
4127205,0.0,2019,2230.0694520548936,4179.208214625319,1949.138762570425,1949.138762570425,-15.190619344299932,1644.804396796432,Terra Boa
4127205,0.0,2020,2547.162112932693,3790.9582961227866,1243.7961831900934,1243.7961831900934,-15.190619344299932,1644.804396796432,Terra Boa
4127205,0.0,2021,1613.7621461187844,4595.440023027049,2981.677876908265,2981.677876908265,-15.190619344299932,1644.804396796432,Terra Boa
4127205,0.0,2022,1732.671506849353,3701.032580353043,1968.3610735036905,1968.3610735036905,-15.190619344299932,1644.804396796432,Terra Boa
4127205,0.0,2023,2799.172648401839,2330.9800569394074,-468.19259146243166,468.19259146243166,-15.190619344299932,1644.804396796432,Terra Boa
4127205,0.0,2024,3000.0,4182.613366003704,1182.613366003704,1182.613366003704,-15.190619344299932,1644.804396796432,Terra Boa
4127304,0.0,2015,2040.133333333506,2765.354280792247,725.2209474587412,725.2209474587412,-38.01957008666413,1712.2632452069513,Terra Rica
4127304,0.0,2016,2100.4528233152782,4124.375951591697,2023.923128276419,2023.923128276419,-38.01957008666413,1712.2632452069513,Terra Rica
4127304,0.0,2017,2220.6014155252487,4957.307340062112,2736.7059245368628,2736.7059245368628,-38.01957008666413,1712.2632452069513,Terra Rica
4127304,0.0,2018,2239.258721461297,2729.412324567498,490.15360310620144,490.15360310620144,-38.01957008666413,1712.2632452069513,Terra Rica
4127304,0.0,2019,2360.894109589125,3632.5989586523015,1271.704849063176,1271.704849063176,-38.01957008666413,1712.2632452069513,Terra Rica
4127304,0.0,2020,2580.3861566485107,4860.402213084283,2280.0160564357725,2280.0160564357725,-38.01957008666413,1712.2632452069513,Terra Rica
4127304,0.0,2021,1490.671735159851,4926.870025774048,3436.1982906141966,3436.1982906141966,-38.01957008666413,1712.2632452069513,Terra Rica
4127304,0.0,2022,1630.3810958904196,5681.254289391228,4050.873193500808,4050.873193500808,-38.01957008666413,1712.2632452069513,Terra Rica
4127304,0.0,2023,2612.8301826484,2675.548434539036,62.71825189063611,62.71825189063611,-38.01957008666413,1712.2632452069513,Terra Rica
4127304,0.0,2024,2350.0,2395.118207186698,45.11820718669787,45.11820718669787,-38.01957008666413,1712.2632452069513,Terra Rica
4127809,0.0,2015,3635.999999999972,3430.123083048985,-205.87691695098687,205.87691695098687,-8.336260186261995,89.77416600022134,Tomazina
4127809,0.0,2016,3633.7377049180072,3767.931593936119,134.1938890181118,134.1938890181118,-8.336260186261995,89.77416600022134,Tomazina
4127809,0.0,2017,3629.2315068492935,3691.789345141289,62.55783829199572,62.55783829199572,-8.336260186261995,89.77416600022134,Tomazina
4127809,0.0,2018,3559.197260273953,3617.2163881086394,58.019127834685605,58.019127834685605,-8.336260186261995,89.77416600022134,Tomazina
4127809,0.0,2019,3454.943835616422,2653.0627281284364,-801.8811074879854,801.8811074879854,-8.336260186261995,89.77416600022134,Tomazina
4127809,0.0,2020,3692.240437158457,3621.9850452346345,-70.25539192382257,70.25539192382257,-8.336260186261995,89.77416600022134,Tomazina
4127809,0.0,2021,3961.231506849305,3890.348729261579,-70.8827775877262,70.8827775877262,-8.336260186261995,89.77416600022134,Tomazina
4127809,0.0,2022,3714.758904109584,4043.244989257741,328.48608514815714,328.48608514815714,-8.336260186261995,89.77416600022134,Tomazina
4127809,0.0,2023,3472.231506849313,4321.382508547369,849.151001698056,849.151001698056,-8.336260186261995,89.77416600022134,Tomazina
4127809,0.0,2024,3470.0,4084.229911961728,614.2299119617282,614.2299119617282,-8.336260186261995,89.77416600022134,Tomazina
4127908,0.0,2015,1925.133333333477,1485.8678169948491,-439.2655163386278,439.2655163386278,0.018393997562792,-2.531765487306825,Tuneiras do Oeste
4127908,0.0,2016,2377.3326047360147,1916.6074714374083,-460.7251332986061,460.7251332986061,0.018393997562792,-2.531765487306825,Tuneiras do Oeste
4127908,0.0,2017,2671.611004566316,2689.9592942125355,18.34828964621965,18.34828964621965,0.018393997562792,-2.531765487306825,Tuneiras do Oeste
4127908,0.0,2018,1964.806666666747,2248.174280473407,283.3676138066601,283.3676138066601,0.018393997562792,-2.531765487306825,Tuneiras do Oeste
4127908,0.0,2019,2121.5639726028103,1644.1483337090797,-477.4156388937308,477.4156388937308,0.018393997562792,-2.531765487306825,Tuneiras do Oeste
4127908,0.0,2020,2560.9326047359423,2276.805871641261,-284.1267330946808,284.1267330946808,0.018393997562792,-2.531765487306825,Tuneiras do Oeste
4127908,0.0,2021,1552.6128310502622,2236.743927550255,684.131096499993,684.131096499993,0.018393997562792,-2.531765487306825,Tuneiras do Oeste
4127908,0.0,2022,1628.4715068493235,2369.0541726577794,740.5826658084559,740.5826658084559,0.018393997562792,-2.531765487306825,Tuneiras do Oeste
4127908,0.0,2023,2644.957579908674,2720.1029218118165,75.14534190314271,75.14534190314271,0.018393997562792,-2.531765487306825,Tuneiras do Oeste
4127908,0.0,2024,2850.0,2684.640359088106,-165.35964091189408,165.35964091189408,0.018393997562792,-2.531765487306825,Tuneiras do Oeste
4128302,0.0,2015,2625.333333333452,2908.767471544852,283.4341382114003,283.4341382114003,-2.5832575978089296,-54.41106856853698,Uniflor
4128302,0.0,2016,2998.276867031078,3296.2527022973923,297.97583526631433,297.97583526631433,-2.5832575978089296,-54.41106856853698,Uniflor
4128302,0.0,2017,3494.11826484028,2558.562026240424,-935.5562385998556,935.5562385998556,-2.5832575978089296,-54.41106856853698,Uniflor
4128302,0.0,2018,2954.4995433790764,2921.2890379813443,-33.21050539773205,33.21050539773205,-2.5832575978089296,-54.41106856853698,Uniflor
4128302,0.0,2019,3012.552054794586,2686.8714670007976,-325.6805877937886,325.6805877937886,-2.5832575978089296,-54.41106856853698,Uniflor
4128302,0.0,2020,3220.910746812436,2801.616626040228,-419.2941207722083,419.2941207722083,-2.5832575978089296,-54.41106856853698,Uniflor
4128302,0.0,2021,2342.218721461225,3730.586839794931,1388.3681183337062,1388.3681183337062,-2.5832575978089296,-54.41106856853698,Uniflor
4128302,0.0,2022,2834.408219178104,2980.644937618555,146.2367184404511,146.2367184404511,-2.5832575978089296,-54.41106856853698,Uniflor
4128302,0.0,2023,3396.625114155257,2717.7746676000684,-678.8504465551887,678.8504465551887,-2.5832575978089296,-54.41106856853698,Uniflor
4128302,0.0,2024,3100.0,2832.4664031815314,-267.5335968184686,267.5335968184686,-2.5832575978089296,-54.41106856853698,Uniflor
4128401,0.0,2015,2237.066666666856,2552.265937205604,315.19927053874835,315.19927053874835,-4.307284568635212,-158.12160807516238,Uraí
4128401,0.0,2016,2579.1089253189352,3404.8315156994527,825.7225903805174,825.7225903805174,-4.307284568635212,-158.12160807516238,Uraí
4128401,0.0,2017,2806.714063927088,2551.540320271912,-255.17374365517617,255.17374365517617,-4.307284568635212,-158.12160807516238,Uraí
4128401,0.0,2018,2556.834155251262,1430.3605692137487,-1126.473586037513,1126.473586037513,-4.307284568635212,-158.12160807516238,Uraí
4128401,0.0,2019,2761.146027397353,1185.33260955571,-1575.8134178416435,1575.8134178416435,-4.307284568635212,-158.12160807516238,Uraí
4128401,0.0,2020,3138.936247723213,3222.7667885467413,83.83054082352783,83.83054082352783,-4.307284568635212,-158.12160807516238,Uraí
4128401,0.0,2021,2614.482100456689,1623.0859297481627,-991.396170708526,991.396170708526,-4.307284568635212,-158.12160807516238,Uraí
4128401,0.0,2022,2852.9200000000405,3199.1813094560657,346.2613094560252,346.2613094560252,-4.307284568635212,-158.12160807516238,Uraí
4128401,0.0,2023,2723.9003652968167,2836.272877916464,112.37251261964684,112.37251261964684,-4.307284568635212,-158.12160807516238,Uraí
4128401,0.0,2024,1829.0,2513.2546136727697,684.2546136727697,684.2546136727697,-4.307284568635212,-158.12160807516238,Uraí
4128500,0.0,2015,2748.000000000204,2195.6858925250035,-552.3141074752007,552.3141074752007,-0.8208417067746534,-411.7535438830828,Wenceslau Braz
4128500,0.0,2016,2990.0655737706807,2448.2395667316378,-541.8260070390429,541.8260070390429,-0.8208417067746534,-411.7535438830828,Wenceslau Braz
4128500,0.0,2017,3270.584931507024,3106.209732841553,-164.37519866547063,164.37519866547063,-0.8208417067746534,-411.7535438830828,Wenceslau Braz
4128500,0.0,2018,3352.0849315070086,3359.98498829398,7.900056786971163,7.900056786971163,-0.8208417067746534,-411.7535438830828,Wenceslau Braz
4128500,0.0,2019,3433.58493150698,2394.1605606929797,-1039.424370814001,1039.424370814001,-0.8208417067746534,-411.7535438830828,Wenceslau Braz
4128500,0.0,2020,3605.464480874419,2658.987487865109,-946.4769930093104,946.4769930093104,-0.8208417067746534,-411.7535438830828,Wenceslau Braz
4128500,0.0,2021,3610.22876712336,3190.571929894203,-419.6568372291572,419.6568372291572,-0.8208417067746534,-411.7535438830828,Wenceslau Braz
4128500,0.0,2022,3528.0849315068926,3174.966297755393,-353.11863375149915,353.11863375149915,-0.8208417067746534,-411.7535438830828,Wenceslau Braz
4128500,0.0,2023,2939.119178082206,2779.017214556143,-160.10196352606317,160.10196352606317,-0.8208417067746534,-411.7535438830828,Wenceslau Braz
4128500,0.0,2024,2320.0,2371.858615891946,51.8586158919461,51.8586158919461,-0.8208417067746534,-411.7535438830828,Wenceslau Braz
4128534,0.0,2015,3692.6666666666647,3355.5535556961013,-337.1131109705634,337.1131109705634,-1424.8992378327823,2215.99509677101,Ventania
4128534,0.0,2016,3689.482695810561,7563.987252181399,3874.504556370838,3874.504556370838,-1424.8992378327823,2215.99509677101,Ventania
4128534,0.0,2017,3678.603652968033,7449.039953953599,3770.436300985566,3770.436300985566,-1424.8992378327823,2215.99509677101,Ventania
4128534,0.0,2018,3663.270319634701,7931.852514667888,4268.582195033187,4268.582195033187,-1424.8992378327823,2215.99509677101,Ventania
4128534,0.0,2019,3846.556164383559,6167.403391308605,2320.847226925046,2320.847226925046,-1424.8992378327823,2215.99509677101,Ventania
4128534,0.0,2020,3828.548269581053,4664.108375240888,835.5601056598343,835.5601056598343,-1424.8992378327823,2215.99509677101,Ventania
4128534,0.0,2021,3617.2703196347,4358.7653895802105,741.4950699455103,741.4950699455103,-1424.8992378327823,2215.99509677101,Ventania
4128534,0.0,2022,3601.936986301367,9199.653334145683,5597.716347844316,5597.716347844316,-1424.8992378327823,2215.99509677101,Ventania
4128534,0.0,2023,3698.011872146118,2414.0787295483447,-1283.9331425977734,1283.9331425977734,-1424.8992378327823,2215.99509677101,Ventania
4128534,0.0,2024,3800.0,6171.855418514139,2371.8554185141397,2371.8554185141397,-1424.8992378327823,2215.99509677101,Ventania
4128625,0.0,2015,2046.9333333333632,970.6348015920416,-1076.2985317413215,1076.2985317413215,-15.57936358127117,-1152.9374537368772,Alto Paraíso
4128625,0.0,2016,2075.4047358834537,1218.6286930718572,-856.7760428115964,856.7760428115964,-15.57936358127117,-1152.9374537368772,Alto Paraíso
4128625,0.0,2017,2384.1708675799355,1373.2305924623763,-1010.9402751175588,1010.9402751175588,-15.57936358127117,-1152.9374537368772,Alto Paraíso
4128625,0.0,2018,1932.5850228310755,956.823371601052,-975.7616512300234,975.7616512300234,-15.57936358127117,-1152.9374537368772,Alto Paraíso
4128625,0.0,2019,1497.4375342465912,333.9195035709503,-1163.5180306756408,1163.5180306756408,-15.57936358127117,-1152.9374537368772,Alto Paraíso
4128625,0.0,2020,2053.304189435344,748.8218655866274,-1304.4823238487163,1304.4823238487163,-15.57936358127117,-1152.9374537368772,Alto Paraíso
4128625,0.0,2021,1628.194611872151,829.752828704849,-798.441783167302,798.441783167302,-15.57936358127117,-1152.9374537368772,Alto Paraíso
4128625,0.0,2023,2467.806484018266,602.6004624466188,-1865.2060215716472,1865.2060215716472,-15.57936358127117,-1152.9374537368772,Alto Paraíso
4128625,0.0,2024,2000.0,674.9875765319117,-1325.0124234680884,1325.0124234680884,-15.57936358127117,-1152.9374537368772,Alto Paraíso
4101002,1.0,2015,3112.0000000001305,2830.3693899143645,-281.630610085766,281.630610085766,-2.841174870533101,-574.0251439962732,Ampére
4101002,1.0,2016,3296.0000000001232,1711.162609897481,-1584.8373901026423,1584.8373901026423,-2.841174870533101,-574.0251439962732,Ampére
4101002,1.0,2017,3460.860273972712,3194.8744609071305,-265.9858130655812,265.9858130655812,-2.841174870533101,-574.0251439962732,Ampére
4101002,1.0,2018,3255.4630136987253,3527.164509282116,271.7014955833906,271.7014955833906,-2.841174870533101,-574.0251439962732,Ampére
4101002,1.0,2019,3546.887671232957,3417.46226446571,-129.42540676724593,129.42540676724593,-2.841174870533101,-574.0251439962732,Ampére
4101002,1.0,2020,3938.579234972736,871.7066954712346,-3066.8725395015017,3066.8725395015017,-2.841174870533101,-574.0251439962732,Ampére
4101002,1.0,2021,2272.03835616442,2992.6637093911227,720.6253532267028,720.6253532267028,-2.841174870533101,-574.0251439962732,Ampére
4101002,1.0,2022,2293.928767123309,1930.245176057561,-363.68359106574826,363.68359106574826,-2.841174870533101,-574.0251439962732,Ampére
4101002,1.0,2023,3927.600000000007,3531.5388726641145,-396.0611273358927,396.0611273358927,-2.841174870533101,-574.0251439962732,Ampére
4101002,1.0,2024,4000.0,3355.9181891515527,-644.0818108484473,644.0818108484473,-2.841174870533101,-574.0251439962732,Ampére
4102604,1.0,2015,3335.3333333334417,2224.452244363257,-1110.881088970185,1110.881088970185,-8.318453004333094,-447.235606457947,Barracão
4102604,1.0,2016,3417.948998178608,3062.043977500565,-355.90502067804255,355.90502067804255,-8.318453004333094,-447.235606457947,Barracão
4102604,1.0,2017,3607.714155251229,1796.8104635494851,-1810.903691701744,1810.903691701744,-8.318453004333094,-447.235606457947,Barracão
4102604,1.0,2018,3569.9926940640003,3116.7447070223407,-453.2479870416596,453.2479870416596,-8.318453004333094,-447.235606457947,Barracão
4102604,1.0,2019,3939.668493150745,4641.779101397203,702.110608246458,702.110608246458,-8.318453004333094,-447.235606457947,Barracão
4102604,1.0,2020,4198.506375227733,2971.122012848607,-1227.3843623791258,1227.3843623791258,-8.318453004333094,-447.235606457947,Barracão
4102604,1.0,2021,2764.444748858482,4594.4052380623625,1829.9604892038808,1829.9604892038808,-8.318453004333094,-447.235606457947,Barracão
4102604,1.0,2022,2798.339726027417,3085.8920085473683,287.5522825199514,287.5522825199514,-8.318453004333094,-447.235606457947,Barracão
4102604,1.0,2023,3942.4812785388185,965.5744365086608,-2976.906842030158,2976.906842030158,-8.318453004333094,-447.235606457947,Barracão
4102604,1.0,2024,3900.0,4543.249548251155,643.2495482511549,643.2495482511549,-8.318453004333094,-447.235606457947,Barracão
4102752,1.0,2015,2820.600000000152,2736.3191652351784,-84.28083476497295,84.28083476497295,-19.80825179811664,-1386.8128061773066,Bela Vista da Caroba
4102752,1.0,2016,2869.0131147542443,0.0,-2869.0131147542443,2869.0131147542443,-19.80825179811664,-1386.8128061773066,Bela Vista da Caroba
4102752,1.0,2017,3059.7142465754614,3063.4625735654017,3.748326989940324,3.748326989940324,-19.80825179811664,-1386.8128061773066,Bela Vista da Caroba
4102752,1.0,2018,2884.2745205480383,3428.768183166153,544.4936626181152,544.4936626181152,-19.80825179811664,-1386.8128061773066,Bela Vista da Caroba
4102752,1.0,2019,3124.643013698711,1627.7294999090184,-1496.9135137896926,1496.9135137896926,-19.80825179811664,-1386.8128061773066,Bela Vista da Caroba
4102752,1.0,2020,3658.404371584769,0.0,-3658.404371584769,3658.404371584769,-19.80825179811664,-1386.8128061773066,Bela Vista da Caroba
4102752,1.0,2021,2089.023835616482,2182.6407614987734,93.61692588229153,93.61692588229153,-19.80825179811664,-1386.8128061773066,Bela Vista da Caroba
4102752,1.0,2022,2198.460821917826,2502.901295986453,304.4404740686273,304.4404740686273,-19.80825179811664,-1386.8128061773066,Bela Vista da Caroba
4102752,1.0,2023,3505.8156164383618,0.0,-3505.8156164383618,3505.8156164383618,-19.80825179811664,-1386.8128061773066,Bela Vista da Caroba
4102752,1.0,2024,3200.0,0.0,-3200.0,3200.0,-19.80825179811664,-1386.8128061773066,Bela Vista da Caroba
4103024,1.0,2015,3020.200000000089,2566.0310724700457,-454.1689275300432,454.1689275300432,-9.226280056963388,764.2321022934406,Boa Esperança do Iguaçu
4103024,1.0,2016,3370.780327868936,3836.953783529514,466.17345566057793,466.17345566057793,-9.226280056963388,764.2321022934406,Boa Esperança do Iguaçu
4103024,1.0,2017,3657.233287671305,4079.080332213115,421.84704454180974,421.84704454180974,-9.226280056963388,764.2321022934406,Boa Esperança do Iguaçu
4103024,1.0,2018,3043.55589041102,4088.800706081341,1045.2448156703213,1045.2448156703213,-9.226280056963388,764.2321022934406,Boa Esperança do Iguaçu
4103024,1.0,2019,3165.363424657584,3890.2272627321936,724.8638380746097,724.8638380746097,-9.226280056963388,764.2321022934406,Boa Esperança do Iguaçu
4103024,1.0,2020,3879.590163934464,3821.8860226009256,-57.7041413335387,57.7041413335387,-9.226280056963388,764.2321022934406,Boa Esperança do Iguaçu
4103024,1.0,2021,2467.6469863013976,5256.375756578748,2788.7287702773506,2788.7287702773506,-9.226280056963388,764.2321022934406,Boa Esperança do Iguaçu
4103024,1.0,2022,2719.309315068509,5915.638993168073,3196.329678099564,3196.329678099564,-9.226280056963388,764.2321022934406,Boa Esperança do Iguaçu
4103024,1.0,2023,3912.946986301375,3120.410487413818,-792.5364988875567,792.5364988875567,-9.226280056963388,764.2321022934406,Boa Esperança do Iguaçu
4103024,1.0,2024,3445.0,3748.542988361311,303.54298836131056,303.54298836131056,-9.226280056963388,764.2321022934406,Boa Esperança do Iguaçu
4103156,1.0,2015,3489.200000000033,0.0,-3489.200000000033,3489.200000000033,-83.28916772780107,-3570.058119919173,Bom Jesus do Sul
4103156,1.0,2016,3584.140983606589,0.0,-3584.140983606589,3584.140983606589,-83.28916772780107,-3570.058119919173,Bom Jesus do Sul
4103156,1.0,2017,3773.2510958904377,0.0,-3773.2510958904377,3773.2510958904377,-83.28916772780107,-3570.058119919173,Bom Jesus do Sul
4103156,1.0,2018,3412.6216438356387,0.0,-3412.6216438356387,3412.6216438356387,-83.28916772780107,-3570.058119919173,Bom Jesus do Sul
4103156,1.0,2019,3560.019589041116,0.0,-3560.019589041116,3560.019589041116,-83.28916772780107,-3570.058119919173,Bom Jesus do Sul
4103156,1.0,2020,4088.721311475425,0.0,-4088.721311475425,4088.721311475425,-83.28916772780107,-3570.058119919173,Bom Jesus do Sul
4103156,1.0,2021,2868.377123287682,0.0,-2868.377123287682,2868.377123287682,-83.28916772780107,-3570.058119919173,Bom Jesus do Sul
4103156,1.0,2022,2973.4243835616526,0.0,-2973.4243835616526,2973.4243835616526,-83.28916772780107,-3570.058119919173,Bom Jesus do Sul
4103156,1.0,2023,4050.8250684931536,0.0,-4050.8250684931536,4050.8250684931536,-83.28916772780107,-3570.058119919173,Bom Jesus do Sul
4103156,1.0,2024,3900.0,0.0,-3900.0,3900.0,-83.28916772780107,-3570.058119919173,Bom Jesus do Sul
4103222,1.0,2015,3293.0666666667607,1827.5611606056111,-1465.5055060611496,1465.5055060611496,-24.06756075802697,-651.0749071737488,Bom Sucesso do Sul
4103222,1.0,2016,3654.212750455461,4778.377044773658,1124.1642943181964,1124.1642943181964,-24.06756075802697,-651.0749071737488,Bom Sucesso do Sul
4103222,1.0,2017,4064.045570776331,3943.725266924573,-120.32030385175769,120.32030385175769,-24.06756075802697,-651.0749071737488,Bom Sucesso do Sul
4103222,1.0,2018,3656.741004566274,3493.6561721967414,-163.0848323695327,163.0848323695327,-24.06756075802697,-651.0749071737488,Bom Sucesso do Sul
4103222,1.0,2019,3763.400821917862,3211.005600488977,-552.3952214288843,552.3952214288843,-24.06756075802697,-651.0749071737488,Bom Sucesso do Sul
4103222,1.0,2020,4046.772313296945,2328.922744704269,-1717.8495685926764,1717.8495685926764,-24.06756075802697,-651.0749071737488,Bom Sucesso do Sul
4103222,1.0,2021,3149.9149771689795,3787.700486828552,637.7855096595722,637.7855096595722,-24.06756075802697,-651.0749071737488,Bom Sucesso do Sul
4103222,1.0,2022,3285.136438356182,4746.151295677537,1461.0148573213546,1461.0148573213546,-24.06756075802697,-651.0749071737488,Bom Sucesso do Sul
4103222,1.0,2023,3979.390776255714,814.91874993701,-3164.472026318704,3164.472026318704,-24.06756075802697,-651.0749071737488,Bom Sucesso do Sul
4103222,1.0,2024,3928.0,1377.9137255860946,-2550.0862744139054,2550.0862744139054,-24.06756075802697,-651.0749071737488,Bom Sucesso do Sul
4104055,1.0,2015,3320.46666666674,1432.9722042774422,-1887.4944623892975,1887.4944623892975,-5.641067656944763,-107.21179848746448,Campo Bonito
4104055,1.0,2016,3312.833515482765,3504.8033031531786,191.96978767041355,191.96978767041355,-5.641067656944763,-107.21179848746448,Campo Bonito
4104055,1.0,2017,3470.538858447549,3042.9950085265887,-427.5438499209604,427.5438499209604,-5.641067656944763,-107.21179848746448,Campo Bonito
4104055,1.0,2018,3243.834977169003,3332.9301715898546,89.09519442085139,89.09519442085139,-5.641067656944763,-107.21179848746448,Campo Bonito
4104055,1.0,2019,3680.002328767168,2997.9807038457498,-682.0216249214186,682.0216249214186,-5.641067656944763,-107.21179848746448,Campo Bonito
4104055,1.0,2020,3947.21493624776,3696.38979524342,-250.8251410043399,250.8251410043399,-5.641067656944763,-107.21179848746448,Campo Bonito
4104055,1.0,2021,2947.6521004566453,3596.2764244610166,648.6243240043714,648.6243240043714,-5.641067656944763,-107.21179848746448,Campo Bonito
4104055,1.0,2022,3026.159178082204,3743.638645616986,717.4794675347825,717.4794675347825,-5.641067656944763,-107.21179848746448,Campo Bonito
4104055,1.0,2023,3561.1402283105067,3973.829688574841,412.68946026433423,412.68946026433423,-5.641067656944763,-107.21179848746448,Campo Bonito
4104055,1.0,2024,3567.0,3682.908859466618,115.90885946661864,115.90885946661864,-5.641067656944763,-107.21179848746448,Campo Bonito
4104451,1.0,2015,3522.266666666677,0.0,-3522.266666666677,3522.266666666677,-201.58413683508115,-2111.2606645536066,Cantagalo
4104451,1.0,2016,3705.244444444455,0.0,-3705.244444444455,3705.244444444455,-201.58413683508115,-2111.2606645536066,Cantagalo
4104451,1.0,2017,3826.7315981735273,3629.1302611458254,-197.601337027701,197.601337027701,-201.58413683508115,-2111.2606645536066,Cantagalo
4104451,1.0,2018,3622.999634703208,0.0,-3622.999634703208,3622.999634703208,-201.58413683508115,-2111.2606645536066,Cantagalo
4104451,1.0,2019,3645.4978082191874,0.0,-3645.4978082191874,3645.4978082191874,-201.58413683508115,-2111.2606645536066,Cantagalo
4104451,1.0,2020,3444.138433515488,3673.244646559191,229.10621304370352,229.10621304370352,-201.58413683508115,-2111.2606645536066,Cantagalo
4104451,1.0,2021,3221.201004566216,0.0,-3221.201004566216,3221.201004566216,-201.58413683508115,-2111.2606645536066,Cantagalo
4104451,1.0,2022,3644.400547945212,1413.6701191281486,-2230.730428817063,2230.730428817063,-201.58413683508115,-2111.2606645536066,Cantagalo
4104451,1.0,2023,3861.474063926944,3357.0210737683665,-504.4529901585775,504.4529901585775,-201.58413683508115,-2111.2606645536066,Cantagalo
4104451,1.0,2024,3796.0,3104.2814560233114,-691.7185439766886,691.7185439766886,-201.58413683508115,-2111.2606645536066,Cantagalo
4104808,1.0,2015,3194.333333333416,3777.862769523023,583.5294361896067,583.5294361896067,-6.3180654007221015,2.4499644591207925,Cascavel
4104808,1.0,2016,3382.5227686703824,2886.450464477121,-496.0723041932615,496.0723041932615,-6.3180654007221015,2.4499644591207925,Cascavel
4104808,1.0,2017,3355.5963470320244,3383.4508593952783,27.85451236325389,27.85451236325389,-6.3180654007221015,2.4499644591207925,Cascavel
4104808,1.0,2018,3052.907762557133,3396.8421652015186,343.9344026443855,343.9344026443855,-6.3180654007221015,2.4499644591207925,Cascavel
4104808,1.0,2019,3449.479452054838,3536.069022367216,86.58957031237787,86.58957031237787,-6.3180654007221015,2.4499644591207925,Cascavel
4104808,1.0,2020,3624.173041894384,3612.163998483306,-12.009043411078435,12.009043411078435,-6.3180654007221015,2.4499644591207925,Cascavel
4104808,1.0,2021,3112.962557077653,2917.8741352675224,-195.0884218101305,195.0884218101305,-6.3180654007221015,2.4499644591207925,Cascavel
4104808,1.0,2022,3130.821917808234,3933.100938525729,802.2790207174944,802.2790207174944,-6.3180654007221015,2.4499644591207925,Cascavel
4104808,1.0,2023,3368.982648401829,2995.58895456705,-373.39369383477833,373.39369383477833,-6.3180654007221015,2.4499644591207925,Cascavel
4104808,1.0,2024,3387.0,2643.8761656133383,-743.1238343866617,743.1238343866617,-6.3180654007221015,2.4499644591207925,Cascavel
4105003,1.0,2015,3639.4666666667326,0.0,-3639.4666666667326,3639.4666666667326,-640.8395268241347,-3337.6236140718875,Catanduvas
4105003,1.0,2016,3506.527504553792,2243.3450574749195,-1263.1824470788724,1263.1824470788724,-640.8395268241347,-3337.6236140718875,Catanduvas
4105003,1.0,2017,3407.077899543429,0.0,-3407.077899543429,3407.077899543429,-640.8395268241347,-3337.6236140718875,Catanduvas
4105003,1.0,2018,3485.76785388132,0.0,-3485.76785388132,3485.76785388132,-640.8395268241347,-3337.6236140718875,Catanduvas
4105003,1.0,2019,3858.107123287705,0.0,-3858.107123287705,3858.107123287705,-640.8395268241347,-3337.6236140718875,Catanduvas
4105003,1.0,2020,3716.0018214936495,0.0,-3716.0018214936495,3716.0018214936495,-640.8395268241347,-3337.6236140718875,Catanduvas
4105003,1.0,2021,3391.166484018282,0.0,-3391.166484018282,3391.166484018282,-640.8395268241347,-3337.6236140718875,Catanduvas
4105003,1.0,2022,3528.7057534246737,0.0,-3528.7057534246737,3528.7057534246737,-640.8395268241347,-3337.6236140718875,Catanduvas
4105003,1.0,2023,3540.7600913242086,0.0,-3540.7600913242086,3540.7600913242086,-640.8395268241347,-3337.6236140718875,Catanduvas
4105003,1.0,2024,3546.0,0.0,-3546.0,3546.0,-640.8395268241347,-3337.6236140718875,Catanduvas
4105409,1.0,2015,2518.600000000238,2992.626531335193,474.0265313349546,474.0265313349546,0.1719322016540981,-75.02719224500194,Chopinzinho
4105409,1.0,2016,2831.701639344496,1970.1412881108236,-861.5603512336722,861.5603512336722,0.1719322016540981,-75.02719224500194,Chopinzinho
4105409,1.0,2017,3179.611506849521,3571.225794474966,391.6142876254444,391.6142876254444,0.1719322016540981,-75.02719224500194,Chopinzinho
4105409,1.0,2018,3259.444383561809,3307.144812410665,47.70042884885652,47.70042884885652,0.1719322016540981,-75.02719224500194,Chopinzinho
4105409,1.0,2019,3484.395068493291,3058.617695443901,-425.77737304939,425.77737304939,0.1719322016540981,-75.02719224500194,Chopinzinho
4105409,1.0,2020,3254.4699453553044,2852.5743989531834,-401.895546402121,401.895546402121,0.1719322016540981,-75.02719224500194,Chopinzinho
4105409,1.0,2021,2086.285479452127,2162.544709729433,76.25923027730596,76.25923027730596,0.1719322016540981,-75.02719224500194,Chopinzinho
4105409,1.0,2022,2632.869041095937,2549.8392690701,-83.02977202583816,83.02977202583816,0.1719322016540981,-75.02719224500194,Chopinzinho
4105409,1.0,2023,3448.855342465774,3344.5278977447488,-104.32744472102512,104.32744472102512,0.1719322016540981,-75.02719224500194,Chopinzinho
4105409,1.0,2024,2997.0,3133.7180868954656,136.7180868954656,136.7180868954656,0.1719322016540981,-75.02719224500194,Chopinzinho
4106506,1.0,2015,2998.000000000109,3615.9005093103583,617.9005093102492,617.9005093102492,-2.248254114377162,-98.68175868784716,Coronel Vivida
4106506,1.0,2016,3438.3934426230526,3386.080559544847,-52.31288307820569,52.31288307820569,-2.248254114377162,-98.68175868784716,Coronel Vivida
4106506,1.0,2017,3731.841095890498,3060.611809577878,-671.2292863126199,671.2292863126199,-2.248254114377162,-98.68175868784716,Coronel Vivida
4106506,1.0,2018,3349.0191780822647,4161.785148108736,812.7659700264708,812.7659700264708,-2.248254114377162,-98.68175868784716,Coronel Vivida
4106506,1.0,2019,3318.701369863072,3457.753956699451,139.05258683637885,139.05258683637885,-2.248254114377162,-98.68175868784716,Coronel Vivida
4106506,1.0,2020,3579.8032786885715,3609.048493062073,29.245214373501312,29.245214373501312,-2.248254114377162,-98.68175868784716,Coronel Vivida
4106506,1.0,2021,2668.621917808256,2124.850381480356,-543.7715363278999,543.7715363278999,-2.248254114377162,-98.68175868784716,Coronel Vivida
4106506,1.0,2022,2817.463013698652,3633.037974967304,815.5749612686514,815.5749612686514,-2.248254114377162,-98.68175868784716,Coronel Vivida
4106506,1.0,2023,3841.531506849322,2499.8746597530326,-1341.6568470962893,1341.6568470962893,-2.248254114377162,-98.68175868784716,Coronel Vivida
4106506,1.0,2024,3785.0,2992.613724121292,-792.3862758787081,792.3862758787081,-2.248254114377162,-98.68175868784716,Coronel Vivida
4106571,1.0,2015,3497.400000000009,3637.288463611821,139.88846361181186,139.88846361181186,-3.101256027696132,-268.230923951802,Cruzeiro do Iguaçu
4106571,1.0,2016,3892.0196721311545,3104.8411138830725,-787.178558248082,787.178558248082,-3.101256027696132,-268.230923951802,Cruzeiro do Iguaçu
4106571,1.0,2017,4128.067260273985,4358.947441297327,230.8801810233417,230.8801810233417,-3.101256027696132,-268.230923951802,Cruzeiro do Iguaçu
4106571,1.0,2018,3398.565205479468,2461.389434941781,-937.1757705376872,937.1757705376872,-3.101256027696132,-268.230923951802,Cruzeiro do Iguaçu
4106571,1.0,2019,3506.2357534246703,2346.003748063061,-1160.2320053616097,1160.2320053616097,-3.101256027696132,-268.230923951802,Cruzeiro do Iguaçu
4106571,1.0,2020,4184.245901639354,4476.498848156753,292.2529465173993,292.2529465173993,-3.101256027696132,-268.230923951802,Cruzeiro do Iguaçu
4106571,1.0,2021,2809.815205479459,2729.433918415365,-80.38128706409407,80.38128706409407,-3.101256027696132,-268.230923951802,Cruzeiro do Iguaçu
4106571,1.0,2022,2872.2090410958945,5051.61174295367,2179.402701857776,2179.402701857776,-3.101256027696132,-268.230923951802,Cruzeiro do Iguaçu
4106571,1.0,2023,4351.641232876714,3933.8236575581263,-417.8175753185874,417.8175753185874,-3.101256027696132,-268.230923951802,Cruzeiro do Iguaçu
4106571,1.0,2024,4426.0,2284.051664001712,-2141.9483359982883,2141.9483359982883,-3.101256027696132,-268.230923951802,Cruzeiro do Iguaçu
4107207,1.0,2015,3364.8000000000466,1715.8864248764628,-1648.9135751235838,1648.9135751235838,-7.892635760283415,-372.0410586440679,Dois Vizinhos
4107207,1.0,2016,3596.1322404372027,3422.3323426359248,-173.7998978012779,173.7998978012779,-7.892635760283415,-372.0410586440679,Dois Vizinhos
4107207,1.0,2017,3765.540684931545,2643.0494079011505,-1122.491277030394,1122.491277030394,-7.892635760283415,-372.0410586440679,Dois Vizinhos
4107207,1.0,2018,3375.4715068493465,3071.9161128574087,-303.55539399193776,303.55539399193776,-7.892635760283415,-372.0410586440679,Dois Vizinhos
4107207,1.0,2019,3532.766712328793,2784.487079039646,-748.2796332891471,748.2796332891471,-7.892635760283415,-372.0410586440679,Dois Vizinhos
4107207,1.0,2020,4087.4043715847206,3611.111857514341,-476.2925140703792,476.2925140703792,-7.892635760283415,-372.0410586440679,Dois Vizinhos
4107207,1.0,2021,2752.606438356179,5708.428581555487,2955.822143199308,2955.822143199308,-7.892635760283415,-372.0410586440679,Dois Vizinhos
4107207,1.0,2022,2847.882465753433,3264.547485347869,416.6650195944362,416.6650195944362,-7.892635760283415,-372.0410586440679,Dois Vizinhos
4107207,1.0,2023,4100.224246575345,3023.2740980844515,-1076.9501484908938,1076.9501484908938,-7.892635760283415,-372.0410586440679,Dois Vizinhos
4107207,1.0,2024,3895.0,2352.3846905631917,-1542.6153094368087,1542.6153094368087,-7.892635760283415,-372.0410586440679,Dois Vizinhos
4107405,1.0,2015,2733.0666666668258,954.1990066573164,-1778.8676600095096,1778.8676600095096,-21.75386501906887,401.1307559135593,Enéas Marques
4107405,1.0,2016,2948.4204007287503,4124.569080881845,1176.148680153095,1176.148680153095,-21.75386501906887,401.1307559135593,Enéas Marques
4107405,1.0,2017,3286.637351598306,4456.709052286074,1170.0717006877685,1170.0717006877685,-21.75386501906887,401.1307559135593,Enéas Marques
4107405,1.0,2018,3242.620456621117,4906.171838724947,1663.5513821038294,1663.5513821038294,-21.75386501906887,401.1307559135593,Enéas Marques
4107405,1.0,2019,3391.4035616439287,1442.7292239290473,-1948.6743377148812,1948.6743377148812,-21.75386501906887,401.1307559135593,Enéas Marques
4107405,1.0,2020,3727.36794171227,1848.4742666527743,-1878.8936750594955,1878.8936750594955,-21.75386501906887,401.1307559135593,Enéas Marques
4107405,1.0,2021,2266.9533333333798,4482.13792258045,2215.184589247071,2215.184589247071,-21.75386501906887,401.1307559135593,Enéas Marques
4107405,1.0,2022,2332.9200000000264,7495.157468539925,5162.237468539898,5162.237468539898,-21.75386501906887,401.1307559135593,Enéas Marques
4107405,1.0,2023,3596.8537899543444,1507.6345400369285,-2089.219249917416,2089.219249917416,-21.75386501906887,401.1307559135593,Enéas Marques
4107405,1.0,2024,3360.0,3679.7686611052336,319.7686611052336,319.7686611052336,-21.75386501906887,401.1307559135593,Enéas Marques
4107546,1.0,2015,3585.333333333372,2331.7643579247624,-1253.5689754086095,1253.5689754086095,-19.251037498784846,-1222.5154610133425,Espigão Alto do Iguaçu
4107546,1.0,2016,4306.418943533727,2535.936757456865,-1770.4821860768616,1770.4821860768616,-19.251037498784846,-1222.5154610133425,Espigão Alto do Iguaçu
4107546,1.0,2017,4795.001826484057,2912.822068540333,-1882.1797579437248,1882.1797579437248,-19.251037498784846,-1222.5154610133425,Espigão Alto do Iguaçu
4107546,1.0,2018,4258.595433790003,3097.7247506855,-1160.870683104503,1160.870683104503,-19.251037498784846,-1222.5154610133425,Espigão Alto do Iguaçu
4107546,1.0,2019,4359.350684931536,2981.200324667752,-1378.1503602637845,1378.1503602637845,-19.251037498784846,-1222.5154610133425,Espigão Alto do Iguaçu
4107546,1.0,2020,4458.6757741348,3424.0482200150173,-1034.6275541197829,1034.6275541197829,-19.251037498784846,-1222.5154610133425,Espigão Alto do Iguaçu
4107546,1.0,2021,4204.554337899563,2620.712384207929,-1583.8419536916335,1583.8419536916335,-19.251037498784846,-1222.5154610133425,Espigão Alto do Iguaçu
4107546,1.0,2022,4369.46301369866,3574.8824360949043,-794.5805776037555,794.5805776037555,-19.251037498784846,-1222.5154610133425,Espigão Alto do Iguaçu
4107546,1.0,2023,4288.727853881288,3966.028822841672,-322.6990310396159,322.6990310396159,-19.251037498784846,-1222.5154610133425,Espigão Alto do Iguaçu
4107546,1.0,2024,4095.0,3050.8464691188483,-1044.1535308811517,1044.1535308811517,-19.251037498784846,-1222.5154610133425,Espigão Alto do Iguaçu
4107850,1.0,2015,3118.6666666667616,2983.0329395899093,-135.6337270768522,135.6337270768522,-19.17818910531055,-471.2828263773941,Flor da Serra do Sul
4107850,1.0,2016,3408.449908925408,3003.887859506599,-404.5620494188093,404.5620494188093,-19.17818910531055,-471.2828263773941,Flor da Serra do Sul
4107850,1.0,2017,3688.235844748935,3339.805929054457,-348.4299156944772,348.4299156944772,-19.17818910531055,-471.2828263773941,Flor da Serra do Sul
4107850,1.0,2018,3437.7210045662746,3577.074831095083,139.35382652880844,139.35382652880844,-19.17818910531055,-471.2828263773941,Flor da Serra do Sul
4107850,1.0,2019,3420.4390410959427,3787.89803422435,367.4589931284072,367.4589931284072,-19.17818910531055,-471.2828263773941,Flor da Serra do Sul
4107850,1.0,2020,3767.739526411699,0.0,-3767.739526411699,3767.739526411699,-19.17818910531055,-471.2828263773941,Flor da Serra do Sul
4107850,1.0,2021,2928.077853881308,3341.1540767886354,413.0762229073275,413.0762229073275,-19.17818910531055,-471.2828263773941,Flor da Serra do Sul
4107850,1.0,2022,3244.2041095890577,3276.5559860379763,32.351876448918574,32.351876448918574,-19.17818910531055,-471.2828263773941,Flor da Serra do Sul
4107850,1.0,2023,3839.987899543384,2889.598314035558,-950.3895855078258,950.3895855078258,-19.17818910531055,-471.2828263773941,Flor da Serra do Sul
4107850,1.0,2024,3200.0,3141.6856213222604,-58.31437867773957,58.31437867773957,-19.17818910531055,-471.2828263773941,Flor da Serra do Sul
4108403,1.0,2015,3006.7333333334536,0.0,-3006.7333333334536,3006.7333333334536,-91.59397531607485,-3177.2474233830235,Francisco Beltrão
4108403,1.0,2016,3184.214571949111,0.0,-3184.214571949111,3184.214571949111,-91.59397531607485,-3177.2474233830235,Francisco Beltrão
4108403,1.0,2017,3521.098538812883,0.0,-3521.098538812883,3521.098538812883,-91.59397531607485,-3177.2474233830235,Francisco Beltrão
4108403,1.0,2018,3437.844200913325,0.0,-3437.844200913325,3437.844200913325,-91.59397531607485,-3177.2474233830235,Francisco Beltrão
4108403,1.0,2019,3436.781643835684,0.0,-3436.781643835684,3436.781643835684,-91.59397531607485,-3177.2474233830235,Francisco Beltrão
4108403,1.0,2020,3834.276867031018,0.0,-3834.276867031018,3834.276867031018,-91.59397531607485,-3177.2474233830235,Francisco Beltrão
4108403,1.0,2021,2771.426392694101,0.0,-2771.426392694101,2771.426392694101,-91.59397531607485,-3177.2474233830235,Francisco Beltrão
4108403,1.0,2022,2863.024109589064,0.0,-2863.024109589064,2863.024109589064,-91.59397531607485,-3177.2474233830235,Francisco Beltrão
4108403,1.0,2023,3705.9533333333407,1268.8787576617458,-2437.074575671595,2437.074575671595,-91.59397531607485,-3177.2474233830235,Francisco Beltrão
4108403,1.0,2024,3280.0,0.0,-3280.0,3280.0,-91.59397531607485,-3177.2474233830235,Francisco Beltrão
4109302,1.0,2015,3663.666666666686,3099.342834191068,-564.323832475618,564.323832475618,-4.893216316913614,-23.70061172691944,Guaraniaçu
4109302,1.0,2016,4048.089253187629,3977.032156716183,-71.05709647144567,71.05709647144567,-4.893216316913614,-23.70061172691944,Guaraniaçu
4109302,1.0,2017,4316.252968036549,4345.623229703321,29.37026166677242,29.37026166677242,-4.893216316913614,-23.70061172691944,Guaraniaçu
4109302,1.0,2018,3881.1853881278794,3896.092171981034,14.906783853155504,14.906783853155504,-4.893216316913614,-23.70061172691944,Guaraniaçu
4109302,1.0,2019,3993.5205479452206,4092.024605706927,98.504057761706,98.504057761706,-4.893216316913614,-23.70061172691944,Guaraniaçu
4109302,1.0,2020,4068.766848816048,3621.8072716037072,-446.9595772123407,446.9595772123407,-4.893216316913614,-23.70061172691944,Guaraniaçu
4109302,1.0,2021,3680.486757990892,3934.7648884333066,254.27813044241475,254.27813044241475,-4.893216316913614,-23.70061172691944,Guaraniaçu
4109302,1.0,2022,3974.2356164383714,4872.845337032032,898.6097205936608,898.6097205936608,-4.893216316913614,-23.70061172691944,Guaraniaçu
4109302,1.0,2023,4150.915981735165,3385.445005531205,-765.4709762039597,765.4709762039597,-4.893216316913614,-23.70061172691944,Guaraniaçu
4109302,1.0,2024,4000.0,4315.13641077646,315.13641077646025,315.13641077646025,-4.893216316913614,-23.70061172691944,Guaraniaçu
4109757,1.0,2015,3290.000000000014,7619.675371727471,4329.675371727457,4329.675371727457,-431.9107323735517,3055.898162701417,Ibema
4109757,1.0,2016,3326.950819672145,2960.1672547836547,-366.7835648884902,366.7835648884902,-431.9107323735517,3055.898162701417,Ibema
4109757,1.0,2017,3371.817808219192,8931.580290462378,5559.762482243186,5559.762482243186,-431.9107323735517,3055.898162701417,Ibema
4109757,1.0,2018,2937.643835616449,7549.623401476955,4611.979565860506,4611.979565860506,-431.9107323735517,3055.898162701417,Ibema
4109757,1.0,2019,3316.889041095898,8682.25722804705,5365.368186951153,5365.368186951153,-431.9107323735517,3055.898162701417,Ibema
4109757,1.0,2020,3727.628415300554,6701.144695984029,2973.516280683474,2973.516280683474,-431.9107323735517,3055.898162701417,Ibema
4109757,1.0,2021,3149.6863013698667,3391.315931944018,241.6296305741512,241.6296305741512,-431.9107323735517,3055.898162701417,Ibema
4109757,1.0,2022,3146.2602739726026,10188.57798515123,7042.317711178628,7042.317711178628,-431.9107323735517,3055.898162701417,Ibema
4109757,1.0,2023,3322.198630136986,3680.2909373964494,358.09230725946327,358.09230725946327,-431.9107323735517,3055.898162701417,Ibema
4109757,1.0,2024,3316.0,3759.4236554246368,443.4236554246368,443.4236554246368,-431.9107323735517,3055.898162701417,Ibema
4111209,1.0,2015,2715.400000000161,2337.718265415288,-377.6817345848731,377.6817345848731,-0.2201044040064275,103.15559430714288,Itapejara d'Oeste
4111209,1.0,2016,3272.527868852608,3359.1236618970674,86.59579304445924,86.59579304445924,-0.2201044040064275,103.15559430714288,Itapejara d'Oeste
4111209,1.0,2017,3836.3035616439633,3657.23351645221,-179.07004519175325,179.07004519175325,-0.2201044040064275,103.15559430714288,Itapejara d'Oeste
4111209,1.0,2018,3205.152876712439,3615.430123054253,410.2772463418137,410.2772463418137,-0.2201044040064275,103.15559430714288,Itapejara d'Oeste
4111209,1.0,2019,3219.8816438357057,3321.771826650936,101.89018281523022,101.89018281523022,-0.2201044040064275,103.15559430714288,Itapejara d'Oeste
4111209,1.0,2020,3861.322404371653,3386.891075359965,-474.4313290116884,474.4313290116884,-0.2201044040064275,103.15559430714288,Itapejara d'Oeste
4111209,1.0,2021,3537.3254794521013,3211.4296111697704,-325.89586828233087,325.89586828233087,-0.2201044040064275,103.15559430714288,Itapejara d'Oeste
4111209,1.0,2022,3586.2295890411224,4144.290971944644,558.0613829035219,558.0613829035219,-0.2201044040064275,103.15559430714288,Itapejara d'Oeste
4111209,1.0,2023,3276.8980821917894,3616.1676186932177,339.2695365014283,339.2695365014283,-0.2201044040064275,103.15559430714288,Itapejara d'Oeste
4111209,1.0,2024,2613.0,3505.540778535621,892.540778535621,892.540778535621,-0.2201044040064275,103.15559430714288,Itapejara d'Oeste
4113304,1.0,2015,4123.333333333256,3742.770032973712,-380.5633003595435,380.5633003595435,-14.299807398121716,-167.74711464754637,Laranjeiras do Sul
4113304,1.0,2016,4189.10746812379,4023.621577484212,-165.48589063957797,165.48589063957797,-14.299807398121716,-167.74711464754637,Laranjeiras do Sul
4113304,1.0,2017,4098.312785388065,2992.946305533559,-1105.366479854506,1105.366479854506,-14.299807398121716,-167.74711464754637,Laranjeiras do Sul
4113304,1.0,2018,3905.09132420086,3367.0711700243305,-538.0201541765291,538.0201541765291,-14.299807398121716,-167.74711464754637,Laranjeiras do Sul
4113304,1.0,2019,4076.971232876669,4006.09549367314,-70.87573920352906,70.87573920352906,-14.299807398121716,-167.74711464754637,Laranjeiras do Sul
4113304,1.0,2020,4059.861566484484,3842.336957201372,-217.52460928311257,217.52460928311257,-14.299807398121716,-167.74711464754637,Laranjeiras do Sul
4113304,1.0,2021,3797.5913242008887,4273.574629566001,475.9833053651123,475.9833053651123,-14.299807398121716,-167.74711464754637,Laranjeiras do Sul
4113304,1.0,2022,4091.465753424642,3838.4874857366663,-252.9782676879754,252.9782676879754,-14.299807398121716,-167.74711464754637,Laranjeiras do Sul
4113304,1.0,2023,4258.271689497712,4233.400925821683,-24.870763676029128,24.870763676029128,-14.299807398121716,-167.74711464754637,Laranjeiras do Sul
4113304,1.0,2024,4100.0,4702.230753040227,602.2307530402268,602.2307530402268,-14.299807398121716,-167.74711464754637,Laranjeiras do Sul
4114351,1.0,2015,2509.866666666902,2055.9999345540505,-453.8667321128514,453.8667321128514,0.0565902052386156,-24.591997769644514,Manfrinópolis
4114351,1.0,2016,2804.601821493842,2616.267965092204,-188.33385640163897,188.33385640163897,0.0565902052386156,-24.591997769644514,Manfrinópolis
4114351,1.0,2017,3139.621187214797,2468.768547452436,-670.8526397623609,670.8526397623609,0.0565902052386156,-24.591997769644514,Manfrinópolis
4114351,1.0,2018,2943.586484018417,3075.057356280301,131.47087226188432,131.47087226188432,0.0565902052386156,-24.591997769644514,Manfrinópolis
4114351,1.0,2019,3311.716164383681,3109.538856216395,-202.1773081672864,202.1773081672864,0.0565902052386156,-24.591997769644514,Manfrinópolis
4114351,1.0,2020,3722.072859745091,3241.736779092588,-480.3360806525029,480.3360806525029,0.0565902052386156,-24.591997769644514,Manfrinópolis
4114351,1.0,2021,2168.139908675881,2830.4788374748696,662.338928798988,662.338928798988,0.0565902052386156,-24.591997769644514,Manfrinópolis
4114351,1.0,2022,2291.6175342466254,3019.5908757129005,727.9733414662751,727.9733414662751,0.0565902052386156,-24.591997769644514,Manfrinópolis
4114351,1.0,2023,3367.818447488601,3264.161010596761,-103.65743689184,103.65743689184,0.0565902052386156,-24.591997769644514,Manfrinópolis
4114351,1.0,2024,3000.0,3331.520933764888,331.520933764888,331.520933764888,0.0565902052386156,-24.591997769644514,Manfrinópolis
4115408,1.0,2015,2891.200000000128,2917.161680202385,25.961680202256503,25.961680202256503,-16.559762617070845,32.816892786576474,Marmeleiro
4115408,1.0,2016,3078.140983606673,2355.526144818489,-722.614838788184,722.614838788184,-16.559762617070845,32.816892786576474,Marmeleiro
4115408,1.0,2017,3380.9360273973607,3520.0300381814964,139.09401078413566,139.09401078413566,-16.559762617070845,32.816892786576474,Marmeleiro
4115408,1.0,2018,3080.429863013783,7076.833661762534,3996.403798748751,3996.403798748751,-16.559762617070845,32.816892786576474,Marmeleiro
4115408,1.0,2019,3209.567534246644,3295.5738234640885,86.00628921744465,86.00628921744465,-16.559762617070845,32.816892786576474,Marmeleiro
4115408,1.0,2020,3759.1311475410366,3094.587875711851,-664.5432718291854,664.5432718291854,-16.559762617070845,32.816892786576474,Marmeleiro
4115408,1.0,2021,2545.32232876716,2755.5828940175625,210.26056525040255,210.26056525040255,-16.559762617070845,32.816892786576474,Marmeleiro
4115408,1.0,2022,2639.380547945233,3207.125484736076,567.7449367908425,567.7449367908425,-16.559762617070845,32.816892786576474,Marmeleiro
4115408,1.0,2023,3559.5949315068606,1858.3631459082064,-1701.2317855986544,1701.2317855986544,-16.559762617070845,32.816892786576474,Marmeleiro
4115408,1.0,2024,3200.0,1591.0875430879562,-1608.9124569120438,1608.9124569120438,-16.559762617070845,32.816892786576474,Marmeleiro
4115457,1.0,2015,3213.000000000037,0.0,-3213.000000000037,3213.000000000037,-292.4118141580905,-3119.683452562137,Marquinho
4115457,1.0,2016,3414.846994535551,0.0,-3414.846994535551,3414.846994535551,-292.4118141580905,-3119.683452562137,Marquinho
4115457,1.0,2017,3537.1191780822205,0.0,-3537.1191780822205,3537.1191780822205,-292.4118141580905,-3119.683452562137,Marquinho
4115457,1.0,2018,3277.756164383587,0.0,-3277.756164383587,3277.756164383587,-292.4118141580905,-3119.683452562137,Marquinho
4115457,1.0,2019,3458.694520547967,0.0,-3458.694520547967,3458.694520547967,-292.4118141580905,-3119.683452562137,Marquinho
4115457,1.0,2020,3359.781420765045,0.0,-3359.781420765045,3359.781420765045,-292.4118141580905,-3119.683452562137,Marquinho
4115457,1.0,2021,2898.6534246575484,0.0,-2898.6534246575484,2898.6534246575484,-292.4118141580905,-3119.683452562137,Marquinho
4115457,1.0,2022,3318.7698630137093,2327.3308759807305,-991.4389870329788,991.4389870329788,-292.4118141580905,-3119.683452562137,Marquinho
4115457,1.0,2023,3595.5438356164423,0.0,-3595.5438356164423,3595.5438356164423,-292.4118141580905,-3119.683452562137,Marquinho
4115457,1.0,2024,3450.0,0.0,-3450.0,3450.0,-292.4118141580905,-3119.683452562137,Marquinho
4116950,1.0,2015,2699.800000000192,1808.6959471507687,-891.1040528494225,891.1040528494225,-0.3089773651518075,105.45235879114564,Nova Esperança do Sudoeste
4116950,1.0,2016,3051.9136612023613,3480.908923979177,428.9952627768157,428.9952627768157,-0.3089773651518075,105.45235879114564,Nova Esperança do Sudoeste
4116950,1.0,2017,3284.9605479453594,3349.2956900870317,64.3351421416719,64.3351421416719,-0.3089773651518075,105.45235879114564,Nova Esperança do Sudoeste
4116950,1.0,2018,2854.7167123289005,3068.731261750464,214.01454942156352,214.01454942156352,-0.3089773651518075,105.45235879114564,Nova Esperança do Sudoeste
4116950,1.0,2019,3234.335890411073,3451.121240370207,216.78534995913424,216.78534995913424,-0.3089773651518075,105.45235879114564,Nova Esperança do Sudoeste
4116950,1.0,2020,3849.7486338798735,3438.1666527261045,-411.5819811537699,411.5819811537699,-0.3089773651518075,105.45235879114564,Nova Esperança do Sudoeste
4116950,1.0,2021,2259.053698630195,3101.7740919738685,842.7203933436735,842.7203933436735,-0.3089773651518075,105.45235879114564,Nova Esperança do Sudoeste
4116950,1.0,2022,2355.9331506849694,3326.8945058332883,970.961355148319,970.961355148319,-0.3089773651518075,105.45235879114564,Nova Esperança do Sudoeste
4116950,1.0,2023,3561.305753424675,3451.17594648696,-110.12980693771532,110.12980693771532,-0.3089773651518075,105.45235879114564,Nova Esperança do Sudoeste
4116950,1.0,2024,3200.0,2929.5273760611863,-270.47262393881374,270.47262393881374,-0.3089773651518075,105.45235879114564,Nova Esperança do Sudoeste
4117057,1.0,2015,3838.733333333308,2285.0975676063704,-1553.6357657269373,1553.6357657269373,-85.0369676676392,-674.669724444428,Nova Laranjeiras
4117057,1.0,2016,4033.5588342440506,4064.318040908967,30.75920666491629,30.75920666491629,-85.0369676676392,-674.669724444428,Nova Laranjeiras
4117057,1.0,2017,4115.631415525077,1781.949614309246,-2333.6818012158305,2333.6818012158305,-85.0369676676392,-674.669724444428,Nova Laranjeiras
4117057,1.0,2018,3961.69899543376,4621.393563672362,659.6945682386017,659.6945682386017,-85.0369676676392,-674.669724444428,Nova Laranjeiras
4117057,1.0,2019,4063.793972602716,4638.066807365826,574.27283476311,574.27283476311,-85.0369676676392,-674.669724444428,Nova Laranjeiras
4117057,1.0,2020,3971.850637522753,2856.677501354483,-1115.1731361682696,1115.1731361682696,-85.0369676676392,-674.669724444428,Nova Laranjeiras
4117057,1.0,2021,3693.298995433781,3098.641603058649,-594.6573923751321,594.6573923751321,-85.0369676676392,-674.669724444428,Nova Laranjeiras
4117057,1.0,2022,3981.914520547928,4202.505298545776,220.5907779978479,220.5907779978479,-85.0369676676392,-674.669724444428,Nova Laranjeiras
4117057,1.0,2023,4153.461552511405,2575.2249238043883,-1578.2366287070167,1578.2366287070167,-85.0369676676392,-674.669724444428,Nova Laranjeiras
4117057,1.0,2024,4000.0,2943.370092084429,-1056.629907915571,1056.629907915571,-85.0369676676392,-674.669724444428,Nova Laranjeiras
4118501,1.0,2015,3089.400000000074,2269.3726163926667,-820.0273836074075,820.0273836074075,-27.94855917193692,-1028.428310028476,Pato Branco
4118501,1.0,2016,3203.620765027392,3178.7268576335755,-24.89390739381633,24.89390739381633,-27.94855917193692,-1028.428310028476,Pato Branco
4118501,1.0,2017,3418.5309589041685,2761.0643934729737,-657.4665654311948,657.4665654311948,-27.94855917193692,-1028.428310028476,Pato Branco
4118501,1.0,2018,3188.7090410959427,0.0,-3188.7090410959427,3188.7090410959427,-27.94855917193692,-1028.428310028476,Pato Branco
4118501,1.0,2019,3365.6898630137453,3135.0104873221094,-230.67937569163587,230.67937569163587,-27.94855917193692,-1028.428310028476,Pato Branco
4118501,1.0,2020,3735.628415300582,3054.211386134028,-681.4170291665546,681.4170291665546,-27.94855917193692,-1028.428310028476,Pato Branco
4118501,1.0,2021,2795.8350684931765,2735.8926609962878,-59.942407496889246,59.942407496889246,-27.94855917193692,-1028.428310028476,Pato Branco
4118501,1.0,2022,2779.624109589056,2590.707839732168,-188.916269856888,188.916269856888,-27.94855917193692,-1028.428310028476,Pato Branco
4118501,1.0,2023,3520.621369863018,0.0,-3520.621369863018,3520.621369863018,-27.94855917193692,-1028.428310028476,Pato Branco
4118501,1.0,2024,3487.0,2575.3902493185847,-911.6097506814152,911.6097506814152,-27.94855917193692,-1028.428310028476,Pato Branco
4119004,1.0,2015,3152.0000000001164,3186.3984861886047,34.39848618848828,34.39848618848828,-0.0378881975451312,106.84424283859448,Pérola d'Oeste
4119004,1.0,2016,3278.8142076503827,3376.3437713536946,97.52956370331184,97.52956370331184,-0.0378881975451312,106.84424283859448,Pérola d'Oeste
4119004,1.0,2017,3425.548630137081,3682.3170091435454,256.7683790064639,256.7683790064639,-0.0378881975451312,106.84424283859448,Pérola d'Oeste
4119004,1.0,2018,3135.0863013699427,2863.0629555592946,-272.0233458106481,272.0233458106481,-0.0378881975451312,106.84424283859448,Pérola d'Oeste
4119004,1.0,2019,3533.1171232877364,3957.7331047560497,424.6159814683133,424.6159814683133,-0.0378881975451312,106.84424283859448,Pérola d'Oeste
4119004,1.0,2020,3892.311475409887,3876.7823339237016,-15.52914148618538,15.52914148618538,-0.0378881975451312,106.84424283859448,Pérola d'Oeste
4119004,1.0,2021,2087.855479452091,2849.604046931211,761.7485674791201,761.7485674791201,-0.0378881975451312,106.84424283859448,Pérola d'Oeste
4119004,1.0,2022,2307.2369863013914,3649.743226200013,1342.506239898622,1342.506239898622,-0.0378881975451312,106.84424283859448,Pérola d'Oeste
4119004,1.0,2023,3956.9335616438425,3150.582329442571,-806.3512322012716,806.3512322012716,-0.0378881975451312,106.84424283859448,Pérola d'Oeste
4119004,1.0,2024,3964.0,3208.7789301397306,-755.2210698602694,755.2210698602694,-0.0378881975451312,106.84424283859448,Pérola d'Oeste
4119251,1.0,2015,3138.666666666773,3063.4009438242656,-75.26572284250733,75.26572284250733,-1.2119057499116628,-204.5857588150208,Pinhal de São Bento
4119251,1.0,2016,3384.4608378871694,1782.9751554661789,-1601.4856824209903,1601.4856824209903,-1.2119057499116628,-204.5857588150208,Pinhal de São Bento
4119251,1.0,2017,3495.9687214612795,3970.872049062269,474.9033276009896,474.9033276009896,-1.2119057499116628,-204.5857588150208,Pinhal de São Bento
4119251,1.0,2018,3234.885388127929,3883.487002299907,648.6016141719779,648.6016141719779,-1.2119057499116628,-204.5857588150208,Pinhal de São Bento
4119251,1.0,2019,3427.500684931565,3462.150031584236,34.64934665267083,34.64934665267083,-1.2119057499116628,-204.5857588150208,Pinhal de São Bento
4119251,1.0,2020,3663.35154826963,2054.8312877476583,-1608.5202605219715,1608.5202605219715,-1.2119057499116628,-204.5857588150208,Pinhal de São Bento
4119251,1.0,2021,2342.5942922374816,2560.341474624944,217.74718238746252,217.74718238746252,-1.2119057499116628,-204.5857588150208,Pinhal de São Bento
4119251,1.0,2022,2480.1958904109883,2560.096285049936,79.90039463894755,79.90039463894755,-1.2119057499116628,-204.5857588150208,Pinhal de São Bento
4119251,1.0,2023,3908.797488584487,3922.4370949649074,13.639606380420446,13.639606380420446,-1.2119057499116628,-204.5857588150208,Pinhal de São Bento
4119251,1.0,2024,4000.0,3769.972605802792,-230.0273941972077,230.0273941972077,-1.2119057499116628,-204.5857588150208,Pinhal de São Bento
4120150,1.0,2015,3590.7333333333518,3146.0099748074035,-444.7233585259478,444.7233585259478,-172.4112403099115,-2400.352639857577,Porto Barreiro
4120150,1.0,2016,3833.8211293260697,0.0,-3833.8211293260697,3833.8211293260697,-172.4112403099115,-2400.352639857577,Porto Barreiro
4120150,1.0,2017,3991.861552511437,3957.227525827405,-34.634026684032506,34.634026684032506,-172.4112403099115,-2400.352639857577,Porto Barreiro
4120150,1.0,2018,3898.970228310516,0.0,-3898.970228310516,3898.970228310516,-172.4112403099115,-2400.352639857577,Porto Barreiro
4120150,1.0,2019,4120.500821917822,3951.168934443056,-169.3318874747656,169.3318874747656,-172.4112403099115,-2400.352639857577,Porto Barreiro
4120150,1.0,2020,4083.686703096552,0.0,-4083.686703096552,4083.686703096552,-172.4112403099115,-2400.352639857577,Porto Barreiro
4120150,1.0,2021,3803.529132420096,3844.211893746241,40.68276132614437,40.68276132614437,-172.4112403099115,-2400.352639857577,Porto Barreiro
4120150,1.0,2022,3507.92547945206,0.0,-3507.92547945206,3507.92547945206,-172.4112403099115,-2400.352639857577,Porto Barreiro
4120150,1.0,2023,3771.116347031968,0.0,-3771.116347031968,3771.116347031968,-172.4112403099115,-2400.352639857577,Porto Barreiro
4120150,1.0,2024,4300.0,0.0,-4300.0,4300.0,-172.4112403099115,-2400.352639857577,Porto Barreiro
4120358,1.0,2015,3224.9333333334284,3254.356264017393,29.42293068396475,29.42293068396475,-21.415550326464512,1211.407219027835,Pranchita
4120358,1.0,2016,3453.743533697724,9260.438353017613,5806.69481931989,5806.69481931989,-21.415550326464512,1211.407219027835,Pranchita
4120358,1.0,2017,3310.621552511497,3614.023746534243,303.4021940227458,303.4021940227458,-21.415550326464512,1211.407219027835,Pranchita
4120358,1.0,2018,3096.987762557146,9225.372211959047,6128.384449401901,6128.384449401901,-21.415550326464512,1211.407219027835,Pranchita
4120358,1.0,2019,3728.345753424714,3062.250642859728,-666.0951105649865,666.0951105649865,-21.415550326464512,1211.407219027835,Pranchita
4120358,1.0,2020,4070.304189435384,3100.6328569285693,-969.6713325068145,969.6713325068145,-21.415550326464512,1211.407219027835,Pranchita
4120358,1.0,2021,2369.382283105057,3098.9728315861494,729.5905484810924,729.5905484810924,-21.415550326464512,1211.407219027835,Pranchita
4120358,1.0,2022,2363.830684931528,3914.531178210275,1550.7004932787468,1550.7004932787468,-21.415550326464512,1211.407219027835,Pranchita
4120358,1.0,2023,3920.799634703205,3642.343711926975,-278.4559227762297,278.4559227762297,-21.415550326464512,1211.407219027835,Pranchita
4120358,1.0,2024,3965.0,3445.099120938041,-519.9008790619591,519.9008790619591,-21.415550326464512,1211.407219027835,Pranchita
4120903,1.0,2015,3071.800000000112,2830.8542612582414,-240.94573874187063,240.94573874187063,-0.0431467335940054,12.053015695431986,Quedas do Iguaçu
4120903,1.0,2016,3505.3562841531107,3347.8911917502587,-157.46509240285195,157.46509240285195,-0.0431467335940054,12.053015695431986,Quedas do Iguaçu
4120903,1.0,2017,3858.281095890501,3310.2575723424584,-548.0235235480427,548.0235235480427,-0.0431467335940054,12.053015695431986,Quedas do Iguaçu
4120903,1.0,2018,3475.790684931582,3534.51039063692,58.71970570533813,58.71970570533813,-0.0431467335940054,12.053015695431986,Quedas do Iguaçu
4120903,1.0,2019,3616.3139726028016,2915.59154307045,-700.7224295323517,700.7224295323517,-0.0431467335940054,12.053015695431986,Quedas do Iguaçu
4120903,1.0,2020,3810.786885245951,3968.4005334350495,157.61364818909897,157.61364818909897,-0.0431467335940054,12.053015695431986,Quedas do Iguaçu
4120903,1.0,2021,2578.4016438356525,3665.0180451159385,1086.616401280286,1086.616401280286,-0.0431467335940054,12.053015695431986,Quedas do Iguaçu
4120903,1.0,2022,2704.8975342465974,3435.5693469907696,730.6718127441723,730.6718127441723,-0.0431467335940054,12.053015695431986,Quedas do Iguaçu
4120903,1.0,2023,3982.36328767124,3992.181719303015,9.818431631775638,9.818431631775638,-0.0431467335940054,12.053015695431986,Quedas do Iguaçu
4120903,1.0,2024,4171.0,3895.246941628766,-275.75305837123415,275.75305837123415,-0.0431467335940054,12.053015695431986,Quedas do Iguaçu
4121604,1.0,2015,2584.5333333335584,2035.467397735992,-549.0659355975665,549.0659355975665,-0.5822434060952586,6.098307458959812,Renascença
4121604,1.0,2016,3053.548998178725,3043.9386268100843,-9.610371368641154,9.610371368641154,-0.5822434060952586,6.098307458959812,Renascença
4121604,1.0,2017,3552.216621004756,3162.6976965372664,-389.5189244674893,389.5189244674893,-0.5822434060952586,6.098307458959812,Renascença
4121604,1.0,2018,3369.095159817514,2474.945019269974,-894.1501405475392,894.1501405475392,-0.5822434060952586,6.098307458959812,Renascença
4121604,1.0,2019,3541.951780822052,4095.9015622263546,553.9497814043029,553.9497814043029,-0.5822434060952586,6.098307458959812,Renascença
4121604,1.0,2020,3801.074681238721,3696.138414004466,-104.93626723425496,104.93626723425496,-0.5822434060952586,6.098307458959812,Renascença
4121604,1.0,2021,2518.185570776333,3107.023116754642,588.8375459783092,588.8375459783092,-0.5822434060952586,6.098307458959812,Renascença
4121604,1.0,2022,2661.091506849349,3722.371757409376,1061.2802505600266,1061.2802505600266,-0.5822434060952586,6.098307458959812,Renascença
4121604,1.0,2023,3586.759086757998,3446.373564751106,-140.38552200689173,140.38552200689173,-0.5822434060952586,6.098307458959812,Renascença
4121604,1.0,2024,3252.0,3196.5826578693423,-55.417342130657744,55.417342130657744,-0.5822434060952586,6.098307458959812,Renascença
4122156,1.0,2015,3625.06666666668,5771.245540636932,2146.178873970252,2146.178873970252,-295.7355391776823,1679.7893891324652,Rio Bonito do Iguaçu
4122156,1.0,2016,3840.923132969049,5288.37336296413,1447.450229995081,1447.450229995081,-295.7355391776823,1679.7893891324652,Rio Bonito do Iguaçu
4122156,1.0,2017,3978.497625570785,3474.8066214657865,-503.6910041049987,503.6910041049987,-295.7355391776823,1679.7893891324652,Rio Bonito do Iguaçu
4122156,1.0,2018,3807.6999086758033,5473.698058410795,1665.9981497349918,1665.9981497349918,-295.7355391776823,1679.7893891324652,Rio Bonito do Iguaçu
4122156,1.0,2019,3943.729589041102,4377.613556955647,433.8839679145453,433.8839679145453,-295.7355391776823,1679.7893891324652,Rio Bonito do Iguaçu
4122156,1.0,2020,3895.7231329690353,7537.617710188494,3641.894577219459,3641.894577219459,-295.7355391776823,1679.7893891324652,Rio Bonito do Iguaçu
4122156,1.0,2021,3662.901278538808,6453.934655074807,2791.0333765359987,2791.0333765359987,-295.7355391776823,1679.7893891324652,Rio Bonito do Iguaçu
4122156,1.0,2022,3922.755616438353,6944.53080849551,3021.7751920571573,3021.7751920571573,-295.7355391776823,1679.7893891324652,Rio Bonito do Iguaçu
4122156,1.0,2023,3910.4400913241993,4299.040113737617,388.60002241341726,388.60002241341726,-295.7355391776823,1679.7893891324652,Rio Bonito do Iguaçu
4122156,1.0,2024,3684.0,5448.770505588749,1764.770505588749,1764.770505588749,-295.7355391776823,1679.7893891324652,Rio Bonito do Iguaçu
4122800,1.0,2015,2836.6666666668025,1857.8340639967928,-978.8326026700096,978.8326026700096,-10.254145620023822,-452.9502070316092,Salgado Filho
4122800,1.0,2016,3161.138433515614,2437.425853261548,-723.7125802540659,723.7125802540659,-10.254145620023822,-452.9502070316092,Salgado Filho
4122800,1.0,2017,3404.156392694178,6549.139334494692,3144.982941800514,3144.982941800514,-10.254145620023822,-452.9502070316092,Salgado Filho
4122800,1.0,2018,3153.792237443019,1879.4649945101348,-1274.3272429328842,1274.3272429328842,-10.254145620023822,-452.9502070316092,Salgado Filho
4122800,1.0,2019,3280.551369863093,1828.6830682762256,-1451.8683015868678,1451.8683015868678,-10.254145620023822,-452.9502070316092,Salgado Filho
4122800,1.0,2020,3618.7887067395895,2482.6390300379844,-1136.1496767016051,1136.1496767016051,-10.254145620023822,-452.9502070316092,Salgado Filho
4122800,1.0,2021,2426.371004566256,2268.428332293581,-157.94267227267483,157.94267227267483,-10.254145620023822,-452.9502070316092,Salgado Filho
4122800,1.0,2022,2516.028767123317,2704.7176057878887,188.6888386645719,188.6888386645719,-10.254145620023822,-452.9502070316092,Salgado Filho
4122800,1.0,2023,3642.4947488584594,2282.6586862325125,-1359.8360626259469,1359.8360626259469,-10.254145620023822,-452.9502070316092,Salgado Filho
4122800,1.0,2024,3486.0,2705.495288262877,-780.5047117371232,780.5047117371232,-10.254145620023822,-452.9502070316092,Salgado Filho
4123006,1.0,2015,3184.6666666667584,4747.058199170973,1562.3915325042149,1562.3915325042149,-25.523230057096903,307.61653932293314,Salto do Lontra
4123006,1.0,2016,3456.602914389887,1024.5296177292803,-2432.0732966606065,2432.0732966606065,-25.523230057096903,307.61653932293314,Salto do Lontra
4123006,1.0,2017,3788.555022831124,7915.455213284565,4126.900190453441,4126.900190453441,-25.523230057096903,307.61653932293314,Salto do Lontra
4123006,1.0,2018,3222.8415525114765,5440.404766004096,2217.5632134926195,2217.5632134926195,-25.523230057096903,307.61653932293314,Salto do Lontra
4123006,1.0,2019,3359.018493150736,1346.9441704852293,-2012.0743226655068,2012.0743226655068,-25.523230057096903,307.61653932293314,Salto do Lontra
4123006,1.0,2020,4050.520947176727,0.0,-4050.520947176727,4050.520947176727,-25.523230057096903,307.61653932293314,Salto do Lontra
4123006,1.0,2021,2463.169634703224,2403.67550954582,-59.49412515740414,59.49412515740414,-25.523230057096903,307.61653932293314,Salto do Lontra
4123006,1.0,2022,2572.349315068508,6148.018774766106,3575.6694596975976,3575.6694596975976,-25.523230057096903,307.61653932293314,Salto do Lontra
4123006,1.0,2023,4060.161872146124,6870.237424098338,2810.0755519522145,2810.0755519522145,-25.523230057096903,307.61653932293314,Salto do Lontra
4123006,1.0,2024,3954.0,1291.728136789489,-2662.2718632105107,2662.2718632105107,-25.523230057096903,307.61653932293314,Salto do Lontra
4124020,1.0,2015,3427.0666666667234,2455.0544231815,-972.0122434852236,972.0122434852236,-10.123951577577916,78.34088577776724,Santa Tereza do Oeste
4124020,1.0,2016,3553.8138433515987,3428.934313209334,-124.87953014226468,124.87953014226468,-10.123951577577916,78.34088577776724,Santa Tereza do Oeste
4124020,1.0,2017,3439.285981735198,4033.541525630934,594.2555438957356,594.2555438957356,-10.123951577577916,78.34088577776724,Santa Tereza do Oeste
4124020,1.0,2018,3097.999908675832,2889.004722053521,-208.9951866223109,208.9951866223109,-10.123951577577916,78.34088577776724,Santa Tereza do Oeste
4124020,1.0,2019,3594.870000000028,3430.3901495972946,-164.47985040273306,164.47985040273306,-10.123951577577916,78.34088577776724,Santa Tereza do Oeste
4124020,1.0,2020,3806.029143898019,3960.1881865880855,154.1590426900666,154.1590426900666,-10.123951577577916,78.34088577776724,Santa Tereza do Oeste
4124020,1.0,2021,3371.223881278556,3259.712115088671,-111.51176618988484,111.51176618988484,-10.123951577577916,78.34088577776724,Santa Tereza do Oeste
4124020,1.0,2022,3361.220000000012,4719.491682699144,1358.2716826991325,1358.2716826991325,-10.123951577577916,78.34088577776724,Santa Tereza do Oeste
4124020,1.0,2023,3437.6763926940703,3504.2908796484303,66.61448695436002,66.61448695436002,-10.123951577577916,78.34088577776724,Santa Tereza do Oeste
4124020,1.0,2024,3466.0,3657.986678380795,191.9866783807952,191.9866783807952,-10.123951577577916,78.34088577776724,Santa Tereza do Oeste
4124400,1.0,2015,3200.466666666762,1967.5308363139252,-1232.9358303528368,1232.9358303528368,-0.5715713294082223,-17.445997161088894,Santo Antônio do Sudoeste
4124400,1.0,2016,3419.8171220401605,3433.017346538168,13.200224498007174,13.200224498007174,-0.5715713294082223,-17.445997161088894,Santo Antônio do Sudoeste
4124400,1.0,2017,3497.3046118722223,2886.4873399045714,-610.8172719676509,610.8172719676509,-0.5715713294082223,-17.445997161088894,Santo Antônio do Sudoeste
4124400,1.0,2018,3134.92264840189,3400.7985584844496,265.8759100825596,265.8759100825596,-0.5715713294082223,-17.445997161088894,Santo Antônio do Sudoeste
4124400,1.0,2019,3563.373561643888,3817.3212630343182,253.94770139043067,253.94770139043067,-0.5715713294082223,-17.445997161088894,Santo Antônio do Sudoeste
4124400,1.0,2020,4115.919854280553,3808.338036071422,-307.5818182091316,307.5818182091316,-0.5715713294082223,-17.445997161088894,Santo Antônio do Sudoeste
4124400,1.0,2021,2428.653470319666,3339.5913322802107,910.9378619605444,910.9378619605444,-0.5715713294082223,-17.445997161088894,Santo Antônio do Sudoeste
4124400,1.0,2022,2373.920821917828,3656.574672511773,1282.6538505939443,1282.6538505939443,-0.5715713294082223,-17.445997161088894,Santo Antônio do Sudoeste
4124400,1.0,2023,3935.37721461188,3943.376210829375,7.998996217495005,7.998996217495005,-0.5715713294082223,-17.445997161088894,Santo Antônio do Sudoeste
4124400,1.0,2024,4000.0,3242.260404175749,-757.739595824251,757.739595824251,-0.5715713294082223,-17.445997161088894,Santo Antônio do Sudoeste
4124806,1.0,2015,3041.33333333346,1861.7350773728804,-1179.5982559605795,1179.5982559605795,-38.06691733997353,893.0602023518226,São João
4124806,1.0,2016,3407.6156648452893,7346.94763692325,3939.331972077961,3939.331972077961,-38.06691733997353,893.0602023518226,São João
4124806,1.0,2017,3690.057305936174,6631.95278645337,2941.895480517196,2941.895480517196,-38.06691733997353,893.0602023518226,São João
4124806,1.0,2018,3435.355707762641,1351.0947268240063,-2084.260980938635,2084.260980938635,-38.06691733997353,893.0602023518226,São João
4124806,1.0,2019,3494.771917808288,2227.537968979404,-1267.233948828884,1267.233948828884,-38.06691733997353,893.0602023518226,São João
4124806,1.0,2020,3432.375227686757,2760.7244580725646,-671.6507696141925,671.6507696141925,-38.06691733997353,893.0602023518226,São João
4124806,1.0,2021,2477.6070776256083,7540.089358452745,5062.4822808271365,5062.4822808271365,-38.06691733997353,893.0602023518226,São João
4124806,1.0,2022,2991.157534246597,3120.053106080028,128.8955718334305,128.8955718334305,-38.06691733997353,893.0602023518226,São João
4124806,1.0,2023,3912.340867579914,4065.5829766514753,153.24210907156066,153.24210907156066,-38.06691733997353,893.0602023518226,São João
4124806,1.0,2024,3687.0,5594.498564533233,1907.4985645332329,1907.4985645332329,-38.06691733997353,893.0602023518226,São João
4125209,1.0,2015,2933.9333333334366,0.0,-2933.9333333334366,2933.9333333334366,-44.64515606264646,-2987.829849938921,São Jorge d'Oeste
4125209,1.0,2016,3081.0495446266955,0.0,-3081.0495446266955,3081.0495446266955,-44.64515606264646,-2987.829849938921,São Jorge d'Oeste
4125209,1.0,2017,3260.6612785388984,0.0,-3260.6612785388984,3260.6612785388984,-44.64515606264646,-2987.829849938921,São Jorge d'Oeste
4125209,1.0,2018,2733.4452968037217,0.0,-2733.4452968037217,2733.4452968037217,-44.64515606264646,-2987.829849938921,São Jorge d'Oeste
4125209,1.0,2019,2886.393698630204,0.0,-2886.393698630204,2886.393698630204,-44.64515606264646,-2987.829849938921,São Jorge d'Oeste
4125209,1.0,2020,3588.3315118397586,0.0,-3588.3315118397586,3588.3315118397586,-44.64515606264646,-2987.829849938921,São Jorge d'Oeste
4125209,1.0,2021,2121.890502283139,0.0,-2121.890502283139,2121.890502283139,-44.64515606264646,-2987.829849938921,São Jorge d'Oeste
4125209,1.0,2022,2511.5567123287847,0.0,-2511.5567123287847,2511.5567123287847,-44.64515606264646,-2987.829849938921,São Jorge d'Oeste
4125209,1.0,2023,3691.036621004568,0.0,-3691.036621004568,3691.036621004568,-44.64515606264646,-2987.829849938921,São Jorge d'Oeste
4125209,1.0,2024,3070.0,0.0,-3070.0,3070.0,-44.64515606264646,-2987.829849938921,São Jorge d'Oeste
4126272,1.0,2015,3593.333333333311,1902.269598383872,-1691.063734949439,1691.063734949439,-51.54926245162751,56.99757687103604,Saudade do Iguaçu
4126272,1.0,2016,3788.561020036407,3552.0665119949117,-236.49450804149592,236.49450804149592,-51.54926245162751,56.99757687103604,Saudade do Iguaçu
4126272,1.0,2017,3774.141552511396,4851.736246265648,1077.594693754252,1077.594693754252,-51.54926245162751,56.99757687103604,Saudade do Iguaçu
4126272,1.0,2018,3513.70776255706,3057.319601888001,-456.3881606690588,456.3881606690588,-51.54926245162751,56.99757687103604,Saudade do Iguaçu
4126272,1.0,2019,3553.2739726027257,2829.8691826975296,-723.4047899051961,723.4047899051961,-51.54926245162751,56.99757687103604,Saudade do Iguaçu
4126272,1.0,2020,3841.8943533697534,6790.736493424518,2948.8421400547645,2948.8421400547645,-51.54926245162751,56.99757687103604,Saudade do Iguaçu
4126272,1.0,2021,4029.118721461181,4207.6373969155065,178.51867545432515,178.51867545432515,-51.54926245162751,56.99757687103604,Saudade do Iguaçu
4126272,1.0,2022,3614.164383561641,3803.998301512504,189.8339179508639,189.8339179508639,-51.54926245162751,56.99757687103604,Saudade do Iguaçu
4126272,1.0,2023,3508.2511415525096,3054.6530434020096,-453.5980981505,453.5980981505,-51.54926245162751,56.99757687103604,Saudade do Iguaçu
4126272,1.0,2024,3800.0,3536.135633211845,-263.8643667881552,263.8643667881552,-51.54926245162751,56.99757687103604,Saudade do Iguaçu
4126652,1.0,2015,3550.4666666666817,3512.536693503151,-37.929973163530576,37.929973163530576,-28.572776738279977,-255.14961052365453,Sulina
4126652,1.0,2016,3858.0466302368086,4906.475341277113,1048.4287110403047,1048.4287110403047,-28.572776738279977,-255.14961052365453,Sulina
4126652,1.0,2017,3783.60461187216,2166.715611937884,-1616.8889999342755,1616.8889999342755,-28.572776738279977,-255.14961052365453,Sulina
4126652,1.0,2018,3249.6925114155365,2149.282952080499,-1100.4095593350376,1100.4095593350376,-28.572776738279977,-255.14961052365453,Sulina
4126652,1.0,2019,3418.4954794520627,4278.89979257507,860.4043131230073,860.4043131230073,-28.572776738279977,-255.14961052365453,Sulina
4126652,1.0,2020,3735.6138433515534,1951.678021957392,-1783.9358213941623,1783.9358213941623,-28.572776738279977,-255.14961052365453,Sulina
4126652,1.0,2021,3725.4164840182702,6073.247410101125,2347.8309260828546,2347.8309260828546,-28.572776738279977,-255.14961052365453,Sulina
4126652,1.0,2022,3967.287945205482,2639.790397848672,-1327.4975473568102,1327.4975473568102,-28.572776738279977,-255.14961052365453,Sulina
4126652,1.0,2023,3700.940228310503,3937.540825637722,236.60059732721948,236.60059732721948,-28.572776738279977,-255.14961052365453,Sulina
4126652,1.0,2024,3200.0,2021.9012483738848,-1178.0987516261152,1178.0987516261152,-28.572776738279977,-255.14961052365453,Sulina
4127858,1.0,2015,3781.2666666667137,3216.215264331442,-565.0514023352716,565.0514023352716,-792.4933987649335,2437.2911407853026,Três Barras do Paraná
4127858,1.0,2016,3583.8018214936683,11896.993548299695,8313.191726806028,8313.191726806028,-792.4933987649335,2437.2911407853026,Três Barras do Paraná
4127858,1.0,2017,3605.3596803653336,8600.589458582166,4995.2297782168325,4995.2297782168325,-792.4933987649335,2437.2911407853026,Três Barras do Paraná
4127858,1.0,2018,3833.932511415559,3882.765530458412,48.83301904285327,48.83301904285327,-792.4933987649335,2437.2911407853026,Três Barras do Paraná
4127858,1.0,2019,4098.560136986332,3498.631478278117,-599.9286587082147,599.9286587082147,-792.4933987649335,2437.2911407853026,Três Barras do Paraná
4127858,1.0,2020,3959.652094717692,2925.0189296844555,-1034.6331650332368,1034.6331650332368,-792.4933987649335,2437.2911407853026,Três Barras do Paraná
4127858,1.0,2021,3614.7468949771855,4294.202247884408,679.4553529072227,679.4553529072227,-792.4933987649335,2437.2911407853026,Três Barras do Paraná
4127858,1.0,2022,3673.3690410959007,12670.980760104234,8997.611719008333,8997.611719008333,-792.4933987649335,2437.2911407853026,Três Barras do Paraná
4127858,1.0,2023,3699.4131050228334,2685.261450012866,-1014.1516550099682,1014.1516550099682,-792.4933987649335,2437.2911407853026,Três Barras do Paraná
4127858,1.0,2024,3702.0,8254.35469295845,4552.35469295845,4552.35469295845,-792.4933987649335,2437.2911407853026,Três Barras do Paraná
4128609,1.0,2015,3242.800000000018,3174.7788140687594,-68.02118593125851,68.02118593125851,-1.781065717653759,-117.12354483348868,Verê
4128609,1.0,2016,3725.87540983608,1890.58601082366,-1835.2893990124203,1835.2893990124203,-1.781065717653759,-117.12354483348868,Verê
4128609,1.0,2017,4234.400273972626,4002.863258828855,-231.537015143771,231.537015143771,-1.781065717653759,-117.12354483348868,Verê
4128609,1.0,2018,3564.341369863045,4067.276378893719,502.9350090306734,502.9350090306734,-1.781065717653759,-117.12354483348868,Verê
4128609,1.0,2019,3445.5975342466013,3592.258592887467,146.66105864086558,146.66105864086558,-1.781065717653759,-117.12354483348868,Verê
4128609,1.0,2020,4033.497267759584,3790.9150174350143,-242.5822503245695,242.5822503245695,-1.781065717653759,-117.12354483348868,Verê
4128609,1.0,2021,3021.2797260274115,3386.416526819226,365.1368007918145,365.1368007918145,-1.781065717653759,-117.12354483348868,Verê
4128609,1.0,2022,3225.64821917809,3916.9684204907376,691.3202013126474,691.3202013126474,-1.781065717653759,-117.12354483348868,Verê
4128609,1.0,2023,4167.896164383565,3861.448501469571,-306.44766291399355,306.44766291399355,-1.781065717653759,-117.12354483348868,Verê
4128609,1.0,2024,3908.0,3714.588995215125,-193.41100478487488,193.41100478487488,-1.781065717653759,-117.12354483348868,Verê
4128658,1.0,2015,3226.666666666686,1963.3598838816936,-1263.3067827849925,1263.3067827849925,-2.3918929742318467,-245.3345074604756,Virmond
4128658,1.0,2016,4235.482695810593,3795.6322967773694,-439.85039903322286,439.85039903322286,-2.3918929742318467,-245.3345074604756,Virmond
4128658,1.0,2017,4974.55707762559,3615.427044595762,-1359.1300330298277,1359.1300330298277,-2.3918929742318467,-245.3345074604756,Virmond
4128658,1.0,2018,4557.004566210056,4151.749085409769,-405.2554808002869,405.2554808002869,-2.3918929742318467,-245.3345074604756,Virmond
4128658,1.0,2019,4685.353424657535,5303.145209027831,617.7917843702962,617.7917843702962,-2.3918929742318467,-245.3345074604756,Virmond
4128658,1.0,2020,4632.837887067386,4893.461126695593,260.62323962820665,260.62323962820665,-2.3918929742318467,-245.3345074604756,Virmond
4128658,1.0,2021,4368.89497716893,4353.028014340203,-15.866962828727084,15.866962828727084,-2.3918929742318467,-245.3345074604756,Virmond
4128658,1.0,2022,4429.945205479423,4864.165110057814,434.2199045783909,434.2199045783909,-2.3918929742318467,-245.3345074604756,Virmond
4128658,1.0,2023,4209.92694063926,2959.427896245832,-1250.499044393428,1250.499044393428,-2.3918929742318467,-245.3345074604756,Virmond
4128658,1.0,2024,4000.0,4967.928699688835,967.928699688835,967.928699688835,-2.3918929742318467,-245.3345074604756,Virmond
4128708,1.0,2015,2761.600000000209,6952.4827999966,4190.882799996391,4190.882799996391,-286.1802097416967,6924.143934089208,Vitorino
4128708,1.0,2016,3295.65245901659,11688.703272995192,8393.050813978603,8393.050813978603,-286.1802097416967,6924.143934089208,Vitorino
4128708,1.0,2017,3872.9498630138687,11286.048184944708,7413.098321930839,7413.098321930839,-286.1802097416967,6924.143934089208,Vitorino
4128708,1.0,2018,3534.195068493294,10034.957431940093,6500.762363446798,6500.762363446798,-286.1802097416967,6924.143934089208,Vitorino
4128708,1.0,2019,3828.6539726028577,12466.372468964291,8637.718496361435,8637.718496361435,-286.1802097416967,6924.143934089208,Vitorino
4128708,1.0,2020,4047.027322404463,10987.521681542596,6940.4943591381325,6940.4943591381325,-286.1802097416967,6924.143934089208,Vitorino
4128708,1.0,2021,2754.3060273973256,9841.52007815246,7087.214050755134,7087.214050755134,-286.1802097416967,6924.143934089208,Vitorino
4128708,1.0,2022,3069.4498630137373,14059.008291076334,10989.558428062595,10989.558428062595,-286.1802097416967,6924.143934089208,Vitorino
4128708,1.0,2023,3781.4073972602873,4281.904150564433,500.4967533041454,500.4967533041454,-286.1802097416967,6924.143934089208,Vitorino
4128708,1.0,2024,3366.0,11954.162953918,8588.162953918001,8588.162953918001,-286.1802097416967,6924.143934089208,Vitorino
4100202,2.0,2022,3500.0,4065.3566106663934,565.3566106663943,565.3566106663943,-53.83097893560592,169.56803340863735,Adrianópolis
4100202,2.0,2023,3444.043835616438,3324.720323817474,-119.32351179896432,119.32351179896432,-53.83097893560592,169.56803340863735,Adrianópolis
4100202,2.0,2024,3389.0,3451.671001358482,62.671001358482044,62.671001358482044,-53.83097893560592,169.56803340863735,Adrianópolis
4104402,2.0,2015,3404.466666666616,2414.670930379233,-989.7957362873832,989.7957362873832,-7.016496335078116,-36.40360390945639,Cândido de Abreu
4104402,2.0,2016,2945.25428050996,3416.809043174128,471.5547626641678,471.5547626641678,-7.016496335078116,-36.40360390945639,Cândido de Abreu
4104402,2.0,2017,2954.5957077624985,2940.2137140790387,-14.381993683459768,14.381993683459768,-7.016496335078116,-36.40360390945639,Cândido de Abreu
4104402,2.0,2018,3376.1021004565755,3040.861431835297,-335.240668621278,335.240668621278,-7.016496335078116,-36.40360390945639,Cândido de Abreu
4104402,2.0,2019,3458.9016438355843,2376.337388397209,-1082.5642554383749,1082.5642554383749,-7.016496335078116,-36.40360390945639,Cândido de Abreu
4104402,2.0,2020,3539.329690346065,3154.5622435893674,-384.76744675669806,384.76744675669806,-7.016496335078116,-36.40360390945639,Cândido de Abreu
4104402,2.0,2021,3158.254155251122,3529.2902396329646,371.03608438184256,371.03608438184256,-7.016496335078116,-36.40360390945639,Cândido de Abreu
4104402,2.0,2022,3170.533150684912,3819.2201958762566,648.6870451913451,648.6870451913451,-7.016496335078116,-36.40360390945639,Cândido de Abreu
4104402,2.0,2023,3201.634063926934,3981.4189823770207,779.7849184500869,779.7849184500869,-7.016496335078116,-36.40360390945639,Cândido de Abreu
4104402,2.0,2024,2890.0,3061.6512510051875,171.65125100518753,171.65125100518753,-7.016496335078116,-36.40360390945639,Cândido de Abreu
4105201,2.0,2015,3101.866666666742,1918.7028611346495,-1183.163805532092,1183.163805532092,-94.0228637953218,-562.9765925479542,Cerro Azul
4105201,2.0,2016,3378.880510018285,2077.9093437968536,-1300.9711662214313,1300.9711662214313,-94.0228637953218,-562.9765925479542,Cerro Azul
4105201,2.0,2017,3461.8342009133,2190.8156231750545,-1271.0185777382453,1271.0185777382453,-94.0228637953218,-562.9765925479542,Cerro Azul
4105201,2.0,2018,3295.081004566261,2319.869952025355,-975.2110525409062,975.2110525409062,-94.0228637953218,-562.9765925479542,Cerro Azul
4105201,2.0,2019,3359.278493150728,2276.096515537096,-1083.1819776136315,1083.1819776136315,-94.0228637953218,-562.9765925479542,Cerro Azul
4105201,2.0,2020,3318.990892531908,2653.5290070510764,-665.4618854808309,665.4618854808309,-94.0228637953218,-562.9765925479542,Cerro Azul
4105201,2.0,2021,3328.2022374429425,5542.538401139695,2214.336163696752,2214.336163696752,-94.0228637953218,-562.9765925479542,Cerro Azul
4105201,2.0,2022,3489.0545205479552,2933.3014238268347,-555.7530967211205,555.7530967211205,-94.0228637953218,-562.9765925479542,Cerro Azul
4105201,2.0,2023,3337.6876255707784,2339.160338276758,-998.5272872940204,998.5272872940204,-94.0228637953218,-562.9765925479542,Cerro Azul
4105201,2.0,2024,3120.0,3309.186759965984,189.18675996598404,189.18675996598404,-94.0228637953218,-562.9765925479542,Cerro Azul
4110078,2.0,2015,3364.4000000000306,2883.9611072148427,-480.4388927851878,480.4388927851878,-20.702770995074697,107.38717682949296,Imbaú
4110078,2.0,2016,3637.232786885273,3515.1904076385067,-122.04237924676636,122.04237924676636,-20.702770995074697,107.38717682949296,Imbaú
4110078,2.0,2017,3848.976164383584,4254.392018171192,405.4158537876083,405.4158537876083,-20.702770995074697,107.38717682949296,Imbaú
4110078,2.0,2018,3481.621369863032,3302.9267698073127,-178.69460005571955,178.69460005571955,-20.702770995074697,107.38717682949296,Imbaú
4110078,2.0,2019,3505.0282191780984,4094.571314434728,589.5430952566289,589.5430952566289,-20.702770995074697,107.38717682949296,Imbaú
4110078,2.0,2020,3774.256830601106,4647.238280984803,872.9814503836974,872.9814503836974,-20.702770995074697,107.38717682949296,Imbaú
4110078,2.0,2021,3659.751506849324,3767.226644479695,107.4751376303716,107.4751376303716,-20.702770995074697,107.38717682949296,Imbaú
4110078,2.0,2022,3647.339178082196,3240.440470988594,-406.8987070936018,406.8987070936018,-20.702770995074697,107.38717682949296,Imbaú
4110078,2.0,2023,3588.285753424659,4824.734265230114,1236.448511805455,1236.448511805455,-20.702770995074697,107.38717682949296,Imbaú
4110078,2.0,2024,3484.0,2534.082298612444,-949.917701387556,949.917701387556,-20.702770995074697,107.38717682949296,Imbaú
4111407,2.0,2015,3382.6666666667056,6318.930188025014,2936.2635213583085,2936.2635213583085,-62.67159401318168,163.7257301669822,Ivaí
4111407,2.0,2016,3602.44444444448,3011.256862673426,-591.1875817710538,591.1875817710538,-62.67159401318168,163.7257301669822,Ivaí
4111407,2.0,2017,3767.994063926971,4152.82293820774,384.82887428076856,384.82887428076856,-62.67159401318168,163.7257301669822,Ivaí
4111407,2.0,2018,3413.1059360730856,3325.8390981442712,-87.26683792881431,87.26683792881431,-62.67159401318168,163.7257301669822,Ivaí
4111407,2.0,2019,3490.8205479452267,3860.048161915231,369.2276139700043,369.2276139700043,-62.67159401318168,163.7257301669822,Ivaí
4111407,2.0,2020,3664.346083788723,3936.244118502479,271.89803471375626,271.89803471375626,-62.67159401318168,163.7257301669822,Ivaí
4111407,2.0,2021,3369.2662100456746,3461.767286094867,92.5010760491923,92.5010760491923,-62.67159401318168,163.7257301669822,Ivaí
4111407,2.0,2022,3571.704109589048,3108.970926356468,-462.73318323257945,462.73318323257945,-62.67159401318168,163.7257301669822,Ivaí
4111407,2.0,2023,3672.826940639272,2728.926667505667,-943.9002731336054,943.9002731336054,-62.67159401318168,163.7257301669822,Ivaí
4111407,2.0,2024,3481.0,3148.626057363845,-332.3739426361549,332.3739426361549,-62.67159401318168,163.7257301669822,Ivaí
4119608,2.0,2015,3955.999999999942,4285.2352724533885,329.23527245344667,329.23527245344667,-5.708739153631909,-177.36057065322763,Pitanga
4119608,2.0,2016,3817.999999999941,3162.8422020662374,-655.1577979337039,655.1577979337039,-5.708739153631909,-177.36057065322763,Pitanga
4119608,2.0,2017,3951.450684931464,3652.7035723834942,-298.7471125479692,298.7471125479692,-5.708739153631909,-177.36057065322763,Pitanga
4119608,2.0,2018,3992.923287671204,3753.318258925706,-239.6050287454982,239.6050287454982,-5.708739153631909,-177.36057065322763,Pitanga
4119608,2.0,2019,4178.560273972574,3517.158653325308,-661.4016206472661,661.4016206472661,-5.708739153631909,-177.36057065322763,Pitanga
4119608,2.0,2020,4228.852459016365,4432.395631201495,203.5431721851301,203.5431721851301,-5.708739153631909,-177.36057065322763,Pitanga
4119608,2.0,2021,3583.80684931504,3713.667037657845,129.86018834280458,129.86018834280458,-5.708739153631909,-177.36057065322763,Pitanga
4119608,2.0,2022,3770.676712328753,4224.110674682777,453.43396235402406,453.43396235402406,-5.708739153631909,-177.36057065322763,Pitanga
4119608,2.0,2023,4106.121917808219,3164.4429084439694,-941.67900936425,941.67900936425,-5.708739153631909,-177.36057065322763,Pitanga
4119608,2.0,2024,3970.0,3876.912267371005,-93.08773262899469,93.08773262899469,-5.708739153631909,-177.36057065322763,Pitanga
4120606,2.0,2015,3255.9333333334225,3201.371002300445,-54.562331032977454,54.562331032977454,-23.5093314523644,-98.6696872809708,Prudentópolis
4120606,2.0,2016,3568.699817850722,2105.0723339485494,-1463.6274839021726,1463.6274839021726,-23.5093314523644,-98.6696872809708,Prudentópolis
4120606,2.0,2017,3829.235251141625,4135.948321433281,306.7130702916561,306.7130702916561,-23.5093314523644,-98.6696872809708,Prudentópolis
4120606,2.0,2018,3656.752146118783,4781.545728929904,1124.7935828111208,1124.7935828111208,-23.5093314523644,-98.6696872809708,Prudentópolis
4120606,2.0,2019,3684.6252054795023,2720.6915380218525,-963.9336674576498,963.9336674576498,-23.5093314523644,-98.6696872809708,Prudentópolis
4120606,2.0,2020,3785.276867031005,4363.9521331987,578.6752661676946,578.6752661676946,-23.5093314523644,-98.6696872809708,Prudentópolis
4120606,2.0,2021,3444.771324200941,4213.840807689123,769.069483488182,769.069483488182,-23.5093314523644,-98.6696872809708,Prudentópolis
4120606,2.0,2022,3518.25534246577,3671.93841640857,153.6830739428001,153.6830739428001,-23.5093314523644,-98.6696872809708,Prudentópolis
4120606,2.0,2023,3695.974977168955,2864.481323166393,-831.4936540025619,831.4936540025619,-23.5093314523644,-98.6696872809708,Prudentópolis
4120606,2.0,2024,3520.0,2913.9857868842,-606.0142131158,606.0142131158,-23.5093314523644,-98.6696872809708,Prudentópolis
4121703,2.0,2015,3150.0666666667234,3680.1801392060593,530.1134725393358,530.1134725393358,-169.67176153758845,719.9397803470738,Reserva
4121703,2.0,2016,3447.9941712204554,3664.60468557996,216.61051435950407,216.61051435950407,-169.67176153758845,719.9397803470738,Reserva
4121703,2.0,2017,3757.61337899548,3619.878003447579,-137.73537554790073,137.73537554790073,-169.67176153758845,719.9397803470738,Reserva
4121703,2.0,2018,3484.764292237479,3203.0294984964157,-281.73479374106364,281.73479374106364,-169.67176153758845,719.9397803470738,Reserva
4121703,2.0,2019,3500.156301369894,3525.6584505344663,25.502149164572074,25.502149164572074,-169.67176153758845,719.9397803470738,Reserva
4121703,2.0,2020,3662.6302367941976,3355.783908954833,-306.8463278393647,306.8463278393647,-169.67176153758845,719.9397803470738,Reserva
4121703,2.0,2021,3405.9211415525283,3872.7633684918937,466.8422269393655,466.8422269393655,-169.67176153758845,719.9397803470738,Reserva
4121703,2.0,2022,3494.8200000000083,9881.80915988494,6386.98915988493,6386.98915988493,-169.67176153758845,719.9397803470738,Reserva
4121703,2.0,2023,3521.6942009132445,3103.821237961082,-417.87296295216265,417.87296295216265,-169.67176153758845,719.9397803470738,Reserva
4121703,2.0,2024,3341.0,4058.529740663522,717.5297406635218,717.5297406635218,-169.67176153758845,719.9397803470738,Reserva
4127106,2.0,2015,3346.4000000000447,2164.6831508925447,-1181.7168491075,1181.7168491075,-94.8549640689378,-226.00387780702997,Telêmaco Borba
4127106,2.0,2016,3638.8393442623383,3491.486340895644,-147.3530033666948,147.3530033666948,-94.8549640689378,-226.00387780702997,Telêmaco Borba
4127106,2.0,2017,3868.967945205517,3134.681108461686,-734.2868367438309,734.2868367438309,-94.8549640689378,-226.00387780702997,Telêmaco Borba
4127106,2.0,2018,3649.837808219208,7348.310407325685,3698.472599106477,3698.472599106477,-94.8549640689378,-226.00387780702997,Telêmaco Borba
4127106,2.0,2019,3633.507671232901,1670.190000162253,-1963.3176710706475,1963.3176710706475,-94.8549640689378,-226.00387780702997,Telêmaco Borba
4127106,2.0,2020,3764.0000000000177,1850.1651128609203,-1913.8348871390967,1913.8348871390967,-94.8549640689378,-226.00387780702997,Telêmaco Borba
4127106,2.0,2021,3745.674794520563,3912.658816076521,166.9840215559575,166.9840215559575,-94.8549640689378,-226.00387780702997,Telêmaco Borba
4127106,2.0,2022,3777.7857534246655,3487.118401645243,-290.66735177942246,290.66735177942246,-94.8549640689378,-226.00387780702997,Telêmaco Borba
4127106,2.0,2023,3607.430958904111,3719.8739805923615,112.4430216882506,112.4430216882506,-94.8549640689378,-226.00387780702997,Telêmaco Borba
4127106,2.0,2024,3400.0,3393.238178786208,-6.7618212137922455,6.7618212137922455,-94.8549640689378,-226.00387780702997,Telêmaco Borba
4127502,2.0,2015,3684.266666666707,7266.22321446977,3581.956547803063,3581.956547803063,-912.5218086113608,3193.0543770574754,Tibagi
4127502,2.0,2016,4010.3974499089622,7246.198236346083,3235.80078643712,3235.80078643712,-912.5218086113608,3193.0543770574754,Tibagi
4127502,2.0,2017,4139.766529680394,6807.254878775197,2667.4883490948023,2667.4883490948023,-912.5218086113608,3193.0543770574754,Tibagi
4127502,2.0,2018,3907.716073059391,8830.657565057625,4922.941491998234,4922.941491998234,-912.5218086113608,3193.0543770574754,Tibagi
4127502,2.0,2019,3978.186164383592,6298.761345609137,2320.5751812255444,2320.5751812255444,-912.5218086113608,3193.0543770574754,Tibagi
4127502,2.0,2020,3996.9963570127743,9039.325234814572,5042.328877801798,5042.328877801798,-912.5218086113608,3193.0543770574754,Tibagi
4127502,2.0,2021,3871.923607305953,7741.075552247148,3869.1519449411953,3869.1519449411953,-912.5218086113608,3193.0543770574754,Tibagi
4127502,2.0,2022,4018.903287671243,7825.182009683402,3806.278722012159,3806.278722012159,-912.5218086113608,3193.0543770574754,Tibagi
4127502,2.0,2023,4013.1405022831086,2688.3233115302783,-1324.8171907528304,1324.8171907528304,-912.5218086113608,3193.0543770574754,Tibagi
4127502,2.0,2024,3832.0,7640.839060013671,3808.839060013671,3808.839060013671,-912.5218086113608,3193.0543770574754,Tibagi
4100459,3.0,2015,2711.2666666668006,7395.164878624913,4683.898211958112,4683.898211958112,-594.2451008905872,6513.1421868982325,Altamira do Paraná
4100459,3.0,2016,3197.3919854281785,15025.13315295867,11827.74116753049,11827.74116753049,-594.2451008905872,6513.1421868982325,Altamira do Paraná
4100459,3.0,2017,3638.895981735273,10789.8625445958,7150.966562860525,7150.966562860525,-594.2451008905872,6513.1421868982325,Altamira do Paraná
4100459,3.0,2018,3408.6215525115117,10443.705322354792,7035.083769843281,7035.083769843281,-594.2451008905872,6513.1421868982325,Altamira do Paraná
4100459,3.0,2019,3305.8484931507637,10291.44216317768,6985.593670026918,6985.593670026918,-594.2451008905872,6513.1421868982325,Altamira do Paraná
4100459,3.0,2020,3364.97996357019,6946.536073692197,3581.556110122006,3581.556110122006,-594.2451008905872,6513.1421868982325,Altamira do Paraná
4100459,3.0,2021,2795.644840182694,6799.359537487229,4003.714697304535,4003.714697304535,-594.2451008905872,6513.1421868982325,Altamira do Paraná
4100459,3.0,2022,2875.0635616438635,17364.818646389806,14489.755084745942,14489.755084745942,-594.2451008905872,6513.1421868982325,Altamira do Paraná
4100459,3.0,2023,3490.098721461198,6065.120352385999,2575.021630924801,2575.021630924801,-594.2451008905872,6513.1421868982325,Altamira do Paraná
4100459,3.0,2024,3500.0,6298.090963665716,2798.090963665716,2798.090963665716,-594.2451008905872,6513.1421868982325,Altamira do Paraná
4100509,3.0,2015,2164.0000000001164,2285.1240679611906,121.12406796107416,121.12406796107416,-0.6265654694240967,-152.06664082953017,Altônia
4100509,3.0,2016,2263.0382513662366,2162.49380249402,-100.54444887221688,100.54444887221688,-0.6265654694240967,-152.06664082953017,Altônia
4100509,3.0,2017,2651.8712328768142,1925.863469048584,-726.00776382823,726.00776382823,-0.6265654694240967,-152.06664082953017,Altônia
4100509,3.0,2018,2220.652054794608,2316.1837246871414,95.5316698925335,95.5316698925335,-0.6265654694240967,-152.06664082953017,Altônia
4100509,3.0,2019,2360.3917808219903,1645.010869318202,-715.3809115037882,715.3809115037882,-0.6265654694240967,-152.06664082953017,Altônia
4100509,3.0,2020,2979.344262295125,2523.075870091525,-456.26839220360034,456.26839220360034,-0.6265654694240967,-152.06664082953017,Altônia
4100509,3.0,2021,1547.5424657534536,2219.731562125522,672.1890963720684,672.1890963720684,-0.6265654694240967,-152.06664082953017,Altônia
4100509,3.0,2022,1796.3232876712473,2492.379939234373,696.0566515631258,696.0566515631258,-0.6265654694240967,-152.06664082953017,Altônia
4100509,3.0,2023,2858.528767123288,2135.7063563477395,-722.8224107755482,722.8224107755482,-0.6265654694240967,-152.06664082953017,Altônia
4100509,3.0,2024,2500.0,2115.45603309928,-384.5439669007201,384.5439669007201,-0.6265654694240967,-152.06664082953017,Altônia
4100707,3.0,2015,2401.533333333479,2974.857582606486,573.3242492730078,573.3242492730078,-1.518129597169445,-158.6343282770061,Alto Piquiri
4100707,3.0,2016,2971.849544626728,2680.988336796396,-290.8612078303317,290.8612078303317,-1.518129597169445,-158.6343282770061,Alto Piquiri
4100707,3.0,2017,3547.7796347033145,2684.862892372901,-862.9167423304134,862.9167423304134,-1.518129597169445,-158.6343282770061,Alto Piquiri
4100707,3.0,2018,2915.870502283205,3413.232672846666,497.3621705634605,497.3621705634605,-1.518129597169445,-158.6343282770061,Alto Piquiri
4100707,3.0,2019,2697.933972602819,2068.335828658394,-629.5981439444249,629.5981439444249,-1.518129597169445,-158.6343282770061,Alto Piquiri
4100707,3.0,2020,3143.1839708561643,2276.1823956715866,-867.0015751845776,867.0015751845776,-1.518129597169445,-158.6343282770061,Alto Piquiri
4100707,3.0,2021,2410.143105022876,3002.1208232850367,591.977718262161,591.977718262161,-1.518129597169445,-158.6343282770061,Alto Piquiri
4100707,3.0,2022,2824.3983561644072,2644.3439967053323,-180.05435945907493,180.05435945907493,-1.518129597169445,-158.6343282770061,Alto Piquiri
4100707,3.0,2023,3383.4481278538883,2896.7638283099745,-486.68429954391377,486.68429954391377,-1.518129597169445,-158.6343282770061,Alto Piquiri
4100707,3.0,2024,2800.0,2868.1089074240463,68.10890742404627,68.10890742404627,-1.518129597169445,-158.6343282770061,Alto Piquiri
4101051,3.0,2015,3042.20000000007,2767.86372418922,-274.3362758108501,274.3362758108501,-1.1048732286565262,-236.9591740578552,Anahy
4101051,3.0,2016,2883.38688524596,1816.141765249315,-1067.245119996645,1067.245119996645,-1.1048732286565262,-236.9591740578552,Anahy
4101051,3.0,2017,2792.388767123352,3157.186503870854,364.79773674750186,364.79773674750186,-1.1048732286565262,-236.9591740578552,Anahy
4101051,3.0,2018,2836.277808219248,2871.546657617885,35.26884939863703,35.26884939863703,-1.1048732286565262,-236.9591740578552,Anahy
4101051,3.0,2019,2956.196986301416,2931.1090496112665,-25.08793669014949,25.08793669014949,-1.1048732286565262,-236.9591740578552,Anahy
4101051,3.0,2020,2958.4098360655967,2619.9863050416834,-338.42353102391326,338.42353102391326,-1.1048732286565262,-236.9591740578552,Anahy
4101051,3.0,2021,2222.347671232877,1777.784534607424,-444.5631366254527,444.5631366254527,-1.1048732286565262,-236.9591740578552,Anahy
4101051,3.0,2022,2421.2942465753194,2616.46483086794,195.1705842926208,195.1705842926208,-1.1048732286565262,-236.9591740578552,Anahy
4101051,3.0,2023,3249.361369862996,2648.2679544762104,-601.0934153867856,601.0934153867856,-1.1048732286565262,-236.9591740578552,Anahy
4101051,3.0,2024,3299.0,3084.920504516485,-214.07949548351507,214.07949548351507,-1.1048732286565262,-236.9591740578552,Anahy
4102000,3.0,2015,2514.53333333347,2542.755517778736,28.22218444526561,28.22218444526561,-0.7558333142954832,-76.01834740989516,Assis Chateaubriand
4102000,3.0,2016,2846.4287795994023,2219.604441058577,-626.8243385408255,626.8243385408255,-0.7558333142954832,-76.01834740989516,Assis Chateaubriand
4102000,3.0,2017,2986.272100456724,2284.7392398904794,-701.5328605662444,701.5328605662444,-0.7558333142954832,-76.01834740989516,Assis Chateaubriand
4102000,3.0,2018,2212.69652968044,3154.156148515435,941.4596188349948,941.4596188349948,-0.7558333142954832,-76.01834740989516,Assis Chateaubriand
4102000,3.0,2019,2447.304520548006,1785.0087417387574,-662.2957788092488,662.2957788092488,-0.7558333142954832,-76.01834740989516,Assis Chateaubriand
4102000,3.0,2020,3077.938069216806,3050.1772549417105,-27.760814275095527,27.760814275095527,-0.7558333142954832,-76.01834740989516,Assis Chateaubriand
4102000,3.0,2021,1656.8218721461526,2530.918685846604,874.0968137004515,874.0968137004515,-0.7558333142954832,-76.01834740989516,Assis Chateaubriand
4102000,3.0,2022,1917.4024657534444,2844.714096714481,927.311630961037,927.311630961037,-0.7558333142954832,-76.01834740989516,Assis Chateaubriand
4102000,3.0,2023,3305.24333333334,2689.929391344669,-615.3139419886711,615.3139419886711,-0.7558333142954832,-76.01834740989516,Assis Chateaubriand
4102000,3.0,2024,3225.0,2327.4540121393848,-897.5459878606152,897.5459878606152,-0.7558333142954832,-76.01834740989516,Assis Chateaubriand
4103057,3.0,2015,3296.600000000093,3878.7374111682,582.1374111681071,582.1374111681071,-207.05786124762813,3244.421250181965,Boa Vista da Aparecida
4103057,3.0,2016,3327.668852459104,9259.26858244922,5931.599729990116,5931.599729990116,-207.05786124762813,3244.421250181965,Boa Vista da Aparecida
4103057,3.0,2017,3366.364931506925,9499.339597476295,6132.974665969372,6132.974665969372,-207.05786124762813,3244.421250181965,Boa Vista da Aparecida
4103057,3.0,2018,3314.614246575407,8528.276965798728,5213.662719223321,5213.662719223321,-207.05786124762813,3244.421250181965,Boa Vista da Aparecida
4103057,3.0,2019,3760.512876712381,3148.4770858081297,-612.0357909042514,612.0357909042514,-207.05786124762813,3244.421250181965,Boa Vista da Aparecida
4103057,3.0,2020,3838.4262295082376,2980.298392526724,-858.1278369815136,858.1278369815136,-207.05786124762813,3244.421250181965,Boa Vista da Aparecida
4103057,3.0,2021,2849.3101369863307,8022.382225736221,5173.07208874989,5173.07208874989,-207.05786124762813,3244.421250181965,Boa Vista da Aparecida
4103057,3.0,2022,2944.186849315085,8982.439570326262,6038.252721011177,6038.252721011177,-207.05786124762813,3244.421250181965,Boa Vista da Aparecida
4103057,3.0,2023,3608.718356164389,2762.6601261735877,-846.0582299908019,846.0582299908019,-207.05786124762813,3244.421250181965,Boa Vista da Aparecida
4103057,3.0,2024,3623.0,9311.735023584237,5688.735023584237,5688.735023584237,-207.05786124762813,3244.421250181965,Boa Vista da Aparecida
4103354,3.0,2015,3134.9333333334366,6508.82102008204,3373.887686748604,3373.887686748604,-809.4882709727375,3210.233889156761,Braganey
4103354,3.0,2016,3190.4265938070234,5776.546147215104,2586.1195534080803,2586.1195534080803,-809.4882709727375,3210.233889156761,Braganey
4103354,3.0,2017,3035.296210045748,4293.041182518472,1257.7449724727244,1257.7449724727244,-809.4882709727375,3210.233889156761,Braganey
4103354,3.0,2018,2999.7863926941327,8246.211304618555,5246.424911924422,5246.424911924422,-809.4882709727375,3210.233889156761,Braganey
4103354,3.0,2019,3271.619041095957,4766.974907272034,1495.3558661760771,1495.3558661760771,-809.4882709727375,3210.233889156761,Braganey
4103354,3.0,2020,3251.495446265988,5419.996339617821,2168.500893351833,2168.500893351833,-809.4882709727375,3210.233889156761,Braganey
4103354,3.0,2021,2889.5747488584816,9288.783162844866,6399.208413986384,6399.208413986384,-809.4882709727375,3210.233889156761,Braganey
4103354,3.0,2022,2916.580000000032,11003.334671499915,8086.754671499884,8086.754671499884,-809.4882709727375,3210.233889156761,Braganey
4103354,3.0,2023,3230.7496347032115,4721.356839043754,1490.6072043405425,1490.6072043405425,-809.4882709727375,3210.233889156761,Braganey
4103354,3.0,2024,3284.0,3281.73471765906,-2.265282340939848,2.265282340939848,-809.4882709727375,3210.233889156761,Braganey
4103370,3.0,2015,2534.2000000000985,0.0,-2534.2000000000985,2534.2000000000985,-52.79894402391709,-2280.372684875592,Brasilândia do Sul
4103370,3.0,2016,2500.064480874419,0.0,-2500.064480874419,2500.064480874419,-52.79894402391709,-2280.372684875592,Brasilândia do Sul
4103370,3.0,2017,2677.5723287672163,1711.3840008591694,-966.1883279080467,966.1883279080467,-52.79894402391709,-2280.372684875592,Brasilândia do Sul
4103370,3.0,2018,2389.9106849315917,0.0,-2389.9106849315917,2389.9106849315917,-52.79894402391709,-2280.372684875592,Brasilândia do Sul
4103370,3.0,2019,2215.6024657535004,0.0,-2215.6024657535004,2215.6024657535004,-52.79894402391709,-2280.372684875592,Brasilândia do Sul
4103370,3.0,2020,2583.475409836118,0.0,-2583.475409836118,2583.475409836118,-52.79894402391709,-2280.372684875592,Brasilândia do Sul
4103370,3.0,2021,1795.3421917808655,0.0,-1795.3421917808655,1795.3421917808655,-52.79894402391709,-2280.372684875592,Brasilândia do Sul
4103370,3.0,2022,2130.8805479452403,0.0,-2130.8805479452403,2130.8805479452403,-52.79894402391709,-2280.372684875592,Brasilândia do Sul
4103370,3.0,2023,2988.0627397260387,0.0,-2988.0627397260387,2988.0627397260387,-52.79894402391709,-2280.372684875592,Brasilândia do Sul
4103370,3.0,2024,2700.0,0.0,-2700.0,2700.0,-52.79894402391709,-2280.372684875592,Brasilândia do Sul
4103453,3.0,2015,3072.2666666668088,3681.845930516219,609.5792638494104,609.5792638494104,-2.819667708019704,-185.11171304693644,Cafelândia
4103453,3.0,2016,3638.4520947178,4110.241938086229,471.78984336843,471.78984336843,-2.819667708019704,-185.11171304693644,Cafelândia
4103453,3.0,2017,3810.428173516091,3310.345953028676,-500.08222048741527,500.08222048741527,-2.819667708019704,-185.11171304693644,Cafelândia
4103453,3.0,2018,3310.847579908771,1527.7020742852435,-1783.1455056235272,1783.1455056235272,-2.819667708019704,-185.11171304693644,Cafelândia
4103453,3.0,2019,3617.97383561652,2872.634054505456,-745.339781111064,745.339781111064,-2.819667708019704,-185.11171304693644,Cafelândia
4103453,3.0,2020,3677.302367941772,3892.8992430252106,215.5968750834386,215.5968750834386,-2.819667708019704,-185.11171304693644,Cafelândia
4103453,3.0,2021,2333.883881278578,4180.895140810619,1847.0112595320409,1847.0112595320409,-2.819667708019704,-185.11171304693644,Cafelândia
4103453,3.0,2022,2588.695068493175,3639.782075808811,1051.0870073156366,1051.0870073156366,-2.819667708019704,-185.11171304693644,Cafelândia
4103453,3.0,2023,4088.763789954348,2953.647118093844,-1135.1166718605043,1135.1166718605043,-2.819667708019704,-185.11171304693644,Cafelândia
4103453,3.0,2024,4375.0,2492.5027994641905,-1882.4972005358093,1882.4972005358093,-2.819667708019704,-185.11171304693644,Cafelândia
4103479,3.0,2015,2078.133333333477,831.1923678585874,-1246.9409654748897,1246.9409654748897,-14.468559693040753,-333.055889821157,Cafezal do Sul
4103479,3.0,2016,2224.042987249676,2255.154226435081,31.11123918540534,31.11123918540534,-14.468559693040753,-333.055889821157,Cafezal do Sul
4103479,3.0,2017,2565.087031963576,2092.3412258763283,-472.7458060872477,472.7458060872477,-14.468559693040753,-333.055889821157,Cafezal do Sul
4103479,3.0,2018,2299.977899543474,1149.5706966102723,-1150.4072029332017,1150.4072029332017,-14.468559693040753,-333.055889821157,Cafezal do Sul
4103479,3.0,2019,2146.375616438441,1135.5464874236563,-1010.8291290147844,1010.8291290147844,-14.468559693040753,-333.055889821157,Cafezal do Sul
4103479,3.0,2020,2584.9763205829368,2592.9651036093687,7.988783026431975,7.988783026431975,-14.468559693040753,-333.055889821157,Cafezal do Sul
4103479,3.0,2021,1808.409406392728,3219.471278944921,1411.0618725521929,1411.0618725521929,-14.468559693040753,-333.055889821157,Cafezal do Sul
4103479,3.0,2022,2015.220821917832,3329.779267984826,1314.558446066994,1314.558446066994,-14.468559693040753,-333.055889821157,Cafezal do Sul
4103479,3.0,2023,2666.267853881291,1860.71725873406,-805.550595147231,805.550595147231,-14.468559693040753,-333.055889821157,Cafezal do Sul
4103479,3.0,2024,2230.0,821.1944596147599,-1408.80554038524,1408.80554038524,-14.468559693040753,-333.055889821157,Cafezal do Sul
4103909,3.0,2015,2984.7333333334395,2791.3835545955503,-193.3497787378892,193.3497787378892,-17.38797226968661,-378.4300621148851,Campina da Lagoa
4103909,3.0,2016,3419.487795992808,2620.856984873729,-798.6308111190792,798.6308111190792,-17.38797226968661,-378.4300621148851,Campina da Lagoa
4103909,3.0,2017,3550.470456621084,5599.242101012876,2048.771644391792,2048.771644391792,-17.38797226968661,-378.4300621148851,Campina da Lagoa
4103909,3.0,2018,2961.286666666738,3042.123486682295,80.83682001555735,80.83682001555735,-17.38797226968661,-378.4300621148851,Campina da Lagoa
4103909,3.0,2019,3016.793287671296,2479.074082335882,-537.7192053354142,537.7192053354142,-17.38797226968661,-378.4300621148851,Campina da Lagoa
4103909,3.0,2020,3374.856102003692,2390.96640935991,-983.889692643782,983.889692643782,-17.38797226968661,-378.4300621148851,Campina da Lagoa
4103909,3.0,2021,2906.579132420125,2649.585811728388,-256.99332069173715,256.99332069173715,-17.38797226968661,-378.4300621148851,Campina da Lagoa
4103909,3.0,2022,3224.3131506849577,2846.849120632369,-377.4640300525885,377.4640300525885,-17.38797226968661,-378.4300621148851,Campina da Lagoa
4103909,3.0,2023,3549.880045662112,1982.117895640852,-1567.7621500212597,1567.7621500212597,-17.38797226968661,-378.4300621148851,Campina da Lagoa
4103909,3.0,2024,3100.0,1901.8999030455493,-1198.1000969544507,1198.1000969544507,-17.38797226968661,-378.4300621148851,Campina da Lagoa
4104501,3.0,2015,2711.133333333465,1905.3190856804808,-805.8142476529849,805.8142476529849,-5.834448818803145,-1027.8429539610763,Capanema
4104501,3.0,2016,3106.14681238628,0.0,-3106.14681238628,3106.14681238628,-5.834448818803145,-1027.8429539610763,Capanema
4104501,3.0,2017,3655.526757990973,3467.1420452045845,-188.38471278638823,188.38471278638823,-5.834448818803145,-1027.8429539610763,Capanema
4104501,3.0,2018,3158.643652968126,3141.149379011355,-17.49427395677094,17.49427395677094,-5.834448818803145,-1027.8429539610763,Capanema
4104501,3.0,2019,3335.3769863014427,0.0,-3335.3769863014427,3335.3769863014427,-5.834448818803145,-1027.8429539610763,Capanema
4104501,3.0,2020,3991.1183970856655,3210.5605457051697,-780.5578513804967,780.5578513804967,-5.834448818803145,-1027.8429539610763,Capanema
4104501,3.0,2021,2142.808036529721,0.0,-2142.808036529721,2142.808036529721,-5.834448818803145,-1027.8429539610763,Capanema
4104501,3.0,2022,2033.138630137009,3782.688756999202,1749.5501268621924,1749.5501268621924,-5.834448818803145,-1027.8429539610763,Capanema
4104501,3.0,2023,3784.378812785395,3091.386560111772,-692.9922526736236,692.9922526736236,-5.834448818803145,-1027.8429539610763,Capanema
4104501,3.0,2024,3995.0,3036.5955071947506,-958.4044928052494,958.4044928052494,-5.834448818803145,-1027.8429539610763,Capanema
4104600,3.0,2015,2720.466666666849,2487.820670629839,-232.64599603701024,232.64599603701024,-1.925697705746884,105.69662835982744,Capitão Leônidas Marques
4104600,3.0,2016,2862.773406193253,3210.4924648866963,347.71905869344346,347.71905869344346,-1.925697705746884,105.69662835982744,Capitão Leônidas Marques
4104600,3.0,2017,3147.7422831051663,3180.5248567698445,32.78257366467824,32.78257366467824,-1.925697705746884,105.69662835982744,Capitão Leônidas Marques
4104600,3.0,2018,3282.0719634704337,3245.368831132017,-36.70313233841671,36.70313233841671,-1.925697705746884,105.69662835982744,Capitão Leônidas Marques
4104600,3.0,2019,3569.6043835617425,3305.810536220327,-263.7938473414156,263.7938473414156,-1.925697705746884,105.69662835982744,Capitão Leônidas Marques
4104600,3.0,2020,3353.5154826958933,3343.5581500133326,-9.957332682560718,9.957332682560718,-1.925697705746884,105.69662835982744,Capitão Leônidas Marques
4104600,3.0,2021,2554.9048401827017,3993.860377275157,1438.9555370924554,1438.9555370924554,-1.925697705746884,105.69662835982744,Capitão Leônidas Marques
4104600,3.0,2022,2701.4838356164614,3236.2798191598326,534.7959835433712,534.7959835433712,-1.925697705746884,105.69662835982744,Capitão Leônidas Marques
4104600,3.0,2023,3188.4107762557155,2744.011504828442,-444.3992714272736,444.3992714272736,-1.925697705746884,105.69662835982744,Capitão Leônidas Marques
4104600,3.0,2024,3242.0,2932.212710431003,-309.78728956899704,309.78728956899704,-1.925697705746884,105.69662835982744,Capitão Leônidas Marques
4105300,3.0,2015,2896.600000000122,1611.8964153595591,-1284.703584640563,1284.703584640563,-8.103895768170956,-312.54934737792075,Céu Azul
4105300,3.0,2016,3072.8327868853626,4087.790646198443,1014.9578593130803,1014.9578593130803,-8.103895768170956,-312.54934737792075,Céu Azul
4105300,3.0,2017,3049.8163013699677,1618.7768231453556,-1431.0394782246117,1431.0394782246117,-8.103895768170956,-312.54934737792075,Céu Azul
4105300,3.0,2018,2569.1389041096822,2987.563731548234,418.4248274385518,418.4248274385518,-8.103895768170956,-312.54934737792075,Céu Azul
4105300,3.0,2019,2994.28890410967,3413.595198508026,419.30629439835593,419.30629439835593,-8.103895768170956,-312.54934737792075,Céu Azul
4105300,3.0,2020,3452.7868852459715,2068.6640380651083,-1384.1228471808631,1384.1228471808631,-8.103895768170956,-312.54934737792075,Céu Azul
4105300,3.0,2021,2366.682054794564,2181.9207898381496,-184.7612649564144,184.7612649564144,-8.103895768170956,-312.54934737792075,Céu Azul
4105300,3.0,2022,2399.2704109589217,2049.8248688336075,-349.4455421253142,349.4455421253142,-8.103895768170956,-312.54934737792075,Céu Azul
4105300,3.0,2023,3288.4943835616496,4670.6472431495295,1382.15285958788,1382.15285958788,-8.103895768170956,-312.54934737792075,Céu Azul
4105300,3.0,2024,3321.0,1594.7374026106909,-1726.2625973893091,1726.2625973893091,-8.103895768170956,-312.54934737792075,Céu Azul
4106308,3.0,2015,3623.066666666739,2469.9249621641197,-1153.1417045026196,1153.1417045026196,-19.761806300290825,-107.9034400373127,Corbélia
4106308,3.0,2016,3599.245537340685,4292.229261241493,692.983723900808,692.983723900808,-19.761806300290825,-107.9034400373127,Corbélia
4106308,3.0,2017,3363.2599543379524,3501.5882687945714,138.32831445661895,138.32831445661895,-19.761806300290825,-107.9034400373127,Corbélia
4106308,3.0,2018,3435.399908675839,3064.777490170916,-370.6224185049232,370.6224185049232,-19.761806300290825,-107.9034400373127,Corbélia
4106308,3.0,2019,3866.9891780822263,4031.934383166069,164.94520508384176,164.94520508384176,-19.761806300290825,-107.9034400373127,Corbélia
4106308,3.0,2020,3703.1220400728894,3670.4654422691,-32.65659780378974,32.65659780378974,-19.761806300290825,-107.9034400373127,Corbélia
4106308,3.0,2021,3448.4334703196514,4019.409290666075,570.9758203464235,570.9758203464235,-19.761806300290825,-107.9034400373127,Corbélia
4106308,3.0,2022,3504.565205479464,3580.3749505124238,75.80974503295965,75.80974503295965,-19.761806300290825,-107.9034400373127,Corbélia
4106308,3.0,2023,3543.014748858454,2272.831704439611,-1270.183044418843,1270.183044418843,-19.761806300290825,-107.9034400373127,Corbélia
4106308,3.0,2024,3582.0,3686.526556036397,104.52655603639688,104.52655603639688,-19.761806300290825,-107.9034400373127,Corbélia
4107124,3.0,2015,3525.333333333314,0.0,-3525.333333333314,3525.333333333314,-243.1881603200206,-2216.3969626858307,Diamante do Sul
4107124,3.0,2016,3787.675774134776,3737.333935532959,-50.34183860181702,50.34183860181702,-243.1881603200206,-2216.3969626858307,Diamante do Sul
4107124,3.0,2017,3957.3511415524927,3455.720442766078,-501.63069878641454,501.63069878641454,-243.1881603200206,-2216.3969626858307,Diamante do Sul
4107124,3.0,2018,3617.8694063926696,0.0,-3617.8694063926696,3617.8694063926696,-243.1881603200206,-2216.3969626858307,Diamante do Sul
4107124,3.0,2019,3704.469863013683,0.0,-3704.469863013683,3704.469863013683,-243.1881603200206,-2216.3969626858307,Diamante do Sul
4107124,3.0,2020,3681.675774134786,3351.593544675656,-330.08222945912985,330.08222945912985,-243.1881603200206,-2216.3969626858307,Diamante do Sul
4107124,3.0,2021,3295.0954337899448,4284.215276975267,989.1198431853228,989.1198431853228,-243.1881603200206,-2216.3969626858307,Diamante do Sul
4107124,3.0,2022,3715.997260273957,0.0,-3715.997260273957,3715.997260273957,-243.1881603200206,-2216.3969626858307,Diamante do Sul
4107124,3.0,2023,3957.364840182644,0.0,-3957.364840182644,3957.364840182644,-243.1881603200206,-2216.3969626858307,Diamante do Sul
4107124,3.0,2024,3750.0,0.0,-3750.0,3750.0,-243.1881603200206,-2216.3969626858307,Diamante do Sul
4107157,3.0,2015,2504.0000000001746,0.0,-2504.0000000001746,2504.0000000001746,-34.20432236533171,-2606.638460962731,Diamante D'Oeste
4107157,3.0,2016,2415.7704918034387,0.0,-2415.7704918034387,2415.7704918034387,-34.20432236533171,-2606.638460962731,Diamante D'Oeste
4107157,3.0,2017,2502.1657534247884,0.0,-2502.1657534247884,2502.1657534247884,-34.20432236533171,-2606.638460962731,Diamante D'Oeste
4107157,3.0,2018,2811.8821917809382,0.0,-2811.8821917809382,2811.8821917809382,-34.20432236533171,-2606.638460962731,Diamante D'Oeste
4107157,3.0,2019,3126.1986301370885,0.0,-3126.1986301370885,3126.1986301370885,-34.20432236533171,-2606.638460962731,Diamante D'Oeste
4107157,3.0,2020,3042.8469945355914,0.0,-3042.8469945355914,3042.8469945355914,-34.20432236533171,-2606.638460962731,Diamante D'Oeste
4107157,3.0,2021,1791.1273972603174,0.0,-1791.1273972603174,1791.1273972603174,-34.20432236533171,-2606.638460962731,Diamante D'Oeste
4107157,3.0,2022,1912.2273972603027,0.0,-1912.2273972603027,1912.2273972603027,-34.20432236533171,-2606.638460962731,Diamante D'Oeste
4107157,3.0,2023,2985.1657534246715,0.0,-2985.1657534246715,2985.1657534246715,-34.20432236533171,-2606.638460962731,Diamante D'Oeste
4107157,3.0,2024,2975.0,0.0,-2975.0,2975.0,-34.20432236533171,-2606.638460962731,Diamante D'Oeste
4107520,3.0,2015,2659.0990990990827,1489.5887909047935,-1169.510308194289,1169.510308194289,-2.9326117141283667,232.2743921005671,Esperança Nova
4107520,3.0,2016,2680.521833308698,1554.6493921407343,-1125.872441167964,1125.872441167964,-2.9326117141283667,232.2743921005671,Esperança Nova
4107520,3.0,2017,2701.711711711687,3524.135684312472,822.4239726007854,822.4239726007854,-2.9326117141283667,232.2743921005671,Esperança Nova
4107520,3.0,2018,1393.9369369369233,2917.9735980543846,1524.036661117461,1524.036661117461,-2.9326117141283667,232.2743921005671,Esperança Nova
4107520,3.0,2019,1550.5197334320517,4094.536273100596,2544.0165396685447,2544.0165396685447,-2.9326117141283667,232.2743921005671,Esperança Nova
4107520,3.0,2020,2040.179934032388,1603.8676241194707,-436.31230991291727,436.31230991291727,-2.9326117141283667,232.2743921005671,Esperança Nova
4107520,3.0,2021,1360.2189312600203,1758.5821832818535,398.3632520218332,398.3632520218332,-2.9326117141283667,232.2743921005671,Esperança Nova
4107520,3.0,2022,1822.9685301740017,1573.5875703135127,-249.38095986048893,249.38095986048893,-2.9326117141283667,232.2743921005671,Esperança Nova
4107520,3.0,2023,3077.2249784030582,4266.981113589878,1189.7561351868198,1189.7561351868198,-2.9326117141283667,232.2743921005671,Esperança Nova
4107520,3.0,2024,2900.0,1725.2233795458862,-1174.7766204541138,1174.7766204541138,-2.9326117141283667,232.2743921005671,Esperança Nova
4107538,3.0,2015,2280.066666666796,2932.758986059358,652.6923193925618,652.6923193925618,-0.596248211892791,173.58484847107417,Entre Rios do Oeste
4107538,3.0,2016,2601.245537340736,2952.18164385179,350.9361065110538,350.9361065110538,-0.596248211892791,173.58484847107417,Entre Rios do Oeste
4107538,3.0,2017,2942.055159817456,2634.0907272268755,-307.96443259058015,307.96443259058015,-0.596248211892791,173.58484847107417,Entre Rios do Oeste
4107538,3.0,2018,2110.7711415526023,2685.465971226955,574.6948296743526,574.6948296743526,-0.596248211892791,173.58484847107417,Entre Rios do Oeste
4107538,3.0,2019,2342.3364383562284,2607.5415923033784,265.20515394714994,265.20515394714994,-0.596248211892791,173.58484847107417,Entre Rios do Oeste
4107538,3.0,2020,3459.8105646630747,2612.1694916536376,-847.6410730094372,847.6410730094372,-0.596248211892791,173.58484847107417,Entre Rios do Oeste
4107538,3.0,2021,2033.1930593607688,2607.111124062219,573.9180647014498,573.9180647014498,-0.596248211892791,173.58484847107417,Entre Rios do Oeste
4107538,3.0,2022,1615.7391780822034,3020.3698062868466,1404.6306282046432,1404.6306282046432,-0.596248211892791,173.58484847107417,Entre Rios do Oeste
4107538,3.0,2023,2885.01406392694,2620.8325158352186,-264.18154809172074,264.18154809172074,-0.596248211892791,173.58484847107417,Entre Rios do Oeste
4107538,3.0,2024,3120.0,2453.5584359712684,-666.4415640287316,666.4415640287316,-0.596248211892791,173.58484847107417,Entre Rios do Oeste
4108205,3.0,2015,3593.333333333314,2356.9439291071394,-1236.3894042261743,1236.3894042261743,-7.266196534130181,-555.4078112203615,Formosa do Oeste
4108205,3.0,2016,3908.714025500892,3669.563843447349,-239.1501820535432,239.1501820535432,-7.266196534130181,-555.4078112203615,Formosa do Oeste
4108205,3.0,2017,3864.429223744277,1774.940418540031,-2089.488805204245,2089.488805204245,-7.266196534130181,-555.4078112203615,Formosa do Oeste
4108205,3.0,2018,3238.924200913229,3259.7872633723946,20.86306245916603,20.86306245916603,-7.266196534130181,-555.4078112203615,Formosa do Oeste
4108205,3.0,2019,3062.265753424646,3078.619646904356,16.353893479710223,16.353893479710223,-7.266196534130181,-555.4078112203615,Formosa do Oeste
4108205,3.0,2020,3333.806921675766,3047.2272483991874,-286.57967327657843,286.57967327657843,-7.266196534130181,-555.4078112203615,Formosa do Oeste
4108205,3.0,2021,3746.083105022825,3546.861077683006,-199.2220273398193,199.2220273398193,-7.266196534130181,-555.4078112203615,Formosa do Oeste
4108205,3.0,2022,3983.0465753424623,3601.4015529684566,-381.64502237400575,381.64502237400575,-7.266196534130181,-555.4078112203615,Formosa do Oeste
4108205,3.0,2023,3691.91415525114,2730.318893534885,-961.5952617162552,961.5952617162552,-7.266196534130181,-555.4078112203615,Formosa do Oeste
4108205,3.0,2024,3400.0,3202.7753080481307,-197.2246919518693,197.2246919518693,-7.266196534130181,-555.4078112203615,Formosa do Oeste
4108304,3.0,2015,2260.600000000093,181643.2015115893,179382.60151158916,179382.60151158916,-100000.12982147624,175974.24491848738,Foz do Iguaçu
4108304,3.0,2016,2311.77814207659,178810.9152851004,176499.1371430238,176499.1371430238,-100000.12982147624,175974.24491848738,Foz do Iguaçu
4108304,3.0,2017,2218.123835616514,214717.46459553496,212499.34075991844,212499.34075991844,-100000.12982147624,175974.24491848738,Foz do Iguaçu
4108304,3.0,2018,1408.1539726028036,190189.8816080971,188781.7276354943,188781.7276354943,-100000.12982147624,175974.24491848738,Foz do Iguaçu
4108304,3.0,2019,2263.227945205532,184017.3646974337,181754.1367522281,181754.1367522281,-100000.12982147624,175974.24491848738,Foz do Iguaçu
4108304,3.0,2020,3384.207650273265,131793.58283879378,128409.37518852051,128409.37518852051,-100000.12982147624,175974.24491848738,Foz do Iguaçu
4108304,3.0,2021,1700.2279452055086,179270.66369454272,177570.4357493372,177570.4357493372,-100000.12982147624,175974.24491848738,Foz do Iguaçu
4108304,3.0,2022,1383.3128767123462,185391.0138922329,184007.70101552055,184007.70101552055,-100000.12982147624,175974.24491848738,Foz do Iguaçu
4108304,3.0,2023,2445.8800000000056,153136.3854542742,150690.5054542742,150690.5054542742,-100000.12982147624,175974.24491848738,Foz do Iguaçu
4108304,3.0,2024,2540.0,182687.48797496737,180147.48797496737,180147.48797496737,-100000.12982147624,175974.24491848738,Foz do Iguaçu
4108320,3.0,2015,1483.333333333605,1413.7642239365966,-69.56910939700833,69.56910939700833,-0.1802966289210641,-183.3498379257638,Francisco Alves
4108320,3.0,2016,1520.2003642989575,1887.6627341069704,367.4623698080127,367.4623698080127,-0.1802966289210641,-183.3498379257638,Francisco Alves
4108320,3.0,2017,1790.2374429225292,1166.034618097476,-624.2028248250533,624.2028248250533,-0.1802966289210641,-183.3498379257638,Francisco Alves
4108320,3.0,2018,1194.9406392695423,1322.2707322253214,127.33009295577904,127.33009295577904,-0.1802966289210641,-183.3498379257638,Francisco Alves
4108320,3.0,2019,1423.4794520549106,1317.8532334709562,-105.62621858395435,105.62621858395435,-0.1802966289210641,-183.3498379257638,Francisco Alves
4108320,3.0,2020,2478.506375227784,2177.5116235679634,-300.9947516598204,300.9947516598204,-0.1802966289210641,-183.3498379257638,Francisco Alves
4108320,3.0,2021,1221.1598173516754,1369.2443784324553,148.08456108077985,148.08456108077985,-0.1802966289210641,-183.3498379257638,Francisco Alves
4108320,3.0,2022,751.5068493150682,1144.0511881267882,392.5443388117201,392.5443388117201,-0.1802966289210641,-183.3498379257638,Francisco Alves
4108320,3.0,2023,1770.2374429223553,733.2173423631252,-1037.02010055923,1037.02010055923,-0.1802966289210641,-183.3498379257638,Francisco Alves
4108320,3.0,2024,2000.0,1268.493263111137,-731.5067368888633,731.5067368888633,-0.1802966289210641,-183.3498379257638,Francisco Alves
4108601,3.0,2015,2741.1333333335065,3044.072035737789,302.9387024042826,302.9387024042826,-18.5560160738914,361.91302095976897,Goioerê
4108601,3.0,2016,3090.6495446267536,3094.3136628171715,3.6641181904178666,3.6641181904178666,-18.5560160738914,361.91302095976897,Goioerê
4108601,3.0,2017,3379.0157990868925,8552.04416028518,5173.028361198289,5173.028361198289,-18.5560160738914,361.91302095976897,Goioerê
4108601,3.0,2018,3043.4409132421183,1747.5390617586252,-1295.9018514834931,1295.9018514834931,-18.5560160738914,361.91302095976897,Goioerê
4108601,3.0,2019,3054.276986301454,2477.1268126611862,-577.1501736402679,577.1501736402679,-18.5560160738914,361.91302095976897,Goioerê
4108601,3.0,2020,3192.408014572008,2308.142836664262,-884.2651779077455,884.2651779077455,-18.5560160738914,361.91302095976897,Goioerê
4108601,3.0,2021,2101.675159817385,3280.9306396139177,1179.2554797965322,1179.2554797965322,-18.5560160738914,361.91302095976897,Goioerê
4108601,3.0,2022,2814.0728767123373,3081.014156331711,266.94127961937374,266.94127961937374,-18.5560160738914,361.91302095976897,Goioerê
4108601,3.0,2023,3710.991141552509,3161.4343637239517,-549.5567778285581,549.5567778285581,-18.5560160738914,361.91302095976897,Goioerê
4108601,3.0,2024,3000.0,3000.176249248859,0.1762492488592215,0.1762492488592215,-18.5560160738914,361.91302095976897,Goioerê
4108809,3.0,2015,1967.8000000002207,3222.882957665267,1255.0829576650458,1255.0829576650458,-7.074358231357383,276.7390675823499,Guaíra
4108809,3.0,2016,2208.055737705122,1268.7302250296143,-939.3255126755076,939.3255126755076,-7.074358231357383,276.7390675823499,Guaíra
4108809,3.0,2017,2478.416712328936,1982.7195496388656,-495.6971626900702,495.6971626900702,-7.074358231357383,276.7390675823499,Guaíra
4108809,3.0,2018,1978.7139726028731,2168.751827517881,190.03785491500756,190.03785491500756,-7.074358231357383,276.7390675823499,Guaíra
4108809,3.0,2019,2476.271506849414,3026.406616073766,550.1351092243522,550.1351092243522,-7.074358231357383,276.7390675823499,Guaíra
4108809,3.0,2020,3115.8688524591093,1525.4638162034178,-1590.4050362556916,1590.4050362556916,-7.074358231357383,276.7390675823499,Guaíra
4108809,3.0,2021,1586.7235616439227,4432.045344814407,2845.321783170484,2845.321783170484,-7.074358231357383,276.7390675823499,Guaíra
4108809,3.0,2022,1570.3879452055317,3038.5509419849936,1468.162996779462,1468.162996779462,-7.074358231357383,276.7390675823499,Guaíra
4108809,3.0,2023,2591.7893150685104,3009.366856567678,417.5775414991677,417.5775414991677,-7.074358231357383,276.7390675823499,Guaíra
4108809,3.0,2024,2500.0,1566.500144191249,-933.4998558087508,933.4998558087508,-7.074358231357383,276.7390675823499,Guaíra
4110052,3.0,2015,3555.5333333333697,3816.090076024125,260.5567426907555,260.5567426907555,-912.94141280165,1246.0406270434016,Iguatu
4110052,3.0,2016,3531.871402550127,10333.07515078742,6801.203748237294,6801.203748237294,-912.94141280165,1246.0406270434016,Iguatu
4110052,3.0,2017,3385.430319634733,8848.074925554272,5462.644605919539,5462.644605919539,-912.94141280165,1246.0406270434016,Iguatu
4110052,3.0,2018,3317.802009132444,3473.052259276503,155.250250144059,155.250250144059,-912.94141280165,1246.0406270434016,Iguatu
4110052,3.0,2019,3574.968219178108,2812.702979977494,-762.2652392006135,762.2652392006135,-912.94141280165,1246.0406270434016,Iguatu
4110052,3.0,2020,3482.6375227686885,2968.673812418105,-513.9637103505834,513.9637103505834,-912.94141280165,1246.0406270434016,Iguatu
4110052,3.0,2021,3315.169132420104,3599.086258782157,283.9171263620533,283.9171263620533,-912.94141280165,1246.0406270434016,Iguatu
4110052,3.0,2022,3447.1901369863067,3922.5393781408334,475.3492411545267,475.3492411545267,-912.94141280165,1246.0406270434016,Iguatu
4110052,3.0,2023,3505.419360730593,4046.0076780313134,540.5883173007214,540.5883173007214,-912.94141280165,1246.0406270434016,Iguatu
4110052,3.0,2024,3552.0,3309.125188176264,-242.87481182373585,242.87481182373585,-912.94141280165,1246.0406270434016,Iguatu
4110607,3.0,2015,1995.0000000001453,862.8098338556996,-1132.1901661444458,1132.1901661444458,-2.984416060584347,-193.60197492558493,Iporã
4110607,3.0,2016,2175.8579234973986,2048.423835846239,-127.43408765115964,127.43408765115964,-2.984416060584347,-193.60197492558493,Iporã
4110607,3.0,2017,2516.443150685048,2301.1299662088227,-215.3131844762252,215.3131844762252,-2.984416060584347,-193.60197492558493,Iporã
4110607,3.0,2018,1879.889041095992,2073.272043168974,193.383002072982,193.383002072982,-2.984416060584347,-193.60197492558493,Iporã
4110607,3.0,2019,1913.781506849388,2071.9677169279885,158.18621007860065,158.18621007860065,-2.984416060584347,-193.60197492558493,Iporã
4110607,3.0,2020,2677.1584699454133,2027.690984158085,-649.4674857873283,649.4674857873283,-2.984416060584347,-193.60197492558493,Iporã
4110607,3.0,2021,1513.9636986301805,2259.2501373948426,745.2864387646623,745.2864387646623,-2.984416060584347,-193.60197492558493,Iporã
4110607,3.0,2022,1553.2068493150975,2665.420625174614,1112.2137758595163,1112.2137758595163,-2.984416060584347,-193.60197492558493,Iporã
4110607,3.0,2023,2588.888356164398,921.3726897170042,-1667.515666447394,1667.515666447394,-2.984416060584347,-193.60197492558493,Iporã
4110607,3.0,2024,2500.0,2146.831414474942,-353.168585525058,353.168585525058,-2.984416060584347,-193.60197492558493,Iporã
4110656,3.0,2015,2348.4000000002275,1262.7910525582256,-1085.608947442002,1085.608947442002,-1.540099265659404,-161.7483404669412,Iracema do Oeste
4110656,3.0,2016,2840.424043716051,2753.4786906126847,-86.94535310336641,86.94535310336641,-1.540099265659404,-161.7483404669412,Iracema do Oeste
4110656,3.0,2017,3389.9624657535965,2931.1074530790647,-458.8550126745317,458.8550126745317,-1.540099265659404,-161.7483404669412,Iracema do Oeste
4110656,3.0,2018,2834.1145205481,3010.768158350104,176.6536378020046,176.6536378020046,-1.540099265659404,-161.7483404669412,Iracema do Oeste
4110656,3.0,2019,2536.3761643836838,3552.5651759135385,1016.1890115298552,1016.1890115298552,-1.540099265659404,-161.7483404669412,Iracema do Oeste
4110656,3.0,2020,2783.234972677686,3167.095930245447,383.860957567761,383.860957567761,-1.540099265659404,-161.7483404669412,Iracema do Oeste
4110656,3.0,2021,1501.2665753425383,2221.783338584838,720.5167632422995,720.5167632422995,-1.540099265659404,-161.7483404669412,Iracema do Oeste
4110656,3.0,2022,1959.5063013699184,2721.9955095114105,762.4892081414923,762.4892081414923,-1.540099265659404,-161.7483404669412,Iracema do Oeste
4110656,3.0,2023,3597.6693150685164,964.3374592560752,-2633.331855812441,2633.331855812441,-1.540099265659404,-161.7483404669412,Iracema do Oeste
4110656,3.0,2024,3600.0,3187.5481860795167,-412.45181392048335,412.45181392048335,-1.540099265659404,-161.7483404669412,Iracema do Oeste
4110953,3.0,2015,1683.0000000001746,1190.4622420977707,-492.5377579024039,492.5377579024039,-1.176502279933182,-309.8488779014204,Itaipulândia
4110953,3.0,2016,1641.3989071039705,1333.253538327493,-308.1453687764774,308.1453687764774,-1.176502279933182,-309.8488779014204,Itaipulândia
4110953,3.0,2017,2061.1321917809382,1551.2541181766182,-509.87807360432,509.87807360432,-1.176502279933182,-309.8488779014204,Itaipulândia
4110953,3.0,2018,1517.497260274089,1070.7812476153424,-446.71601265874665,446.71601265874665,-1.176502279933182,-309.8488779014204,Itaipulândia
4110953,3.0,2019,1195.2431506850187,1140.6652840829377,-54.57786660208103,54.57786660208103,-1.176502279933182,-309.8488779014204,Itaipulândia
4110953,3.0,2020,2338.3169398907685,904.4119804537034,-1433.904959437065,1433.904959437065,-1.176502279933182,-309.8488779014204,Itaipulândia
4110953,3.0,2021,1436.0253424658115,1525.730451144115,89.7051086783033,89.7051086783033,-1.176502279933182,-309.8488779014204,Itaipulândia
4110953,3.0,2022,862.6150684931796,1680.8069450040894,818.1918765109098,818.1918765109098,-1.176502279933182,-309.8488779014204,Itaipulândia
4110953,3.0,2023,1975.563698630137,2147.308119872624,171.74442124248708,171.74442124248708,-1.176502279933182,-309.8488779014204,Itaipulândia
4110953,3.0,2024,2300.0,1367.6298535351898,-932.3701464648102,932.3701464648102,-1.176502279933182,-309.8488779014204,Itaipulândia
4112751,3.0,2015,2604.066666666856,1699.7813502298573,-904.285316436998,904.285316436998,-10.64069077349452,1074.664337743583,Jesuítas
4112751,3.0,2016,3079.5843351550016,4728.352515212743,1648.7681800577416,1648.7681800577416,-10.64069077349452,1074.664337743583,Jesuítas
4112751,3.0,2017,3495.926392694212,4649.337491238668,1153.4110985444563,1153.4110985444563,-10.64069077349452,1074.664337743583,Jesuítas
4112751,3.0,2018,3055.0725114156453,4636.720477243937,1581.647965828292,1581.647965828292,-10.64069077349452,1074.664337743583,Jesuítas
4112751,3.0,2019,2881.7967123288604,3733.868169238689,852.0714569098286,852.0714569098286,-10.64069077349452,1074.664337743583,Jesuítas
4112751,3.0,2020,2953.2422586521607,3491.9440903063414,538.7018316541808,538.7018316541808,-10.64069077349452,1074.664337743583,Jesuítas
4112751,3.0,2021,1767.7437442922908,4648.544583131002,2880.8008388387107,2880.8008388387107,-10.64069077349452,1074.664337743583,Jesuítas
4112751,3.0,2022,2372.580273972643,6490.45685340934,4117.876579436696,4117.876579436696,-10.64069077349452,1074.664337743583,Jesuítas
4112751,3.0,2023,3789.455159817365,1786.4626194965217,-2002.992540320843,2002.992540320843,-10.64069077349452,1074.664337743583,Jesuítas
4112751,3.0,2024,3595.0,4475.643282923767,880.6432829237665,880.6432829237665,-10.64069077349452,1074.664337743583,Jesuítas
4112959,3.0,2015,3215.66666666673,0.0,-3215.66666666673,3215.66666666673,-88.16518990815764,-3162.6916016668224,Juranda
4112959,3.0,2016,3352.367941712262,0.0,-3352.367941712262,3352.367941712262,-88.16518990815764,-3162.6916016668224,Juranda
4112959,3.0,2017,3426.5440639269896,0.0,-3426.5440639269896,3426.5440639269896,-88.16518990815764,-3162.6916016668224,Juranda
4112959,3.0,2018,2882.0086757991253,0.0,-2882.0086757991253,2882.0086757991253,-88.16518990815764,-3162.6916016668224,Juranda
4112959,3.0,2019,2888.815753424687,0.0,-2888.815753424687,2888.815753424687,-88.16518990815764,-3162.6916016668224,Juranda
4112959,3.0,2020,3393.952641165782,0.0,-3393.952641165782,3393.952641165782,-88.16518990815764,-3162.6916016668224,Juranda
4112959,3.0,2021,2512.7860730593848,0.0,-2512.7860730593848,2512.7860730593848,-88.16518990815764,-3162.6916016668224,Juranda
4112959,3.0,2022,2970.6589041096045,0.0,-2970.6589041096045,2970.6589041096045,-88.16518990815764,-3162.6916016668224,Juranda
4112959,3.0,2023,3759.1152968036577,0.0,-3759.1152968036577,3759.1152968036577,-88.16518990815764,-3162.6916016668224,Juranda
4112959,3.0,2024,3225.0,0.0,-3225.0,3225.0,-88.16518990815764,-3162.6916016668224,Juranda
4113254,3.0,2015,2696.000000000088,1686.870973959154,-1009.1290260409336,1009.1290260409336,-25.67962352566042,139.30001812257643,Laranjal
4113254,3.0,2016,2864.6666666667543,5781.65423320937,2916.987566542616,2916.987566542616,-25.67962352566042,139.30001812257643,Laranjal
4113254,3.0,2017,3009.067123287744,2117.277989363677,-891.7891339240664,891.7891339240664,-25.67962352566042,139.30001812257643,Laranjal
4113254,3.0,2018,2803.2520547945787,5766.198668389875,2962.946613595296,2962.946613595296,-25.67962352566042,139.30001812257643,Laranjal
4113254,3.0,2019,2786.5876712329346,1540.306023071672,-1246.2816481612624,1246.2816481612624,-25.67962352566042,139.30001812257643,Laranjal
4113254,3.0,2020,2910.546448087475,2465.739855736327,-444.8065923511476,444.8065923511476,-25.67962352566042,139.30001812257643,Laranjal
4113254,3.0,2021,2357.0397260274262,1593.8327756562016,-763.2069503712246,763.2069503712246,-25.67962352566042,139.30001812257643,Laranjal
4113254,3.0,2022,2265.142465753439,2430.928337916713,165.78587216327423,165.78587216327423,-25.67962352566042,139.30001812257643,Laranjal
4113254,3.0,2023,3075.519178082192,1041.470226616814,-2034.048951465378,2034.048951465378,-25.67962352566042,139.30001812257643,Laranjal
4113254,3.0,2024,3470.0,5206.54243123859,1736.5424312385903,1736.5424312385903,-25.67962352566042,139.30001812257643,Laranjal
4113452,3.0,2015,2916.133333333433,950.9519116658646,-1965.181421667568,1965.181421667568,-50.53559122750108,-1078.8785778382394,Lindoeste
4113452,3.0,2016,3163.594899817945,2722.2665957781637,-441.3283040397818,441.3283040397818,-50.53559122750108,-1078.8785778382394,Lindoeste
4113452,3.0,2017,3380.7582648402667,1201.4839944388918,-2179.274270401375,2179.274270401375,-50.53559122750108,-1078.8785778382394,Lindoeste
4113452,3.0,2018,3073.936803653041,1941.414437155822,-1132.5223664972189,1132.5223664972189,-50.53559122750108,-1078.8785778382394,Lindoeste
4113452,3.0,2019,3272.8139726028016,1581.9463604642349,-1690.867612138567,1690.867612138567,-50.53559122750108,-1078.8785778382394,Lindoeste
4113452,3.0,2020,3482.287795992766,2472.316112853158,-1009.971683139608,1009.971683139608,-50.53559122750108,-1078.8785778382394,Lindoeste
4113452,3.0,2021,2967.28885844753,2482.056431889044,-485.2324265584857,485.2324265584857,-50.53559122750108,-1078.8785778382394,Lindoeste
4113452,3.0,2022,2983.8783561644145,3069.2406225765912,85.36226641217672,85.36226641217672,-50.53559122750108,-1078.8785778382394,Lindoeste
4113452,3.0,2023,3249.859634703209,2403.6957568293437,-846.1638778738657,846.1638778738657,-50.53559122750108,-1078.8785778382394,Lindoeste
4113452,3.0,2024,3247.0,2123.3939175219,-1123.6060824781002,1123.6060824781002,-50.53559122750108,-1078.8785778382394,Lindoeste
4114609,3.0,2015,1974.066666666884,1426.356617854271,-547.710048812613,547.710048812613,-0.9601811105802484,-111.68327897745726,Marechal Cândido Rondon
4114609,3.0,2016,2323.901275045741,1614.0770244995792,-709.8242505461617,709.8242505461617,-0.9601811105802484,-111.68327897745726,Marechal Cândido Rondon
4114609,3.0,2017,2673.898995433967,2337.6833169583183,-336.2156784756485,336.2156784756485,-0.9601811105802484,-111.68327897745726,Marechal Cândido Rondon
4114609,3.0,2018,1807.1355251143043,2352.8865747492155,545.7510496349109,545.7510496349109,-0.9601811105802484,-111.68327897745726,Marechal Cândido Rondon
4114609,3.0,2019,2030.402191780944,2966.9784865541064,936.5762947731624,936.5762947731624,-0.9601811105802484,-111.68327897745726,Marechal Cândido Rondon
4114609,3.0,2020,2960.247723133064,3007.493814343724,47.24609121065987,47.24609121065987,-0.9601811105802484,-111.68327897745726,Marechal Cândido Rondon
4114609,3.0,2021,1565.5300456621685,935.2237767781074,-630.3062688840611,630.3062688840611,-0.9601811105802484,-111.68327897745726,Marechal Cândido Rondon
4114609,3.0,2022,1493.750136986342,2030.3120139207072,536.561876934365,536.561876934365,-0.9601811105802484,-111.68327897745726,Marechal Cândido Rondon
4114609,3.0,2023,2673.2880365296937,1324.618886894579,-1348.6691496351148,1348.6691496351148,-0.9601811105802484,-111.68327897745726,Marechal Cândido Rondon
4114609,3.0,2024,2700.0,3089.757294025928,389.7572940259279,389.7572940259279,-0.9601811105802484,-111.68327897745726,Marechal Cândido Rondon
4114708,3.0,2015,2898.200000000041,4566.379794848563,1668.1797948485214,1668.1797948485214,-174.02587449778983,5318.325100958449,Maria Helena
4114708,3.0,2016,2916.977049180364,10348.170688098897,7431.193638918532,7431.193638918532,-174.02587449778983,5318.325100958449,Maria Helena
4114708,3.0,2017,3056.7127397260624,9569.954714664736,6513.241974938672,6513.241974938672,-174.02587449778983,5318.325100958449,Maria Helena
4114708,3.0,2018,2741.029863013732,5404.692470734561,2663.6626077208284,2663.6626077208284,-174.02587449778983,5318.325100958449,Maria Helena
4114708,3.0,2019,2584.1332876712577,6894.783433868687,4310.650146197429,4310.650146197429,-174.02587449778983,5318.325100958449,Maria Helena
4114708,3.0,2020,3070.469945355207,9199.586102007946,6129.116156652739,6129.116156652739,-174.02587449778983,5318.325100958449,Maria Helena
4114708,3.0,2021,1904.849726027412,10539.95254407942,8635.102818052008,8635.102818052008,-174.02587449778983,5318.325100958449,Maria Helena
4114708,3.0,2022,2267.523013698644,11594.25905841422,9326.736044715575,9326.736044715575,-174.02587449778983,5318.325100958449,Maria Helena
4114708,3.0,2023,3578.1908219178126,4200.407087055682,622.216265137869,622.216265137869,-174.02587449778983,5318.325100958449,Maria Helena
4114708,3.0,2024,3200.0,9083.15156240232,5883.151562402321,5883.151562402321,-174.02587449778983,5318.325100958449,Maria Helena
4115101,3.0,2015,2593.466666666791,2911.8459701575266,318.37930349073577,318.37930349073577,-0.3441635525857798,0.7267044481923222,Mariluz
4115101,3.0,2016,2845.1176684882766,2733.280889498053,-111.8367789902236,111.8367789902236,-0.3441635525857798,0.7267044481923222,Mariluz
4115101,3.0,2017,3238.494337899644,2804.5964753520143,-433.89786254762976,433.89786254762976,-0.3441635525857798,0.7267044481923222,Mariluz
4115101,3.0,2018,2718.485662100542,3208.2505455131886,489.76488341264667,489.76488341264667,-0.3441635525857798,0.7267044481923222,Mariluz
4115101,3.0,2019,2614.9153424658234,1926.5464354550209,-688.3689070108026,688.3689070108026,-0.3441635525857798,0.7267044481923222,Mariluz
4115101,3.0,2020,2870.4772313297444,2865.9659027461325,-4.511328583611885,4.511328583611885,-0.3441635525857798,0.7267044481923222,Mariluz
4115101,3.0,2021,1751.7473059361118,2812.6889773349794,1060.9416713988676,1060.9416713988676,-0.3441635525857798,0.7267044481923222,Mariluz
4115101,3.0,2022,2482.8345205479686,2790.166086683829,307.33156613586016,307.33156613586016,-0.3441635525857798,0.7267044481923222,Mariluz
4115101,3.0,2023,3502.5518721461262,2934.4778387116467,-568.0740334344796,568.0740334344796,-0.3441635525857798,0.7267044481923222,Mariluz
4115101,3.0,2024,3000.0,2637.5385306105604,-362.4614693894396,362.4614693894396,-0.3441635525857798,0.7267044481923222,Mariluz
4115358,3.0,2015,2742.7333333334536,2430.0575995117288,-312.67573382172486,312.67573382172486,-4.960881723906132,-475.7207786139905,Maripá
4115358,3.0,2016,2500.433151184088,2180.987695542876,-319.445455641212,319.445455641212,-4.960881723906132,-475.7207786139905,Maripá
4115358,3.0,2017,2501.243744292346,2092.2717566044093,-408.9719876879367,408.9719876879367,-4.960881723906132,-475.7207786139905,Maripá
4115358,3.0,2018,2070.879817351699,2737.1508337700984,666.2710164183995,666.2710164183995,-4.960881723906132,-475.7207786139905,Maripá
4115358,3.0,2019,2109.009041095984,0.0,-2109.009041095984,2109.009041095984,-4.960881723906132,-475.7207786139905,Maripá
4115358,3.0,2020,2730.0473588343293,0.0,-2730.0473588343293,2730.0473588343293,-4.960881723906132,-475.7207786139905,Maripá
4115358,3.0,2021,1473.1688584475664,2512.3104376473248,1039.1415791997583,1039.1415791997583,-4.960881723906132,-475.7207786139905,Maripá
4115358,3.0,2022,1723.5802739726723,2469.451633467969,745.8713594952965,745.8713594952965,-4.960881723906132,-475.7207786139905,Maripá
4115358,3.0,2023,3062.961552511448,2401.626507368966,-661.3350451424822,661.3350451424822,-4.960881723906132,-475.7207786139905,Maripá
4115358,3.0,2024,3000.0,2332.9928809703097,-667.0071190296903,667.0071190296903,-4.960881723906132,-475.7207786139905,Maripá
4115606,3.0,2015,2486.2000000001576,2041.3330627544344,-444.8669372457232,444.8669372457232,-0.4721930624283188,49.77371774078667,Matelândia
4115606,3.0,2016,2897.6109289618944,2797.53265543019,-100.07827353170433,100.07827353170433,-0.4721930624283188,49.77371774078667,Matelândia
4115606,3.0,2017,3315.3127397261496,3166.1056897397707,-149.20704998637893,149.20704998637893,-0.4721930624283188,49.77371774078667,Matelândia
4115606,3.0,2018,2555.7969863014687,2967.219083493942,411.4220971924733,411.4220971924733,-0.4721930624283188,49.77371774078667,Matelândia
4115606,3.0,2019,2664.990821917884,2849.020682728177,184.02986081029303,184.02986081029303,-0.4721930624283188,49.77371774078667,Matelândia
4115606,3.0,2020,3449.4043715847524,3310.9934661033394,-138.410905481413,138.410905481413,-0.4721930624283188,49.77371774078667,Matelândia
4115606,3.0,2021,2063.879863013728,2749.9833628344845,686.103499820757,686.103499820757,-0.4721930624283188,49.77371774078667,Matelândia
4115606,3.0,2022,2198.643561643856,3337.8015971809614,1139.1580355371052,1139.1580355371052,-0.4721930624283188,49.77371774078667,Matelândia
4115606,3.0,2023,3372.919589041107,3303.8279081978208,-69.09168084328621,69.09168084328621,-0.4721930624283188,49.77371774078667,Matelândia
4115606,3.0,2024,3143.0,2121.678531135744,-1021.321468864256,1021.321468864256,-0.4721930624283188,49.77371774078667,Matelândia
4115804,3.0,2015,2346.2000000001863,2503.760355413928,157.5603554137415,157.5603554137415,-0.3159798902844344,-96.23628644907978,Medianeira
4115804,3.0,2016,2660.83497267777,2458.8455972480733,-201.9893754296968,201.9893754296968,-0.3159798902844344,-96.23628644907978,Medianeira
4115804,3.0,2017,3025.914109589193,2727.6961153123693,-298.21799427682345,298.21799427682345,-0.3159798902844344,-96.23628644907978,Medianeira
4115804,3.0,2018,2220.8298630138265,2477.096815397247,256.26695238342063,256.26695238342063,-0.3159798902844344,-96.23628644907978,Medianeira
4115804,3.0,2019,2592.0826027398307,2401.505707218417,-190.57689552141343,190.57689552141343,-0.3159798902844344,-96.23628644907978,Medianeira
4115804,3.0,2020,3591.961748633961,2298.0477506012244,-1293.9139980327368,1293.9139980327368,-0.3159798902844344,-96.23628644907978,Medianeira
4115804,3.0,2021,1950.5716438356744,2015.9735736110097,65.40192977533502,65.40192977533502,-0.3159798902844344,-96.23628644907978,Medianeira
4115804,3.0,2022,1894.377808219213,2946.8182474387622,1052.4404392195493,1052.4404392195493,-0.3159798902844344,-96.23628644907978,Medianeira
4115804,3.0,2023,3076.74287671234,3190.1385595667366,113.39568285439644,113.39568285439644,-0.3159798902844344,-96.23628644907978,Medianeira
4115804,3.0,2024,2916.0,2293.27003912343,-622.7299608765702,622.7299608765702,-0.3159798902844344,-96.23628644907978,Medianeira
4115853,3.0,2015,2087.0000000001746,2362.6683508024835,275.66835080230885,275.66835080230885,-5.8434368387900655,-552.2719884748493,Mercedes
4115853,3.0,2016,2356.5901639346007,2285.6355483315947,-70.954615603006,70.954615603006,-5.8434368387900655,-552.2719884748493,Mercedes
4115853,3.0,2017,2797.293835616598,2249.0152098751523,-548.2786257414455,548.2786257414455,-5.8434368387900655,-552.2719884748493,Mercedes
4115853,3.0,2018,2093.4917808220484,0.0,-2093.4917808220484,2093.4917808220484,-5.8434368387900655,-552.2719884748493,Mercedes
4115853,3.0,2019,2223.955479452157,1730.263229105175,-493.6922503469818,493.6922503469818,-5.8434368387900655,-552.2719884748493,Mercedes
4115853,3.0,2020,2910.0546448088307,0.0,-2910.0546448088307,2910.0546448088307,-5.8434368387900655,-552.2719884748493,Mercedes
4115853,3.0,2021,1538.019863013771,1723.8237987468835,185.8039357331122,185.8039357331122,-5.8434368387900655,-552.2719884748493,Mercedes
4115853,3.0,2022,1682.009589041139,2721.613309940467,1039.603720899328,1039.603720899328,-5.8434368387900655,-552.2719884748493,Mercedes
4115853,3.0,2023,2837.067808219193,2605.8556375743333,-231.21217064485927,231.21217064485927,-5.8434368387900655,-552.2719884748493,Mercedes
4115853,3.0,2024,2800.0,2123.8881957839303,-676.1118042160697,676.1118042160697,-5.8434368387900655,-552.2719884748493,Mercedes
4116059,3.0,2015,2086.7333333334536,2008.6120246517871,-78.1213086816665,78.1213086816665,-0.8795608379554405,-7.664137413265666,Missal
4116059,3.0,2016,1991.482331511956,2104.577964214153,113.09563270219678,113.09563270219678,-0.8795608379554405,-7.664137413265666,Missal
4116059,3.0,2017,2279.146484018373,1447.933807228423,-831.2126767899508,831.2126767899508,-0.8795608379554405,-7.664137413265666,Missal
4116059,3.0,2018,1671.0469406393702,2249.173782279968,578.1268416405976,578.1268416405976,-0.8795608379554405,-7.664137413265666,Missal
4116059,3.0,2019,1905.9035616439,2066.3505250556354,160.44696341173585,160.44696341173585,-0.8795608379554405,-7.664137413265666,Missal
4116059,3.0,2020,2981.047358834271,2426.330711752534,-554.7166470817369,554.7166470817369,-0.8795608379554405,-7.664137413265666,Missal
4116059,3.0,2021,1579.1072146118915,2325.7828946591226,746.675680047231,746.675680047231,-0.8795608379554405,-7.664137413265666,Missal
4116059,3.0,2022,1221.1693150685048,2422.230164206237,1201.0608491377327,1201.0608491377327,-0.8795608379554405,-7.664137413265666,Missal
4116059,3.0,2023,2337.9903196347072,1592.0679289358832,-745.9223906988241,745.9223906988241,-0.8795608379554405,-7.664137413265666,Missal
4116059,3.0,2024,2550.0,1883.925682180028,-666.0743178199723,666.0743178199723,-0.8795608379554405,-7.664137413265666,Missal
4116109,3.0,2015,2157.3333333335468,2155.0986123947364,-2.2347209388103693,2.2347209388103693,-3.3759773405820184,-487.36135967444807,Moreira Sales
4116109,3.0,2016,2519.216757741552,2593.680955744022,74.46419800247031,74.46419800247031,-3.3759773405820184,-487.36135967444807,Moreira Sales
4116109,3.0,2017,2833.7292237444617,2311.8816452267074,-521.8475785177543,521.8475785177543,-3.3759773405820184,-487.36135967444807,Moreira Sales
4116109,3.0,2018,2482.4009132421447,1221.4666313733435,-1260.9342818688012,1260.9342818688012,-3.3759773405820184,-487.36135967444807,Moreira Sales
4116109,3.0,2019,2472.141095890527,2198.735604157137,-273.4054917333897,273.4054917333897,-3.3759773405820184,-487.36135967444807,Moreira Sales
4116109,3.0,2020,2803.315118397183,1755.360012791701,-1047.9551056054825,1047.9551056054825,-3.3759773405820184,-487.36135967444807,Moreira Sales
4116109,3.0,2021,1804.4296803653745,2390.832543759267,586.4028633938926,586.4028633938926,-3.3759773405820184,-487.36135967444807,Moreira Sales
4116109,3.0,2022,2406.0027397260706,1326.2130844746296,-1079.789655251441,1079.789655251441,-3.3759773405820184,-487.36135967444807,Moreira Sales
4116109,3.0,2023,3069.9593607306037,2285.661970565553,-784.2973901650507,784.2973901650507,-3.3759773405820184,-487.36135967444807,Moreira Sales
4116109,3.0,2024,2150.0,1585.9835659398866,-564.0164340601134,564.0164340601134,-3.3759773405820184,-487.36135967444807,Moreira Sales
4116703,3.0,2015,2725.000000000145,9577.122645918806,6852.12264591866,6852.12264591866,-85.46868003360039,3836.656072851406,Nova Aurora
4116703,3.0,2016,3130.32786885259,5548.3651423172805,2418.0372734646903,2418.0372734646903,-85.46868003360039,3836.656072851406,Nova Aurora
4116703,3.0,2017,3443.1568493151703,10627.138050588675,7183.981201273506,7183.981201273506,-85.46868003360039,3836.656072851406,Nova Aurora
4116703,3.0,2018,2735.0589041096764,2225.814750966085,-509.2441531435916,509.2441531435916,-85.46868003360039,3836.656072851406,Nova Aurora
4116703,3.0,2019,2674.36369863021,9602.299223780092,6927.935525149882,6927.935525149882,-85.46868003360039,3836.656072851406,Nova Aurora
4116703,3.0,2020,3057.765027322463,2549.8043456556293,-507.9606816668338,507.9606816668338,-85.46868003360039,3836.656072851406,Nova Aurora
4116703,3.0,2021,1935.502054794564,3475.8590765836225,1540.3570217890583,1540.3570217890583,-85.46868003360039,3836.656072851406,Nova Aurora
4116703,3.0,2022,2350.2506849315214,9438.005517730537,7087.7548327990135,7087.7548327990135,-85.46868003360039,3836.656072851406,Nova Aurora
4116703,3.0,2023,3643.473287671233,8803.90658813475,5160.433300463517,5160.433300463517,-85.46868003360039,3836.656072851406,Nova Aurora
4116703,3.0,2024,3595.0,5808.143762466158,2213.1437624661576,2213.1437624661576,-85.46868003360039,3836.656072851406,Nova Aurora
4116802,3.0,2015,3128.200000000128,0.0,-3128.200000000128,3128.200000000128,-122.89780203718809,-3465.114351673096,Nova Cantu
4116802,3.0,2016,3517.113661202302,0.0,-3517.113661202302,3517.113661202302,-122.89780203718809,-3465.114351673096,Nova Cantu
4116802,3.0,2017,3635.9326027398265,0.0,-3635.9326027398265,3635.9326027398265,-122.89780203718809,-3465.114351673096,Nova Cantu
4116802,3.0,2018,3390.833972602832,0.0,-3390.833972602832,3390.833972602832,-122.89780203718809,-3465.114351673096,Nova Cantu
4116802,3.0,2019,3630.1189041096654,0.0,-3630.1189041096654,3630.1189041096654,-122.89780203718809,-3465.114351673096,Nova Cantu
4116802,3.0,2020,3868.502732240497,0.0,-3868.502732240497,3868.502732240497,-122.89780203718809,-3465.114351673096,Nova Cantu
4116802,3.0,2021,3049.168219178126,0.0,-3049.168219178126,3049.168219178126,-122.89780203718809,-3465.114351673096,Nova Cantu
4116802,3.0,2022,2924.3024657534525,0.0,-2924.3024657534525,2924.3024657534525,-122.89780203718809,-3465.114351673096,Nova Cantu
4116802,3.0,2023,3706.970958904121,0.0,-3706.970958904121,3706.970958904121,-122.89780203718809,-3465.114351673096,Nova Cantu
4116802,3.0,2024,3800.0,0.0,-3800.0,3800.0,-122.89780203718809,-3465.114351673096,Nova Cantu
4117222,3.0,2015,2660.2000000000985,0.0,-2660.2000000000985,2660.2000000000985,-16.199046081831284,-2487.3027070888998,Nova Santa Rosa
4117222,3.0,2016,2579.561748633967,0.0,-2579.561748633967,2579.561748633967,-16.199046081831284,-2487.3027070888998,Nova Santa Rosa
4117222,3.0,2017,2690.6558904110225,0.0,-2690.6558904110225,2690.6558904110225,-16.199046081831284,-2487.3027070888998,Nova Santa Rosa
4117222,3.0,2018,2040.8723287671785,0.0,-2040.8723287671785,2040.8723287671785,-16.199046081831284,-2487.3027070888998,Nova Santa Rosa
4117222,3.0,2019,2320.294246575389,0.0,-2320.294246575389,2320.294246575389,-16.199046081831284,-2487.3027070888998,Nova Santa Rosa
4117222,3.0,2020,3158.5573770492183,0.0,-3158.5573770492183,3158.5573770492183,-16.199046081831284,-2487.3027070888998,Nova Santa Rosa
4117222,3.0,2021,1466.6997260274263,0.0,-1466.6997260274263,1466.6997260274263,-16.199046081831284,-2487.3027070888998,Nova Santa Rosa
4117222,3.0,2022,1519.135342465774,0.0,-1519.135342465774,1519.135342465774,-16.199046081831284,-2487.3027070888998,Nova Santa Rosa
4117222,3.0,2023,3137.050410958916,0.0,-3137.050410958916,3137.050410958916,-16.199046081831284,-2487.3027070888998,Nova Santa Rosa
4117222,3.0,2024,3300.0,0.0,-3300.0,3300.0,-16.199046081831284,-2487.3027070888998,Nova Santa Rosa
4117255,3.0,2015,3023.600000000152,1530.6139303114803,-1492.986069688671,1492.986069688671,-16.790511758678974,-1923.9899172790745,Nova Prata do Iguaçu
4117255,3.0,2016,3370.0076502733623,2908.2698595979973,-461.737790675365,461.737790675365,-16.790511758678974,-1923.9899172790745,Nova Prata do Iguaçu
4117255,3.0,2017,3582.1108219179278,3779.705639707703,197.59481778977533,197.59481778977533,-16.790511758678974,-1923.9899172790745,Nova Prata do Iguaçu
4117255,3.0,2018,3197.133424657635,0.0,-3197.133424657635,3197.133424657635,-16.790511758678974,-1923.9899172790745,Nova Prata do Iguaçu
4117255,3.0,2019,3570.3752054795327,0.0,-3570.3752054795327,3570.3752054795327,-16.790511758678974,-1923.9899172790745,Nova Prata do Iguaçu
4117255,3.0,2020,4025.956284153068,0.0,-4025.956284153068,4025.956284153068,-16.790511758678974,-1923.9899172790745,Nova Prata do Iguaçu
4117255,3.0,2021,2279.9300000000435,0.0,-2279.9300000000435,2279.9300000000435,-16.790511758678974,-1923.9899172790745,Nova Prata do Iguaçu
4117255,3.0,2022,2335.6128767123605,3175.815281447168,840.2024047348073,840.2024047348073,-16.790511758678974,-1923.9899172790745,Nova Prata do Iguaçu
4117255,3.0,2023,3963.7752054794655,2714.197584818452,-1249.577620661014,1249.577620661014,-16.790511758678974,-1923.9899172790745,Nova Prata do Iguaçu
4117255,3.0,2024,4000.0,0.0,-4000.0,4000.0,-16.790511758678974,-1923.9899172790745,Nova Prata do Iguaçu
4117453,3.0,2015,2521.866666666843,2703.2704132726567,181.40374660581392,181.40374660581392,-0.3346095576943002,-113.11415283385196,Ouro Verde do Oeste
4117453,3.0,2016,2858.328597450069,2912.420154685547,54.09155723547792,54.09155723547792,-0.3346095576943002,-113.11415283385196,Ouro Verde do Oeste
4117453,3.0,2017,2939.7170776257126,2036.4764080214,-903.2406696043124,903.2406696043124,-0.3346095576943002,-113.11415283385196,Ouro Verde do Oeste
4117453,3.0,2018,2340.1618264841413,2718.2108683404435,378.0490418563022,378.0490418563022,-0.3346095576943002,-113.11415283385196,Ouro Verde do Oeste
4117453,3.0,2019,2901.702465753515,2355.918038983564,-545.7844267699511,545.7844267699511,-0.3346095576943002,-113.11415283385196,Ouro Verde do Oeste
4117453,3.0,2020,3845.8433515483416,3879.754600199167,33.9112486508252,33.9112486508252,-0.3346095576943002,-113.11415283385196,Ouro Verde do Oeste
4117453,3.0,2021,2233.781004566263,2723.8967777664225,490.1157732001593,490.1157732001593,-0.3346095576943002,-113.11415283385196,Ouro Verde do Oeste
4117453,3.0,2022,1833.6695890411315,2752.967809970121,919.2982209289896,919.2982209289896,-0.3346095576943002,-113.11415283385196,Ouro Verde do Oeste
4117453,3.0,2023,3124.9883105023,2360.210618080786,-764.7776924215141,764.7776924215141,-0.3346095576943002,-113.11415283385196,Ouro Verde do Oeste
4117453,3.0,2024,3200.0,2225.79167197969,-974.20832802031,974.20832802031,-0.3346095576943002,-113.11415283385196,Ouro Verde do Oeste
4117800,3.0,2015,3425.3333333333435,0.0,-3425.3333333333435,3425.3333333333435,-280.61653550998483,-2785.9013401881293,Palmital
4117800,3.0,2016,3467.730418943543,3411.753213664089,-55.97720527945421,55.97720527945421,-280.61653550998483,-2785.9013401881293,Palmital
4117800,3.0,2017,3521.933333333341,3557.4985040993533,35.565170766012216,35.565170766012216,-280.61653550998483,-2785.9013401881293,Palmital
4117800,3.0,2018,3405.1159817351668,0.0,-3405.1159817351668,3405.1159817351668,-280.61653550998483,-2785.9013401881293,Palmital
4117800,3.0,2019,3598.106849315074,0.0,-3598.106849315074,3598.106849315074,-280.61653550998483,-2785.9013401881293,Palmital
4117800,3.0,2020,3728.83424408015,0.0,-3728.83424408015,3728.83424408015,-280.61653550998483,-2785.9013401881293,Palmital
4117800,3.0,2021,3186.225570776259,0.0,-3186.225570776259,3186.225570776259,-280.61653550998483,-2785.9013401881293,Palmital
4117800,3.0,2022,3166.230136986304,0.0,-3166.230136986304,3166.230136986304,-280.61653550998483,-2785.9013401881293,Palmital
4117800,3.0,2023,3608.755251141553,0.0,-3608.755251141553,3608.755251141553,-280.61653550998483,-2785.9013401881293,Palmital
4117800,3.0,2024,3720.0,0.0,-3720.0,3720.0,-280.61653550998483,-2785.9013401881293,Palmital
4117909,3.0,2015,2150.8666666668723,2887.5999295013366,736.7332628344643,736.7332628344643,0.1471975806704027,186.37712213979157,Palotina
4117909,3.0,2016,2523.6510018216973,2334.027486594424,-189.6235152272734,189.6235152272734,0.1471975806704027,186.37712213979157,Palotina
4117909,3.0,2017,2727.295844749029,2378.320219693919,-348.97562505511,348.97562505511,0.1471975806704027,186.37712213979157,Palotina
4117909,3.0,2018,2034.3330593608684,2865.2577385699547,830.9246792090862,830.9246792090862,0.1471975806704027,186.37712213979157,Palotina
4117909,3.0,2019,2418.562054794625,2609.514602036398,190.9525472417736,190.9525472417736,0.1471975806704027,186.37712213979157,Palotina
4117909,3.0,2020,3019.6138433516203,2846.4087798088995,-173.20506354272084,173.20506354272084,0.1471975806704027,186.37712213979157,Palotina
4117909,3.0,2021,1358.507716895045,2176.467705071942,817.959988176897,817.959988176897,0.1471975806704027,186.37712213979157,Palotina
4117909,3.0,2022,1478.218904109624,2210.290376128199,732.0714720185752,732.0714720185752,0.1471975806704027,186.37712213979157,Palotina
4117909,3.0,2023,3013.4588584474905,2810.929421128405,-202.52943731908545,202.52943731908545,0.1471975806704027,186.37712213979157,Palotina
4117909,3.0,2024,3100.0,2569.462913061309,-530.5370869386911,530.5370869386911,0.1471975806704027,186.37712213979157,Palotina
4118451,3.0,2015,2212.2666666668374,0.0,-2212.2666666668374,2212.2666666668374,-21.30901369576968,-1897.7140464989984,Pato Bragado
4118451,3.0,2016,2347.23351548287,2201.5939065953157,-145.63960888755537,145.63960888755537,-21.30901369576968,-1897.7140464989984,Pato Bragado
4118451,3.0,2017,2595.9055707764087,0.0,-2595.9055707764087,2595.9055707764087,-21.30901369576968,-1897.7140464989984,Pato Bragado
4118451,3.0,2018,1977.4681278540131,0.0,-1977.4681278540131,1977.4681278540131,-21.30901369576968,-1897.7140464989984,Pato Bragado
4118451,3.0,2019,2306.4498630138087,0.0,-2306.4498630138087,2306.4498630138087,-21.30901369576968,-1897.7140464989984,Pato Bragado
4118451,3.0,2020,3181.0127504554625,0.0,-3181.0127504554625,3181.0127504554625,-21.30901369576968,-1897.7140464989984,Pato Bragado
4118451,3.0,2021,1753.966757990935,0.0,-1753.966757990935,1753.966757990935,-21.30901369576968,-1897.7140464989984,Pato Bragado
4118451,3.0,2022,1549.3293150685397,2235.074999376572,685.7456843080324,685.7456843080324,-21.30901369576968,-1897.7140464989984,Pato Bragado
4118451,3.0,2023,2690.1768036529934,0.0,-2690.1768036529934,2690.1768036529934,-21.30901369576968,-1897.7140464989984,Pato Bragado
4118451,3.0,2024,2800.0,0.0,-2800.0,2800.0,-21.30901369576968,-1897.7140464989984,Pato Bragado
4118857,3.0,2015,2490.4666666667467,5096.624997622554,2606.158330955807,2606.158330955807,-184.47110909790985,4727.787759184113,Perobal
4118857,3.0,2016,2319.068488160364,9227.49386411208,6908.425375951717,6908.425375951717,-184.47110909790985,4727.787759184113,Perobal
4118857,3.0,2017,2552.854611872203,8135.307870344271,5582.453258472067,5582.453258472067,-184.47110909790985,4727.787759184113,Perobal
4118857,3.0,2018,2344.70210045667,3748.826966280042,1404.124865823372,1404.124865823372,-184.47110909790985,4727.787759184113,Perobal
4118857,3.0,2019,2279.0153424657947,8019.786672494851,5740.771330029056,5740.771330029056,-184.47110909790985,4727.787759184113,Perobal
4118857,3.0,2020,2674.0837887067646,4373.6488784048815,1699.565089698117,1699.565089698117,-184.47110909790985,4727.787759184113,Perobal
4118857,3.0,2021,1455.915799086775,9157.617993890548,7701.702194803773,7701.702194803773,-184.47110909790985,4727.787759184113,Perobal
4118857,3.0,2022,2129.160547945214,9944.617636862396,7815.457088917181,7815.457088917181,-184.47110909790985,4727.787759184113,Perobal
4118857,3.0,2023,3068.5970776255717,4662.156043273717,1593.5589656481457,1593.5589656481457,-184.47110909790985,4727.787759184113,Perobal
4118857,3.0,2024,2300.0,8525.661091541895,6225.661091541895,6225.661091541895,-184.47110909790985,4727.787759184113,Perobal
4118907,3.0,2015,2404.630630630658,11326.285904060833,8921.655273430175,8921.655273430175,-1318.7076986943227,13648.756488331244,Pérola
4118907,3.0,2016,2468.06094619212,20533.04716284905,18064.986216656933,18064.986216656933,-1318.7076986943227,13648.756488331244,Pérola
4118907,3.0,2017,2530.8018018018265,18037.19858150004,15506.39677969821,15506.39677969821,-1318.7076986943227,13648.756488331244,Pérola
4118907,3.0,2018,1879.144144144164,15034.554056298191,13155.409912154028,13155.409912154028,-1318.7076986943227,13648.756488331244,Pérola
4118907,3.0,2019,2294.6167345427803,19790.754898904343,17496.13816436156,17496.13816436156,-1318.7076986943227,13648.756488331244,Pérola
4118907,3.0,2020,2816.013390439636,19932.639983038847,17116.626592599212,17116.626592599212,-1318.7076986943227,13648.756488331244,Pérola
4118907,3.0,2021,1729.808391953611,10010.337009184132,8280.528617230522,8280.528617230522,-1318.7076986943227,13648.756488331244,Pérola
4118907,3.0,2022,1773.7055905220395,18568.89344338098,16795.18785285894,16795.18785285894,-1318.7076986943227,13648.756488331244,Pérola
4118907,3.0,2023,2836.780871282246,7266.452649644153,4429.671778361907,4429.671778361907,-1318.7076986943227,13648.756488331244,Pérola
4118907,3.0,2024,2700.0,19420.963695960934,16720.963695960938,16720.963695960938,-1318.7076986943227,13648.756488331244,Pérola
4119806,3.0,2015,3031.000000000088,3673.172912124176,642.1729121240883,642.1729121240883,-6.474286565446805,-822.4807450053819,Planalto
4119806,3.0,2016,3172.142076502816,2874.439755084462,-297.7023214183537,297.7023214183537,-6.474286565446805,-822.4807450053819,Planalto
4119806,3.0,2017,3346.911643835689,3443.0257079944868,96.11406415879765,96.11406415879765,-6.474286565446805,-822.4807450053819,Planalto
4119806,3.0,2018,3169.6479452055405,0.0,-3169.6479452055405,3169.6479452055405,-6.474286565446805,-822.4807450053819,Planalto
4119806,3.0,2019,3495.4801369863526,0.0,-3495.4801369863526,3495.4801369863526,-6.474286565446805,-822.4807450053819,Planalto
4119806,3.0,2020,3820.2841530055,2562.4816570276244,-1257.802495977876,1257.802495977876,-6.474286565446805,-822.4807450053819,Planalto
4119806,3.0,2021,2154.160958904135,1978.5547727287076,-175.60618617542764,175.60618617542764,-6.474286565446805,-822.4807450053819,Planalto
4119806,3.0,2022,2157.1684931506998,3408.320052287374,1251.151559136675,1251.151559136675,-6.474286565446805,-822.4807450053819,Planalto
4119806,3.0,2023,3791.850000000004,2867.98802224934,-923.8619777506638,923.8619777506638,-6.474286565446805,-822.4807450053819,Planalto
4119806,3.0,2024,4000.0,3105.8550780408345,-894.1449219591655,894.1449219591655,-6.474286565446805,-822.4807450053819,Planalto
4120655,3.0,2015,3078.066666666796,2872.929923666596,-205.13674300020057,205.13674300020057,-1.2498393993340722,378.6876215083303,Quarto Centenário
4120655,3.0,2016,3418.349362477355,3068.1775977945326,-350.1717646828224,350.1717646828224,-1.2498393993340722,378.6876215083303,Quarto Centenário
4120655,3.0,2017,3592.0387214612983,4093.957573796674,501.9188523353755,501.9188523353755,-1.2498393993340722,378.6876215083303,Quarto Centenário
4120655,3.0,2018,3143.886210045753,3996.8714921210544,852.9852820753013,852.9852820753013,-1.2498393993340722,378.6876215083303,Quarto Centenário
4120655,3.0,2019,3338.4953424658243,4259.219654490998,920.7243120251742,920.7243120251742,-1.2498393993340722,378.6876215083303,Quarto Centenário
4120655,3.0,2020,3832.597449908984,4015.8328339936265,183.2353840846431,183.2353840846431,-1.2498393993340722,378.6876215083303,Quarto Centenário
4120655,3.0,2021,2469.0231963470706,2772.349557224806,303.3263608777356,303.3263608777356,-1.2498393993340722,378.6876215083303,Quarto Centenário
4120655,3.0,2022,2771.793972602759,3881.769862287688,1109.975889684929,1109.975889684929,-1.2498393993340722,378.6876215083303,Quarto Centenário
4120655,3.0,2023,3952.318173515988,3556.037656852422,-396.2805166635658,396.2805166635658,-1.2498393993340722,378.6876215083303,Quarto Centenário
4120655,3.0,2024,3500.0,4366.299158346733,866.2991583467328,866.2991583467328,-1.2498393993340722,378.6876215083303,Quarto Centenário
4120853,3.0,2015,1876.2000000002445,1413.1962266241098,-463.0037733761346,463.0037733761346,-2.9106938070747854,-296.976008827074,Quatro Pontes
4120853,3.0,2016,2497.878688524823,1645.745647956756,-852.1330405680669,852.1330405680669,-2.9106938070747854,-296.976008827074,Quatro Pontes
4120853,3.0,2017,2936.160000000209,1307.4033986594218,-1628.7566013407877,1628.7566013407877,-2.9106938070747854,-296.976008827074,Quatro Pontes
4120853,3.0,2018,2076.6093150686797,1593.6348524172226,-482.97446265145663,482.97446265145663,-2.9106938070747854,-296.976008827074,Quatro Pontes
4120853,3.0,2019,2304.1545205481084,1112.2149688112588,-1191.9395517368496,1191.9395517368496,-2.9106938070747854,-296.976008827074,Quatro Pontes
4120853,3.0,2020,3085.8251366121617,2685.941452007759,-399.8836846044028,399.8836846044028,-2.9106938070747854,-296.976008827074,Quatro Pontes
4120853,3.0,2021,1747.442191780909,2935.968672965835,1188.526481184926,1188.526481184926,-2.9106938070747854,-296.976008827074,Quatro Pontes
4120853,3.0,2022,1494.9353424657882,3089.866667617252,1594.931325151464,1594.931325151464,-2.9106938070747854,-296.976008827074,Quatro Pontes
4120853,3.0,2023,2772.9106849315185,1354.510395258261,-1418.4002896732577,1418.4002896732577,-2.9106938070747854,-296.976008827074,Quatro Pontes
4120853,3.0,2024,3100.0,3783.8735093438254,683.8735093438254,683.8735093438254,-2.9106938070747854,-296.976008827074,Quatro Pontes
4121257,3.0,2015,2544.133333333477,1145.5200020837608,-1398.613331249716,1398.613331249716,-9.369389904549124,-479.7443019574357,Ramilândia
4121257,3.0,2016,2892.895446266069,2091.2574292300874,-801.6380170359821,801.6380170359821,-9.369389904549124,-479.7443019574357,Ramilândia
4121257,3.0,2017,2961.4801826485145,2360.3454997995195,-601.134682848995,601.134682848995,-9.369389904549124,-479.7443019574357,Ramilândia
4121257,3.0,2018,2514.0354337900494,5397.448125877678,2883.4126920876283,2883.4126920876283,-9.369389904549124,-479.7443019574357,Ramilândia
4121257,3.0,2019,2931.5112328767896,1955.431476823377,-976.0797560534124,976.0797560534124,-9.369389904549124,-479.7443019574357,Ramilândia
4121257,3.0,2020,3351.0582877960514,1855.813216063892,-1495.2450717321594,1495.2450717321594,-9.369389904549124,-479.7443019574357,Ramilândia
4121257,3.0,2021,1964.1587214612284,1847.8952613661163,-116.26346009511212,116.26346009511212,-9.369389904549124,-479.7443019574357,Ramilândia
4121257,3.0,2022,2223.861917808242,2700.247593041782,476.3856752335396,476.3856752335396,-9.369389904549124,-479.7443019574357,Ramilândia
4121257,3.0,2023,3318.79251141553,1503.9960433023628,-1814.7964681131675,1814.7964681131675,-9.369389904549124,-479.7443019574357,Ramilândia
4121257,3.0,2024,2976.0,2022.5294002330209,-953.4705997669794,953.4705997669794,-9.369389904549124,-479.7443019574357,Ramilândia
4121356,3.0,2015,3087.266666666779,13531.288544877803,10444.021878211024,10444.021878211024,-1131.8789585552051,8474.334626896936,Rancho Alegre D'Oeste
4121356,3.0,2016,3465.681602914491,1125.939325733071,-2339.74227718142,2339.74227718142,-1131.8789585552051,8474.334626896936,Rancho Alegre D'Oeste
4121356,3.0,2017,3627.1062557078494,21312.52821741574,17685.42196170789,17685.42196170789,-1131.8789585552051,8474.334626896936,Rancho Alegre D'Oeste
4121356,3.0,2018,2991.0804566210786,30385.318510266265,27394.238053645186,27394.238053645186,-1131.8789585552051,8474.334626896936,Rancho Alegre D'Oeste
4121356,3.0,2019,3093.531369863073,639.24814895559,-2454.283220907484,2454.283220907484,-1131.8789585552051,8474.334626896936,Rancho Alegre D'Oeste
4121356,3.0,2020,3667.821493624818,0.0,-3667.821493624818,3667.821493624818,-1131.8789585552051,8474.334626896936,Rancho Alegre D'Oeste
4121356,3.0,2021,2546.0742922374748,9485.297591223913,6939.223298986438,6939.223298986438,-1131.8789585552051,8474.334626896936,Rancho Alegre D'Oeste
4121356,3.0,2022,2934.5690410959146,16580.73418872844,13646.165147632524,13646.165147632524,-1131.8789585552051,8474.334626896936,Rancho Alegre D'Oeste
4121356,3.0,2023,3900.578858447499,4406.108240593679,505.5293821461796,505.5293821461796,-1131.8789585552051,8474.334626896936,Rancho Alegre D'Oeste
4121356,3.0,2024,3350.0,19940.593538353827,16590.593538353827,16590.593538353827,-1131.8789585552051,8474.334626896936,Rancho Alegre D'Oeste
4121406,3.0,2015,2952.26666666683,3508.237772647714,555.9711059808837,555.9711059808837,-0.2547979493988572,357.68972194234664,Realeza
4121406,3.0,2016,3330.304553734214,3483.47815690052,153.17360316630584,153.17360316630584,-0.2547979493988572,357.68972194234664,Realeza
4121406,3.0,2017,3567.0987214613183,3728.530118378431,161.43139691711258,161.43139691711258,-0.2547979493988572,357.68972194234664,Realeza
4121406,3.0,2018,3496.709223744402,3943.4333857329566,446.7241619885544,446.7241619885544,-0.2547979493988572,357.68972194234664,Realeza
4121406,3.0,2019,3721.969041095979,4086.3668453860296,364.3978042900508,364.3978042900508,-0.2547979493988572,357.68972194234664,Realeza
4121406,3.0,2020,3898.712204007353,3917.658738727683,18.946534720329964,18.946534720329964,-0.2547979493988572,357.68972194234664,Realeza
4121406,3.0,2021,2306.965388127904,3837.766930070006,1530.8015419421022,1530.8015419421022,-0.2547979493988572,357.68972194234664,Realeza
4121406,3.0,2022,2380.553972602771,3422.330777488385,1041.7768048856142,1041.7768048856142,-0.2547979493988572,357.68972194234664,Realeza
4121406,3.0,2023,3998.926118721472,3816.8800682171336,-182.04605050433796,182.04605050433796,-0.2547979493988572,357.68972194234664,Realeza
4121406,3.0,2024,3988.0,3473.7203160368504,-514.2796839631496,514.2796839631496,-0.2547979493988572,357.68972194234664,Realeza
4123501,3.0,2015,2552.466666666703,2671.3900292199564,118.92336255325336,118.92336255325336,0.1775654574614892,6.730487087869642,Santa Helena
4123501,3.0,2016,2537.166848816073,2654.918865406564,117.75201659049117,117.75201659049117,0.1775654574614892,6.730487087869642,Santa Helena
4123501,3.0,2017,2600.4559817352024,2823.3431331158504,222.887151380648,222.887151380648,0.1775654574614892,6.730487087869642,Santa Helena
4123501,3.0,2018,2027.080182648444,2653.225925429178,626.1457427807343,626.1457427807343,0.1775654574614892,6.730487087869642,Santa Helena
4123501,3.0,2019,2396.6797260274384,2656.341438474969,259.66171244753104,259.66171244753104,0.1775654574614892,6.730487087869642,Santa Helena
4123501,3.0,2020,3220.094717668514,2509.736835177312,-710.357882491202,710.357882491202,0.1775654574614892,6.730487087869642,Santa Helena
4123501,3.0,2021,1794.3281278539057,2505.030062186161,710.7019343322554,710.7019343322554,0.1775654574614892,6.730487087869642,Santa Helena
4123501,3.0,2022,1444.3852054794752,1525.8402438127744,81.45503833329917,81.45503833329917,0.1775654574614892,6.730487087869642,Santa Helena
4123501,3.0,2023,2837.9600913242084,2442.804637900742,-395.1554534234665,395.1554534234665,0.1775654574614892,6.730487087869642,Santa Helena
4123501,3.0,2024,3350.0,2385.2912483751525,-964.7087516248477,964.7087516248477,0.1775654574614892,6.730487087869642,Santa Helena
4123808,3.0,2015,2947.4000000001183,2272.232169218793,-675.1678307813254,675.1678307813254,-1.5019096318630494,279.97093611827006,Santa Izabel do Oeste
4123808,3.0,2016,3271.7628415301638,3896.83323846632,625.0703969361571,625.0703969361571,-1.5019096318630494,279.97093611827006,Santa Izabel do Oeste
4123808,3.0,2017,3541.281643835708,3006.6241697936307,-534.657474042077,534.657474042077,-1.5019096318630494,279.97093611827006,Santa Izabel do Oeste
4123808,3.0,2018,3303.3720547945977,3381.992236204861,78.62018141026329,78.62018141026329,-1.5019096318630494,279.97093611827006,Santa Izabel do Oeste
4123808,3.0,2019,3501.215890411024,3182.539041235538,-318.6768491754852,318.6768491754852,-1.5019096318630494,279.97093611827006,Santa Izabel do Oeste
4123808,3.0,2020,3961.759562841577,3731.1180114230415,-230.64155141853507,230.64155141853507,-1.5019096318630494,279.97093611827006,Santa Izabel do Oeste
4123808,3.0,2021,2426.300821917841,4147.10869463349,1720.807872715649,1720.807872715649,-1.5019096318630494,279.97093611827006,Santa Izabel do Oeste
4123808,3.0,2022,2254.281643835635,4213.46404865413,1959.1824048184956,1959.1824048184956,-1.5019096318630494,279.97093611827006,Santa Izabel do Oeste
4123808,3.0,2023,3827.330958904114,3675.64263014659,-151.68832875752423,151.68832875752423,-1.5019096318630494,279.97093611827006,Santa Izabel do Oeste
4123808,3.0,2024,4000.0,4326.860539477083,326.86053947708297,326.86053947708297,-1.5019096318630494,279.97093611827006,Santa Izabel do Oeste
4123824,3.0,2015,3441.9333333334143,7767.500594052692,4325.567260719277,4325.567260719277,-1760.6211129449948,6290.2699968182405,Santa Lúcia
4123824,3.0,2016,3409.071402550168,25255.455254335346,21846.383851785176,21846.383851785176,-1760.6211129449948,6290.2699968182405,Santa Lúcia
4123824,3.0,2017,3370.8366210046333,8022.193577829525,4651.356956824891,4651.356956824891,-1760.6211129449948,6290.2699968182405,Santa Lúcia
4123824,3.0,2018,3686.132968036588,6781.072717256732,3094.9397492201447,3094.9397492201447,-1760.6211129449948,6290.2699968182405,Santa Lúcia
4123824,3.0,2019,4040.9690410959392,6396.428850580124,2355.459809484185,2355.459809484185,-1760.6211129449948,6290.2699968182405,Santa Lúcia
4123824,3.0,2020,3556.943533697668,7185.890550641791,3628.9470169441215,3628.9470169441215,-1760.6211129449948,6290.2699968182405,Santa Lúcia
4123824,3.0,2021,3262.7315981735387,11786.096701484576,8523.365103311036,8523.365103311036,-1760.6211129449948,6290.2699968182405,Santa Lúcia
4123824,3.0,2022,3492.638904109603,12445.1047515703,8952.465847460699,8952.465847460699,-1760.6211129449948,6290.2699968182405,Santa Lúcia
4123824,3.0,2023,3516.2886757990914,5079.097553358933,1562.8088775598412,1562.8088775598412,-1760.6211129449948,6290.2699968182405,Santa Lúcia
4123824,3.0,2024,3529.0,7490.405494873034,3961.4054948730336,3961.4054948730336,-1760.6211129449948,6290.2699968182405,Santa Lúcia
4124053,3.0,2015,2576.666666666832,0.0,-2576.666666666832,2576.666666666832,-24.7367500098276,-2782.4550480326184,Santa Terezinha de Itaipu
4124053,3.0,2016,2679.6848816030742,0.0,-2679.6848816030742,2679.6848816030742,-24.7367500098276,-2782.4550480326184,Santa Terezinha de Itaipu
4124053,3.0,2017,2782.549543379131,0.0,-2782.549543379131,2782.549543379131,-24.7367500098276,-2782.4550480326184,Santa Terezinha de Itaipu
4124053,3.0,2018,2756.740182648513,0.0,-2756.740182648513,2756.740182648513,-24.7367500098276,-2782.4550480326184,Santa Terezinha de Itaipu
4124053,3.0,2019,3281.8705479452924,0.0,-3281.8705479452924,3281.8705479452924,-24.7367500098276,-2782.4550480326184,Santa Terezinha de Itaipu
4124053,3.0,2020,3505.056466302431,0.0,-3505.056466302431,3505.056466302431,-24.7367500098276,-2782.4550480326184,Santa Terezinha de Itaipu
4124053,3.0,2021,1839.7066210046196,0.0,-1839.7066210046196,1839.7066210046196,-24.7367500098276,-2782.4550480326184,Santa Terezinha de Itaipu
4124053,3.0,2022,1831.379452054824,0.0,-1831.379452054824,1831.379452054824,-24.7367500098276,-2782.4550480326184,Santa Terezinha de Itaipu
4124053,3.0,2023,3233.896118721466,0.0,-3233.896118721466,3233.896118721466,-24.7367500098276,-2782.4550480326184,Santa Terezinha de Itaipu
4124053,3.0,2024,3337.0,0.0,-3337.0,3337.0,-24.7367500098276,-2782.4550480326184,Santa Terezinha de Itaipu
4125357,3.0,2015,1952.533333333471,1775.361879964814,-177.17145336865724,177.17145336865724,-0.3745212881663349,-200.06579114991845,São Jorge do Patrocínio
4125357,3.0,2016,2189.035336976452,2186.6989022154635,-2.3364347609881406,2.3364347609881406,-0.3745212881663349,-200.06579114991845,São Jorge do Patrocínio
4125357,3.0,2017,2708.511141552629,2130.052075827075,-578.459065725554,578.459065725554,-0.3745212881663349,-200.06579114991845,São Jorge do Patrocínio
4125357,3.0,2018,2217.322557077715,2043.9316838002053,-173.3908732775094,173.3908732775094,-0.3745212881663349,-200.06579114991845,São Jorge do Patrocínio
4125357,3.0,2019,2198.084657534308,2092.141050057601,-105.94360747670636,105.94360747670636,-0.3745212881663349,-200.06579114991845,São Jorge do Patrocínio
4125357,3.0,2020,2860.1238615665325,2311.020386323029,-549.1034752435035,549.1034752435035,-0.3745212881663349,-200.06579114991845,São Jorge do Patrocínio
4125357,3.0,2021,1619.3348858447828,2152.931869466279,533.5969836214961,533.5969836214961,-0.3745212881663349,-200.06579114991845,São Jorge do Patrocínio
4125357,3.0,2022,1707.4942465753622,2126.604240273657,419.1099936982948,419.1099936982948,-0.3745212881663349,-200.06579114991845,São Jorge do Patrocínio
4125357,3.0,2023,2714.0097716895043,1749.156970902069,-964.8528007874354,964.8528007874354,-0.3745212881663349,-200.06579114991845,São Jorge do Patrocínio
4125357,3.0,2024,2500.0,2097.8928218213787,-402.1071781786213,402.1071781786213,-0.3745212881663349,-200.06579114991845,São Jorge do Patrocínio
4125456,3.0,2015,1972.0000000001744,2249.519202210013,277.51920220983857,277.51920220983857,-1.846967048213344,303.29878515672306,São José das Palmeiras
4125456,3.0,2016,2297.0163934427974,3090.854633457619,793.8382400148216,793.8382400148216,-1.846967048213344,303.29878515672306,São José das Palmeiras
4125456,3.0,2017,2595.563013698776,2540.382456225267,-55.18055747350854,55.18055747350854,-1.846967048213344,303.29878515672306,São José das Palmeiras
4125456,3.0,2018,2010.665753424774,2971.030532599408,960.364779174634,960.364779174634,-1.846967048213344,303.29878515672306,São José das Palmeiras
4125456,3.0,2019,2352.042465753541,1766.8902755618303,-585.1521901917106,585.1521901917106,-1.846967048213344,303.29878515672306,São José das Palmeiras
4125456,3.0,2020,3309.672131147628,2543.5597151766974,-766.1124159709307,766.1124159709307,-1.846967048213344,303.29878515672306,São José das Palmeiras
4125456,3.0,2021,1977.7657534247155,2707.494467837833,729.7287144131174,729.7287144131174,-1.846967048213344,303.29878515672306,São José das Palmeiras
4125456,3.0,2022,1526.3671232877,3261.839930327309,1735.4728070396095,1735.4728070396095,-1.846967048213344,303.29878515672306,São José das Palmeiras
4125456,3.0,2023,2528.4260273972604,2562.87170663774,34.44567924047942,34.44567924047942,-1.846967048213344,303.29878515672306,São José das Palmeiras
4125456,3.0,2024,2610.0,2518.06359311088,-91.93640688912,91.93640688912,-1.846967048213344,303.29878515672306,São José das Palmeiras
4125704,3.0,2015,2237.800000000163,1612.603489481981,-625.1965105181821,625.1965105181821,-0.6850088848114815,-276.79010889303885,São Miguel do Iguaçu
4125704,3.0,2016,2223.0448087433147,2129.5745338611105,-93.4702748822042,93.4702748822042,-0.6850088848114815,-276.79010889303885,São Miguel do Iguaçu
4125704,3.0,2017,2457.303698630248,1791.0882280857325,-666.2154705445153,666.2154705445153,-0.6850088848114815,-276.79010889303885,São Miguel do Iguaçu
4125704,3.0,2018,1688.1591780822966,1908.9999059305424,220.8407278482457,220.8407278482457,-0.6850088848114815,-276.79010889303885,São Miguel do Iguaçu
4125704,3.0,2019,2165.09410958914,1974.727279292412,-190.36683029672804,190.36683029672804,-0.6850088848114815,-276.79010889303885,São Miguel do Iguaçu
4125704,3.0,2020,3317.103825136676,1889.413332306009,-1427.6904928306667,1427.6904928306667,-0.6850088848114815,-276.79010889303885,São Miguel do Iguaçu
4125704,3.0,2021,1740.9310958904694,2352.49948971924,611.5683938287707,611.5683938287707,-0.6850088848114815,-276.79010889303885,São Miguel do Iguaçu
4125704,3.0,2022,1475.13178082197,2015.987494198475,540.8557133765048,540.8557133765048,-0.6850088848114815,-276.79010889303885,São Miguel do Iguaçu
4125704,3.0,2023,2518.2036986301546,1880.5889458283457,-637.6147528018089,637.6147528018089,-0.6850088848114815,-276.79010889303885,São Miguel do Iguaçu
4125704,3.0,2024,2582.0,2081.388407890195,-500.61159210980486,500.61159210980486,-0.6850088848114815,-276.79010889303885,São Miguel do Iguaçu
4125753,3.0,2015,2711.066666666796,2690.4356497446674,-20.631016922128765,20.631016922128765,-15.29538577305479,538.7924317060699,São Pedro do Iguaçu
4125753,3.0,2016,3066.431329690464,7887.730133736531,4821.298804046068,4821.298804046068,-15.29538577305479,538.7924317060699,São Pedro do Iguaçu
4125753,3.0,2017,3019.1154337900584,2781.9949626138687,-237.12047117618977,237.12047117618977,-15.29538577305479,538.7924317060699,São Pedro do Iguaçu
4125753,3.0,2018,2414.502648401917,1545.1949690506783,-869.3076793512387,869.3076793512387,-15.29538577305479,538.7924317060699,São Pedro do Iguaçu
4125753,3.0,2019,2951.1775342466394,2390.4250708879995,-560.75246335864,560.75246335864,-15.29538577305479,538.7924317060699,São Pedro do Iguaçu
4125753,3.0,2020,3422.542805100233,3032.011969809873,-390.5308352903603,390.5308352903603,-15.29538577305479,538.7924317060699,São Pedro do Iguaçu
4125753,3.0,2021,2118.3136073059745,2847.3879725441257,729.0743652381511,729.0743652381511,-15.29538577305479,538.7924317060699,São Pedro do Iguaçu
4125753,3.0,2022,2189.6624657534508,2697.7175361727946,508.0550704193438,508.0550704193438,-15.29538577305479,538.7924317060699,São Pedro do Iguaçu
4125753,3.0,2023,3310.890776255721,2117.679239010827,-1193.211537244894,1193.211537244894,-15.29538577305479,538.7924317060699,São Pedro do Iguaçu
4125753,3.0,2024,3350.0,5951.050080700587,2601.0500807005874,2601.0500807005874,-15.29538577305479,538.7924317060699,São Pedro do Iguaçu
4126355,3.0,2015,2325.0666666668258,3003.856873102488,678.7902064356622,678.7902064356622,-3.778319966885239,637.8682971574041,Serranópolis do Iguaçu
4126355,3.0,2016,2357.9285974500544,3771.3393624046776,1413.4107649546231,1413.4107649546231,-3.778319966885239,637.8682971574041,Serranópolis do Iguaçu
4126355,3.0,2017,2734.925022831198,2732.229578295248,-2.6954445359501733,2.6954445359501733,-3.778319966885239,637.8682971574041,Serranópolis do Iguaçu
4126355,3.0,2018,2135.332785388277,3299.575513771736,1164.242728383459,1164.242728383459,-3.778319966885239,637.8682971574041,Serranópolis do Iguaçu
4126355,3.0,2019,2476.6583561645057,2652.88721218725,176.22885602274437,176.22885602274437,-3.778319966885239,637.8682971574041,Serranópolis do Iguaçu
4126355,3.0,2020,3424.608378870769,3430.8243187332023,6.215939862433515,6.215939862433515,-3.778319966885239,637.8682971574041,Serranópolis do Iguaçu
4126355,3.0,2021,1897.5204566210723,3558.713534470469,1661.1930778493963,1661.1930778493963,-3.778319966885239,637.8682971574041,Serranópolis do Iguaçu
4126355,3.0,2022,1622.1035616438762,3784.137363562956,2162.03380191908,2162.03380191908,-3.778319966885239,637.8682971574041,Serranópolis do Iguaçu
4126355,3.0,2023,2736.371598173529,2151.3775664697346,-584.9940317037949,584.9940317037949,-3.778319966885239,637.8682971574041,Serranópolis do Iguaçu
4126355,3.0,2024,2924.0,2628.257072386386,-295.74292761361403,295.74292761361403,-3.778319966885239,637.8682971574041,Serranópolis do Iguaçu
4127403,3.0,2015,1634.4000000003143,2195.932784063938,561.5327840636237,561.5327840636237,0.0176591578123862,-30.96329068266791,Terra Roxa
4127403,3.0,2016,1762.1945355194166,1337.9476139193482,-424.2469216000684,424.2469216000684,0.0176591578123862,-30.96329068266791,Terra Roxa
4127403,3.0,2017,2055.0569863016144,1554.6713460296971,-500.3856402719173,500.3856402719173,0.0176591578123862,-30.96329068266791,Terra Roxa
4127403,3.0,2018,1452.6542465755404,1351.418076175591,-101.23617039994927,101.23617039994927,0.0176591578123862,-30.96329068266791,Terra Roxa
4127403,3.0,2019,1898.8816438357967,1956.992568973424,58.11092513762674,58.11092513762674,0.0176591578123862,-30.96329068266791,Terra Roxa
4127403,3.0,2020,2692.196721311638,1841.253827175048,-850.9428941365902,850.9428941365902,0.0176591578123862,-30.96329068266791,Terra Roxa
4127403,3.0,2021,1125.3473972603902,1620.2126758320692,494.865278571679,494.865278571679,0.0176591578123862,-30.96329068266791,Terra Roxa
4127403,3.0,2022,1175.100821917878,1701.9805500902153,526.8797281723373,526.8797281723373,0.0176591578123862,-30.96329068266791,Terra Roxa
4127403,3.0,2023,2183.3802739726257,2209.600808662168,26.22053468954209,26.22053468954209,0.0176591578123862,-30.96329068266791,Terra Roxa
4127403,3.0,2024,2000.0,1899.5694689470367,-100.4305310529628,100.4305310529628,0.0176591578123862,-30.96329068266791,Terra Roxa
4127700,3.0,2015,2623.7333333334536,2288.8547186047763,-334.8786147286773,334.8786147286773,0.0392349863104716,-15.708177172458296,Toledo
4127700,3.0,2016,3064.8976320583893,3007.515794757526,-57.38183730086348,57.38183730086348,0.0392349863104716,-15.708177172458296,Toledo
4127700,3.0,2017,3166.302648401906,2655.4550091042056,-510.8476392977004,510.8476392977004,0.0392349863104716,-15.708177172458296,Toledo
4127700,3.0,2018,2244.7400913242727,1794.2060042113244,-450.5340871129483,450.5340871129483,0.0392349863104716,-15.708177172458296,Toledo
4127700,3.0,2019,2668.300821917872,1999.6864708482776,-668.614351069594,668.614351069594,0.0392349863104716,-15.708177172458296,Toledo
4127700,3.0,2020,3374.0910746812942,3010.1448376354565,-363.9462370458377,363.9462370458377,0.0392349863104716,-15.708177172458296,Toledo
4127700,3.0,2021,1851.038721461221,2936.4827586245137,1085.4440371632927,1085.4440371632927,0.0392349863104716,-15.708177172458296,Toledo
4127700,3.0,2022,1922.2432876712444,2959.111580446517,1036.8682927752727,1036.8682927752727,0.0392349863104716,-15.708177172458296,Toledo
4127700,3.0,2023,3398.899908675803,3420.2607932041874,21.360884528384304,21.360884528384304,0.0392349863104716,-15.708177172458296,Toledo
4127700,3.0,2024,3600.0,3685.447780364089,85.44778036408889,85.44778036408889,0.0392349863104716,-15.708177172458296,Toledo
4127957,3.0,2015,2685.800000000163,1843.9145042559169,-841.8854957442461,841.8854957442461,-4.6720062090533565,-499.1021513514388,Tupãssi
4127957,3.0,2016,3110.432786885391,1658.744733876364,-1451.688053009027,1451.688053009027,-4.6720062090533565,-499.1021513514388,Tupãssi
4127957,3.0,2017,3326.6132876713577,2951.888302221831,-374.7249854495267,374.7249854495267,-4.6720062090533565,-499.1021513514388,Tupãssi
4127957,3.0,2018,2670.2084931507893,2212.668739217266,-457.53975393352266,457.53975393352266,-4.6720062090533565,-499.1021513514388,Tupãssi
4127957,3.0,2019,2908.1708219178927,1765.9512704025542,-1142.2195515153385,1142.2195515153385,-4.6720062090533565,-499.1021513514388,Tupãssi
4127957,3.0,2020,3258.961748633958,1652.4204934646757,-1606.5412551692823,1606.5412551692823,-4.6720062090533565,-499.1021513514388,Tupãssi
4127957,3.0,2021,1947.8023287671813,4466.713157964178,2518.910829196997,2518.910829196997,-4.6720062090533565,-499.1021513514388,Tupãssi
4127957,3.0,2022,2183.890684931545,1934.282242663458,-249.60844226808692,249.60844226808692,-4.6720062090533565,-499.1021513514388,Tupãssi
4127957,3.0,2023,3538.5132876712505,1823.9955111885768,-1714.5177764826733,1714.5177764826733,-4.6720062090533565,-499.1021513514388,Tupãssi
4127957,3.0,2024,3700.0,4028.7929708603183,328.7929708603183,328.7929708603183,-4.6720062090533565,-499.1021513514388,Tupãssi
4128005,3.0,2015,2868.933333333451,0.0,-2868.933333333451,2868.933333333451,-45.187704996842015,-2717.9768019429694,Ubiratã
4128005,3.0,2016,3279.104189435446,0.0,-3279.104189435446,3279.104189435446,-45.187704996842015,-2717.9768019429694,Ubiratã
4128005,3.0,2017,3366.1605936073984,0.0,-3366.1605936073984,3366.1605936073984,-45.187704996842015,-2717.9768019429694,Ubiratã
4128005,3.0,2018,2678.591872146195,0.0,-2678.591872146195,2678.591872146195,-45.187704996842015,-2717.9768019429694,Ubiratã
4128005,3.0,2019,2743.0505479452654,0.0,-2743.0505479452654,2743.0505479452654,-45.187704996842015,-2717.9768019429694,Ubiratã
4128005,3.0,2020,3197.566484517354,0.0,-3197.566484517354,3197.566484517354,-45.187704996842015,-2717.9768019429694,Ubiratã
4128005,3.0,2021,2146.4884474886258,0.0,-2146.4884474886258,2146.4884474886258,-45.187704996842015,-2717.9768019429694,Ubiratã
4128005,3.0,2022,2693.7964383561894,2697.9735221034407,4.177083747251345,4.177083747251345,-45.187704996842015,-2717.9768019429694,Ubiratã
4128005,3.0,2023,3724.049634703205,0.0,-3724.049634703205,3724.049634703205,-45.187704996842015,-2717.9768019429694,Ubiratã
4128005,3.0,2024,3180.0,0.0,-3180.0,3180.0,-45.187704996842015,-2717.9768019429694,Ubiratã
4128104,3.0,2015,2348.000000000014,2015.106702583794,-332.8932974162201,332.8932974162201,-2.159269133927803,-204.01001286929065,Umuarama
4128104,3.0,2016,2391.4863387978285,2421.004925068686,29.518586270857668,29.518586270857668,-2.159269133927803,-204.01001286929065,Umuarama
4128104,3.0,2017,2599.091780821932,1901.3709466223368,-697.7208341995952,697.7208341995952,-2.159269133927803,-204.01001286929065,Umuarama
4128104,3.0,2018,2033.3178082191928,2103.6081717060097,70.29036348681689,70.29036348681689,-2.159269133927803,-204.01001286929065,Umuarama
4128104,3.0,2019,1799.6808219178226,2072.086369825085,272.40554790726287,272.40554790726287,-2.159269133927803,-204.01001286929065,Umuarama
4128104,3.0,2020,2402.9508196721386,1958.2166949895384,-444.73412468260017,444.73412468260017,-2.159269133927803,-204.01001286929065,Umuarama
4128104,3.0,2021,1449.941095890411,2518.141528878636,1068.2004329882247,1068.2004329882247,-2.159269133927803,-204.01001286929065,Umuarama
4128104,3.0,2022,1776.5780821917808,2322.0258215927706,545.4477394009898,545.4477394009898,-2.159269133927803,-204.01001286929065,Umuarama
4128104,3.0,2023,2919.927397260274,1115.1639720482174,-1804.7634252120567,1804.7634252120567,-2.159269133927803,-204.01001286929065,Umuarama
4128104,3.0,2024,2700.0,1954.148882763414,-745.8511172365861,745.8511172365861,-2.159269133927803,-204.01001286929065,Umuarama
4128559,3.0,2015,2898.933333333494,3513.2226205843854,614.2892872508914,614.2892872508914,-11.53866061990694,-398.47729477311526,Vera Cruz do Oeste
4128559,3.0,2016,3062.3883424409464,4075.461623359238,1013.0732809182914,1013.0732809182914,-11.53866061990694,-398.47729477311526,Vera Cruz do Oeste
4128559,3.0,2017,3312.35305936086,2129.371845364263,-1182.981213996596,1182.981213996596,-11.53866061990694,-398.47729477311526,Vera Cruz do Oeste
4128559,3.0,2018,3048.911050228423,5255.935394858686,2207.024344630263,2207.024344630263,-11.53866061990694,-398.47729477311526,Vera Cruz do Oeste
4128559,3.0,2019,3251.8635616439174,1318.2250670088818,-1933.638494635036,1933.638494635036,-11.53866061990694,-398.47729477311526,Vera Cruz do Oeste
4128559,3.0,2020,3641.724954462725,1822.4865826838852,-1819.2383717788396,1819.2383717788396,-11.53866061990694,-398.47729477311526,Vera Cruz do Oeste
4128559,3.0,2021,2315.0507762557563,2423.3449847602865,108.29420850453016,108.29420850453016,-11.53866061990694,-398.47729477311526,Vera Cruz do Oeste
4128559,3.0,2022,2601.5950684931827,2695.300835815423,93.70576732224026,93.70576732224026,-11.53866061990694,-398.47729477311526,Vera Cruz do Oeste
4128559,3.0,2023,3620.6379908675954,1985.680356839914,-1634.9576340276813,1634.9576340276813,-11.53866061990694,-398.47729477311526,Vera Cruz do Oeste
4128559,3.0,2024,3223.0,1772.6558780807836,-1450.3441219192164,1450.3441219192164,-11.53866061990694,-398.47729477311526,Vera Cruz do Oeste
4128807,3.0,2015,2227.06666666668,1702.105992970808,-524.9606736958717,524.9606736958717,0.1840581035794348,-170.43985314733578,Xambrê
4128807,3.0,2016,2124.316575592,1284.682345429557,-839.6342301624429,839.6342301624429,0.1840581035794348,-170.43985314733578,Xambrê
4128807,3.0,2017,2249.3394063927108,2085.9939922836525,-163.3454141090583,163.3454141090583,0.1840581035794348,-170.43985314733578,Xambrê
4128807,3.0,2018,1889.8601826484205,2222.0104121484906,332.1502295000703,332.1502295000703,0.1840581035794348,-170.43985314733578,Xambrê
4128807,3.0,2019,1466.4439726027456,1160.2570792282393,-306.1868933745063,306.1868933745063,0.1840581035794348,-170.43985314733578,Xambrê
4128807,3.0,2020,1863.1985428050932,1899.0399107759165,35.84136797082306,35.84136797082306,0.1840581035794348,-170.43985314733578,Xambrê
4128807,3.0,2021,1150.6362100456574,1231.6141037213704,80.97789367571295,80.97789367571295,0.1840581035794348,-170.43985314733578,Xambrê
4128807,3.0,2022,1566.1569863013665,1964.63834528703,398.4813589856635,398.4813589856635,0.1840581035794348,-170.43985314733578,Xambrê
4128807,3.0,2023,2700.538036529679,2155.659256668625,-544.8787798610542,544.8787798610542,0.1840581035794348,-170.43985314733578,Xambrê
4128807,3.0,2024,2501.0,2328.1566095973058,-172.84339040269424,172.84339040269424,0.1840581035794348,-170.43985314733578,Xambrê
